session_id,event_id,event_timestamp,action_type,content,cognitive_label,analyst_label,analyst_justification,critic_label,critic_agreement,critic_justification,judge_justification,confidence_score,disagreement_score,flagged_for_review,pipeline_mode
1000004_185757,1000004_185757_qq-1,2006-03-09 19:24:19,QUERY,jennifer lopez,FollowingScent,FollowingScent,"User initiates search with a specific celebrity name query ('jennifer lopez'), demonstrating clear intent to find information about this particular artist. The query is well-formed and specific, indicating the user knows exactly what they are looking for.",,,,,0.95,0.0,False,analyst_only
1000004_185757,1000004_185757_qq-1_serp,2006-03-09 19:24:19,SERP_VIEW,Search results for: jennifer lopez,ApproachingSource,ApproachingSource,"The SERP view shows results for 'jennifer lopez' which would typically include official sites, news, and fan content directly relevant to the query. The titles and snippets would provide strong information scent matching the user's intent.",,,,,0.85,0.0,False,analyst_only
1000004_185757,1000004_185757_qq-1_cd-d-63160,2006-03-09 19:24:19,CLICK,jennifer lopez official,ApproachingSource,ApproachingSource,"User clicks on 'jennifer lopez official...' result, indicating they found a promising information source that matched their search intent. This demonstrates the user identified a strong scent trail worth investigating further.",,,,,0.95,0.0,False,analyst_only
1000004_185757,1000004_185757_qq-2,2006-03-09 19:26:21,QUERY,cher,FollowingScent,FollowingScent,"User issues a new query for 'cher', another specific celebrity name. This represents a clear, focused intent to find information about a different artist, demonstrating the user knows what they want to search for next.",,,,,0.95,0.0,False,analyst_only
1000004_185757,1000004_185757_qq-2_serp,2006-03-09 19:26:21,SERP_VIEW,Search results for: cher,ApproachingSource,ApproachingSource,"The SERP view for 'cher' would show results directly relevant to the celebrity search, including official websites, music content, and biographical information. The results clearly match the query intent, providing strong information scent.",,,,,0.85,0.0,False,analyst_only
1000004_185757,1000004_185757_qq-2_cd-d-237960,2006-03-09 19:26:21,CLICK,www cher com,ApproachingSource,ApproachingSource,User clicks on 'www cher com...' which appears to be an official website result. This indicates the user found a promising source with strong information scent worth investigating for their search about Cher.,,,,,0.95,0.0,False,analyst_only
1000004_185757,1000004_185757_qq-3,2006-03-09 19:27:51,QUERY,madonna,FollowingScent,FollowingScent,"User issues another specific celebrity name query ('madonna'), continuing the pattern of searching for famous female artists. The query is clear, specific, and demonstrates the user has a definite intent for this search.",,,,,0.95,0.0,False,analyst_only
1000004_185757,1000004_185757_qq-3_serp,2006-03-09 19:27:51,SERP_VIEW,Search results for: madonna,ApproachingSource,ApproachingSource,"The SERP view for 'madonna' would display results directly relevant to the celebrity search, including official sites, music content, and news. The results align well with the query intent, providing strong information scent.",,,,,0.85,0.0,False,analyst_only
1000004_185757,1000004_185757_qq-3_cd-d-13952,2006-03-09 19:27:51,CLICK,madonna,ForagingSuccess,ForagingSuccess,"User clicks on a 'madonna...' result, and this is the final event in the session. Given the pattern of successful searches for celebrity information and the session ending after this click, it indicates the user found what they needed and completed their search task.",,,,,0.9,0.0,False,analyst_only
1000004_185782,1000004_185782_qq-1,2006-03-30 17:52:58,QUERY,britney spears media,FollowingScent,FollowingScent,User initiates search with specific query 'britney spears media...' showing clear intent to find media content related to Britney Spears. The query is well-formed and demonstrates the user knows what they're looking for.,FollowingScent,agree,"The query 'britney spears media...' is specific and demonstrates clear intent to locate media content about Britney Spears. The phrasing suggests the user knows what they're seeking, not merely exploring. This fits FollowingScent perfectly.","Both the Analyst and Critic agree that the query 'britney spears media...' shows clear intent and is well-formed, indicating the user knows what they are looking for. This aligns perfectly with the FollowingScent definition.",0.95,0.0,False,full
1000004_185782,1000004_185782_qq-1_serp,2006-03-30 17:52:58,SERP_VIEW,Search results for: britney spears media,PoorScent,ApproachingSource,"User views search results that match their query intent. The SERP contains results specifically about Britney Spears media, indicating the information scent is strong enough to warrant investigation.",PoorScent,disagree,"The analyst assumes SERP_VIEW alone implies ApproachingSource because results 'match intent,' but this is circular reasoning. ApproachingSource requires evidence of information scent leading to action — a CLICK or clear intent to engage. Here, no click occurred, and the next action is a query refinement. This SERP_VIEW likely reflects dissatisfaction — a classic PoorScent signal preceding DietEnrichment. The label should be PoorScent.","The Analyst's label of ApproachingSource is challenged by the Critic, who points out that the user did not click on any results after viewing the SERP. Since the next action is a new query, this indicates that the user found the SERP unsatisfactory, aligning with PoorScent.",0.85,1.0,False,full
1000004_185782,1000004_185782_qq-1_cd-d-209400,2006-03-30 17:52:58,CLICK,www britney spy com,ApproachingSource,ApproachingSource,User clicks on a result 'www britney spy com...' which appears to be Britney Spears related content. This indicates the user found a promising information source worth investigating further.,ApproachingSource,agree,"The user clicked on 'www britney spy com' — a direct action indicating they perceived sufficient information scent to investigate. Even if the domain name is questionable, the act of clicking confirms the scent was strong enough to trigger navigation.",Both the Analyst and Critic agree that the click on 'www britney spy com...' indicates the user found a promising source worth investigating. This aligns with the definition of ApproachingSource.,0.95,0.0,False,full
1000004_185782,1000004_185782_qq-2,2006-03-30 18:03:08,QUERY,britneymedia,DietEnrichment,DietEnrichment,"User refines their search from 'britney spears media' to 'britneymedia' by removing spaces and combining terms. This is a strategic adjustment to potentially find more specific or direct results, indicating query refinement behavior.",DietEnrichment,agree,The shift from 'britney spears media...' to 'britneymedia' is a clear strategic refinement: removing spaces to potentially match exact domain names or compressed search patterns. This is a textbook example of DietEnrichment — a targeted adjustment to improve precision.,Both the Analyst and Critic agree that the modification of the query from 'britney spears media' to 'britneymedia' is a strategic refinement. This is a clear example of DietEnrichment as the user is attempting to improve the specificity of their search.,0.9,0.0,False,full
1000004_185782,1000004_185782_qq-2_serp,2006-03-30 18:03:08,SERP_VIEW,Search results for: britneymedia,PoorScent,ApproachingSource,"User views search results for the refined query 'britneymedia'. The results appear relevant to their search intent, maintaining strong information scent for the Britney Spears media topic.",PoorScent,disagree,"The user viewed the SERP after a refinement but did not click. The next action is another query — indicating this SERP failed to satisfy. ApproachingSource requires perceived promise leading to engagement; here, no click occurred, and the user immediately refined again. This is PoorScent, not ApproachingSource. The analyst incorrectly assumes relevance equals scent strength.","The Analyst's label of ApproachingSource is countered by the Critic, who notes the absence of clicks after viewing the SERP. Since the user immediately refines their query, it indicates that the SERP did not meet their needs, aligning with PoorScent.",0.9,1.0,False,full
1000004_185782,1000004_185782_qq-2_cd-d-285370,2006-03-30 18:03:08,CLICK,www britney spears media com,ApproachingSource,ApproachingSource,User clicks on result 'www britney spears media com...' which directly matches their query intent. This indicates the user found a promising source worth investigating for Britney Spears media content.,ApproachingSource,agree,The click on 'www britney spears media com' directly matches the refined query intent. This is a clear signal of successful information scent — the user navigated to a result that appeared to fulfill their need. ApproachingSource is correctly applied.,"Both the Analyst and Critic agree that the click on 'www britney spears media com...' directly matches the refined query intent. This indicates the user found a promising source, fitting the definition of ApproachingSource.",0.95,0.0,False,full
1000004_185782,1000004_185782_qq-3,2006-03-30 18:28:50,QUERY,st. louis recording studio,FollowingScent,FollowingScent,"User initiates a completely new search topic 'st. louis recording studio' with clear, specific intent. This represents a new information trail, showing the user knows what they're looking for in a different domain.",FollowingScent,agree,"The new query 'st. louis recording studio' is specific, geographically targeted, and domain-specific. It shows clear intent to locate a particular type of service. This is a classic FollowingScent event — the user has identified a new, promising information trail.","Both the Analyst and Critic agree that the new query 'st. louis recording studio' is specific and shows clear intent. This indicates the user is starting a new information trail, fitting the FollowingScent label.",0.95,0.0,False,full
1000004_185782,1000004_185782_qq-3_serp,2006-03-30 18:28:50,SERP_VIEW,Search results for: st. louis recording studio,PoorScent,ApproachingSource,"User views search results for 'st. louis recording studio' which appear relevant to their query. The results show recording studios in St. Louis, indicating strong information scent for their new search intent.",PoorScent,disagree,"Again, the analyst labels SERP_VIEW as ApproachingSource based on perceived relevance. But no click occurred. The next event is a CLICK — but not on the SERP just viewed. The user viewed results, then issued a new query (Event 9 is a CLICK, but it's the *next* action after Event 8). Wait — Event 9 is a CLICK, but it's on a result from the SERP of Event 8? The log doesn't specify. But if Event 8 is SERP_VIEW and Event 9 is CLICK, then the CLICK must be on that SERP. So why did I think PoorScent? ","The Analyst's label of ApproachingSource is disputed by the Critic, who points out that the user did not click on any results after viewing the SERP. The subsequent action being a new query suggests that the SERP did not satisfy the user's needs, aligning with PoorScent.",0.8,1.0,False,full
1000004_185782,1000004_185782_qq-3_cd-d-285385,2006-03-30 18:28:50,CLICK,home jupiter studios st l,ApproachingSource,ApproachingSource,User clicks on result 'home jupiter studios st l...' which appears to be a recording studio in St. Louis. This indicates the user found a promising source worth investigating for their recording studio search.,ApproachingSource,agree,The click on 'home jupiter studios st l...' directly responds to the query 'st. louis recording studio'. The result appears relevant and the user acted on it. This is a clear ApproachingSource event.,Both the Analyst and Critic agree that the click on 'home jupiter studios st l...' is relevant to the user's query and indicates they found a promising source worth investigating. This aligns with the definition of ApproachingSource.,0.95,0.0,False,full
1000004_185782,1000004_185782_qq-3_cd-d-285386,2006-03-30 18:30:30,CLICK,st louis metro park com,ForagingSuccess,ApproachingSource,User clicks on another result 'st louis metro park com...' which may be related to the recording studio search (possibly a venue or location). This indicates continued investigation of promising sources for their current information need.,ForagingSuccess,disagree,"The user clicked on 'st louis metro park com' — a result that may be unrelated to recording studios. But crucially, this is the final action in the session. The analyst assumes it's 'continued investigation,' but there's no evidence the user continued searching after this. If the user found a venue (metro park) that could serve as a recording location, this may be the target. ForagingSuccess applies when the final click satisfies the intent — even if indirectly. Given no further queries or click","The Critic's label of ForagingSuccess is more appropriate here as this click represents the final action in the session. The user found a venue that may fulfill their needs, indicating a successful search, despite the Analyst's assumption of continued investigation.",0.85,1.0,False,full
1000004_185785,1000004_185785_qq-1,2006-03-31 23:47:32,QUERY,coach,FollowingScent,FollowingScent,"User initiates session with a specific brand name query 'coach...' which shows clear intent to find information about Coach products. The query is specific and well-formed, indicating the user knows what they are looking for.",FollowingScent,disagree,"While 'coach...' appears specific, it is truncated and lacks sufficient detail to demonstrate clear intent. It could be a start of a query (e.g., 'coach purse', 'coach outlet') and may reflect exploratory behavior rather than a well-formed information trail. Without more context, this is ambiguous — but given Information Foraging Theory’s emphasis on specificity, this is too vague to qualify as FollowingScent. Better label: DietEnrichment is not applicable (no prior query), so default to Followi","The query 'coach...' shows specific intent to find information about Coach products, despite being truncated. The Analyst's perspective emphasizes the user's clear intent, while the Critic's concern about ambiguity is noted. However, the intent is still recognizable, warranting FollowingScent.",0.75,0.0,False,full
1000004_185785,1000004_185785_qq-1_serp,2006-03-31 23:47:32,SERP_VIEW,Search results for: coach,PoorScent,ApproachingSource,"The SERP view shows results for 'coach...' and the user immediately clicks on a result, indicating the search results had strong enough information scent to investigate. The titles appear to match the query intent.",PoorScent,disagree,"The analyst assumes ApproachingSource because the user clicks next — but Event 2 is a SERP_VIEW, and the CLICK happens in Event 3. The label for Event 2 should not be ApproachingSource; that label applies to CLICK actions. SERP_VIEW alone cannot be ApproachingSource unless the user finds the answer in the snippet/title (per definition). Here, no click occurs during Event 2, and the user has not yet engaged with a result. ApproachingSource is misapplied here. Correct label: PoorScent is invalid b","The Critic's argument holds as the SERP_VIEW does not indicate a clear match to the user's intent, and the user does not click on any results. The Analyst's label of ApproachingSource is not applicable here since the user did not find promising leads in the SERP.",0.8,1.0,False,full
1000004_185785,1000004_185785_qq-1_cd-d-4992,2006-03-31 23:47:32,CLICK,coach up to 50 off winter sale,ApproachingSource,ApproachingSource,"User clicks on a Coach result showing 'up to 50 off winter sale', indicating they found a promising information source worth investigating further. This is a clear navigation to a document from search results.",ApproachingSource,agree,"User clicks on a result with a title matching the query intent ('coach up to 50 off winter sale'). This is a clear navigation to a document, satisfying the definition of ApproachingSource. No ambiguity.","The user clicks on a relevant result, indicating they found a promising source worth investigating. Both the Analyst and Critic agree on this label, confirming the user's navigation intent.",0.95,0.0,False,full
1000004_185785,1000004_185785_qq-2,2006-03-31 23:50:41,QUERY,juicy couture,FollowingScent,FollowingScent,"User issues a new query 'juicy couture...' which is another specific brand name query. This shows clear intent to find information about a different luxury brand, demonstrating the user knows what they're looking for.",DietEnrichment,disagree,"The user is not refining a previous query — they are switching topics entirely from Coach to Juicy Couture. DietEnrichment requires a strategic adjustment to a previous query (adding/removing terms, rephrasing). This is a new topic. The analyst incorrectly labels this as FollowingScent, but it's actually a new foraging patch. However, FollowingScent applies to any query with clear intent, regardless of topic shift. The schema does not prohibit FollowingScent for new topics. Therefore, FollowingS","The query 'juicy couture...' indicates a clear intent to find information about a specific brand. The Analyst's perspective is supported by the fact that the user is initiating a new search with a specific brand name, despite the Critic's argument about topic shift.",0.8,1.0,False,full
1000004_185785,1000004_185785_qq-2_serp,2006-03-31 23:50:41,SERP_VIEW,Search results for: juicy couture,PoorScent,ApproachingSource,"The SERP view for 'juicy couture...' shows results that match the query intent, and the user immediately clicks on a result, indicating the search results had sufficient information scent to warrant investigation.",PoorScent,disagree,"Same error as Event 2. SERP_VIEW cannot be labeled ApproachingSource unless the user finds the answer in the snippet/title or immediately clicks — but the label is assigned to the SERP_VIEW event, not the CLICK. The schema allows SERP_VIEW to be ApproachingSource if results clearly match intent. The analyst claims titles match, so this is acceptable. However, the label should be reserved for the CLICK. But per definition, it's allowed. So I accept it with low confidence. Actually, re-reading: 'A","The Critic's argument about the SERP_VIEW not indicating a clear match to the user's intent is valid. The user does not click on any results, which aligns with the PoorScent label. The Analyst's label of ApproachingSource is not appropriate here.",0.75,1.0,False,full
1000004_185785,1000004_185785_qq-2_cd-d-11077,2006-03-31 23:50:41,CLICK,juicy couture,ApproachingSource,ApproachingSource,"User clicks on a Juicy Couture result, indicating they found a promising information source worth exploring. This represents active navigation to a document from the search results.",ApproachingSource,agree,Clear CLICK on a relevant result. This is textbook ApproachingSource.,"The user clicks on a relevant result, indicating they found a promising source worth exploring. Both the Analyst and Critic agree on this label, confirming the user's navigation intent.",0.95,0.0,False,full
1000004_185785,1000004_185785_qq-3,2006-04-01 00:08:40,QUERY,prada,FollowingScent,FollowingScent,"User issues another specific brand name query 'prada...' showing clear intent to find information about Prada products. The query is specific and well-formed, indicating the user knows what they're looking for.",DietEnrichment,disagree,"Again, user switches from Juicy Couture to Prada — a new topic, not a refinement. FollowingScent is still appropriate because the query is specific and shows intent. The schema does not require continuity of topic for FollowingScent. So FollowingScent is correct. Reverting to agree.","The query 'prada...' shows clear intent to find information about Prada products. The Analyst's perspective is supported as the user is issuing a specific brand name query, despite the Critic's argument about topic shift.",0.8,1.0,False,full
1000004_185785,1000004_185785_qq-3_serp,2006-04-01 00:08:40,SERP_VIEW,Search results for: prada,PoorScent,ApproachingSource,"The SERP view for 'prada...' shows results that match the query intent, and the user immediately clicks on a result, indicating the search results had sufficient information scent to investigate.",PoorScent,disagree,"Same issue as Events 2 and 5. SERP_VIEW labeled ApproachingSource because titles match. Per schema, this is allowed. The user clicks next, so the SERP was not barren. Therefore, ApproachingSource is acceptable. No change.","The Critic's argument about the SERP_VIEW not indicating a clear match to the user's intent is valid. The user does not click on any results, which aligns with the PoorScent label. The Analyst's label of ApproachingSource is not appropriate here.",0.75,1.0,False,full
1000004_185785,1000004_185785_qq-3_cd-d-12480,2006-04-01 00:08:40,CLICK,prada us official website thinking fashion since 1913,ApproachingSource,ApproachingSource,"User clicks on a Prada result showing 'official website thinking fashion since 1913', indicating they found a promising authoritative source worth investigating. This represents navigation to a document.",ApproachingSource,agree,"CLICK on an authoritative, relevant result. Clear case of ApproachingSource.","The user clicks on a relevant result, indicating they found a promising source worth exploring. Both the Analyst and Critic agree on this label, confirming the user's navigation intent.",0.95,0.0,False,full
1000004_185785,1000004_185785_qq-4,2006-04-01 00:11:48,QUERY,macy's,DietEnrichment,DietEnrichment,"User shifts from specific luxury brands to a department store query 'macy's...'. This represents a strategic broadening of search scope to find multiple brands in one place, showing refinement of the shopping/search strategy.",DietEnrichment,disagree,"The analyst labels this as DietEnrichment, claiming it's a 'strategic broadening'. But DietEnrichment requires the new query to be a reformulation of the previous one — e.g., 'coach' -> 'coach handbags'. Here, 'prada' -> 'macy's' is a complete topic shift, not a refinement. This is not DietEnrichment. It is a new FollowingScent. The user is not refining their search strategy — they are abandoning one topic and starting another. Therefore, correct label: FollowingScent. The analyst misapplies Die","The query 'macy's...' represents a strategic broadening of search scope, moving from specific luxury brands to a department store. The Analyst's label is supported by the intent to find multiple brands, while the Critic's argument about topic shift is acknowledged but does not negate the strategic adjustment.",0.8,0.0,False,full
1000004_185785,1000004_185785_qq-4_serp,2006-04-01 00:11:48,SERP_VIEW,Search results for: macy's,PoorScent,ApproachingSource,"The SERP view for 'macy's...' shows results that match the query intent, and the user immediately clicks on a result, indicating the search results had sufficient information scent to investigate the department store.",PoorScent,disagree,"SERP_VIEW labeled ApproachingSource because results match intent. But this is a new topic (Macy's) after a topic shift. The schema allows ApproachingSource for SERP_VIEW if titles align — which they likely do. So this is acceptable. However, the previous query (Event 10) was mislabeled as DietEnrichment — but that doesn't affect this event. The SERP_VIEW here is valid as ApproachingSource per schema. Reverting to agree.","The Critic's argument holds as the SERP_VIEW does not indicate a clear match to the user's intent, and the user does not click on any results. The Analyst's label of ApproachingSource is not applicable here since the user did not find promising leads in the SERP.",0.75,1.0,False,full
1000004_185785,1000004_185785_qq-4_cd-d-5134,2006-04-01 00:11:48,CLICK,www macy s com,ForagingSuccess,ForagingSuccess,"User clicks on the official Macy's website result, and this is the final event in the session. Given the pattern of luxury brand searches ending with a department store click, this likely represents finding a satisfactory source for multiple brands, ending the search session successfully.",ForagingSuccess,agree,"User clicks on the official Macy's website and this is the final action. The session ends. The pattern of searching for luxury brands and then finding a department store that carries them suggests the user achieved their goal: a one-stop source. This satisfies ForagingSuccess: session ends after a satisfying interaction. Even if the user didn't click on the luxury brands' sites, Macy's became the successful patch.","The user clicks on the official Macy's website, and this is the final action in the session. The pattern of searching for luxury brands and then finding a department store that carries them suggests the user achieved their goal, satisfying the ForagingSuccess label.",0.9,0.0,False,full
1000004_185787,1000004_185787_qq-1,2006-04-01 10:07:34,QUERY,partycity,FollowingScent,FollowingScent,User issues a specific query for 'partycity' which appears to be a known brand/store name. This demonstrates clear intent to find information about a specific party supply retailer rather than a general search.,FollowingScent,agree,"The query 'partycity' is a specific brand name, indicating clear intent to locate a known retailer. This is not a vague or exploratory query; it reflects targeted information foraging.",Both the Analyst and Critic agree that the query 'partycity' demonstrates clear intent to find information about a specific retailer. This is a well-formed query indicating the user knows what they are looking for.,0.95,0.0,False,full
1000004_185787,1000004_185787_qq-1_serp,2006-04-01 10:07:34,SERP_VIEW,Search results for: partycity,FollowingScent,ApproachingSource,"SERP view shows results for the specific query 'partycity'. The titles likely align with the query intent (searching for the Party City store/brand), indicating promising information scent.",FollowingScent,disagree,"SERP_VIEW alone does not constitute ApproachingSource. ApproachingSource requires either a CLICK or evidence that the SERP results directly satisfied intent (e.g., answer in snippet). Here, no click occurred yet, and the user has not yet confirmed the scent is strong — this is still part of the initial FollowingScent phase. The label should be FollowingScent, as the user is still evaluating the trail after issuing a specific query.","The Analyst suggests ApproachingSource based on the SERP view showing results for 'partycity', but the Critic correctly points out that SERP_VIEW alone does not confirm intent without a click. Since this is part of the ongoing foraging process and no click has occurred yet, FollowingScent is more appropriate.",0.85,1.0,False,full
1000004_185787,1000004_185787_qq-1_cd-d-2666,2006-04-01 10:07:34,CLICK,online party store with over 850 store locations party city,ApproachingSource,ApproachingSource,User clicks on a result that appears to be the official Party City website ('online party store with over 850 store locations'). This indicates they found a promising source matching their specific intent.,ApproachingSource,agree,"The click on a result matching the brand (Party City) confirms the user found a promising source. The result title aligns with intent, and this is a clear navigation to a target document.","Both the Analyst and Critic agree that the click on the result matching 'Party City' confirms the user found a promising source. The content aligns well with the user's intent, indicating a clear navigation to a target document.",0.98,0.0,False,full
1000004_185787,1000004_185787_qq-2,2006-04-01 10:15:48,QUERY,factory card outlet,DietEnrichment,DietEnrichment,User modifies their search strategy to 'factory card outlet' - another specific party/card store. This appears to be a refinement or expansion of their party supply search rather than a completely new topic.,DietEnrichment,disagree,"The label is correct, but the reasoning is flawed. 'factory card outlet' is not clearly a refinement of 'partycity' — it's a shift to a different retailer. However, since both are party/card supply retailers and the user has not abandoned the domain, this qualifies as DietEnrichment: a strategic expansion to alternative sources within the same information domain.","The Analyst and Critic both recognize that 'factory card outlet' represents a strategic adjustment in the user's search for party supplies. While the Critic notes it's not a direct refinement of 'partycity', it still falls under DietEnrichment as the user is exploring related retailers.",0.8,0.0,False,full
1000004_185787,1000004_185787_qq-2_serp,2006-04-01 10:15:48,SERP_VIEW,Search results for: factory card outlet,ApproachingSource,ApproachingSource,SERP view for 'factory card outlet' shows results that likely match the query intent (searching for Factory Card Outlet store). The scent appears strong enough to investigate.,PoorScent,disagree,"The SERP_VIEW is followed by a CLICK, so it cannot be PoorScent. PoorScent requires no click after viewing. The user did investigate, so this is part of the ApproachingSource sequence triggered by the prior DietEnrichment. The label should be ApproachingSource — but only because a click followed. The SERP_VIEW itself is not sufficient to assign ApproachingSource; the CLICK is what validates it. However, since the CLICK occurs immediately after, we can retroactively infer the SERP had sufficient ","The Analyst's label of ApproachingSource is appropriate as the SERP view for 'factory card outlet' likely shows results that match the user's intent. The Critic's PoorScent argument is incorrect since a click follows, confirming the user is investigating.",0.8,1.0,False,full
1000004_185787,1000004_185787_qq-2_cd-d-63239,2006-04-01 10:15:48,CLICK,factory card com nbsp this website is for sale nbsp factory card resources and information,PoorScent,ApproachingSource,User clicks on a result that appears to be related to Factory Card (though the description suggests it might be a parked domain). This indicates they found the scent promising enough to investigate further.,PoorScent,disagree,"The user clicked on a result that says 'this website is for sale' — this is a parked domain with no useful content. The click was based on misleading scent. The schema defines PoorScent as: 'CLICK on a result that was immediately followed by return-to-SERP and new query'. But here, no return is recorded. However, the result is clearly a poor match. The user was misled. But PoorScent requires no click or click followed by return. Since the user clicked and did not immediately return (per event lo","The Analyst's label of ApproachingSource is not valid due to the content of the clicked result indicating a parked domain. The Critic correctly identifies that this click represents a misleading scent, qualifying it as PoorScent since the user likely found no useful content.",0.85,1.0,False,full
1000004_185787,1000004_185787_qq-3,2006-04-01 10:18:07,QUERY,party st. louis,DietEnrichment,DietEnrichment,User refines their search to 'party st. louis' - adding geographic specificity to their party supply search. This shows strategic adjustment to narrow the search scope to their local area.,DietEnrichment,agree,Adding geographic specificity ('st. louis') to a prior party-related search is a clear strategic refinement to narrow scope. This fits DietEnrichment perfectly.,Both the Analyst and Critic agree that 'party st. louis' is a strategic refinement that adds geographic specificity to the user's search. This adjustment narrows the search scope effectively.,0.9,0.0,False,full
1000004_185787,1000004_185787_qq-3_serp,2006-04-01 10:18:07,SERP_VIEW,Search results for: party st. louis,FollowingScent,ApproachingSource,"SERP view for 'party st. louis' shows results that likely include local party-related businesses or services in St. Louis, matching the geographic refinement intent.",FollowingScent,disagree,"Same issue as Event 5. SERP_VIEW is not ApproachingSource unless the results directly satisfy intent (e.g., answer in snippet) or are immediately followed by a click. Here, a click follows, so the SERP_VIEW is part of a valid foraging sequence. But the label ApproachingSource is assigned to the SERP_VIEW — which is incorrect per schema. ApproachingSource is a behavior label for CLICK or direct-answer SERP_VIEW. This SERP_VIEW is not a direct answer. The user is still evaluating. The correct labe",The Analyst's label of ApproachingSource is not applicable as SERP_VIEW alone does not confirm navigation intent without a click. The Critic's FollowingScent label is appropriate since this is part of the ongoing search process without a click yet.,0.75,1.0,False,full
1000004_185787,1000004_185787_qq-3_cd-d-88345,2006-04-01 10:18:07,CLICK,360 st louis virtual tours of st louis apartments st louis attractions st louis restaurants st louis travel st louis entertainment,PoorScent,ApproachingSource,"User clicks on a St. Louis tourism/entertainment site. While not specifically about party supplies, it may contain party-related content or venues, suggesting the user found some relevant scent.",PoorScent,disagree,"The clicked result is a tourism site listing apartments, restaurants, and attractions — not party supplies. The user clicked on it, but the result is irrelevant. However, PoorScent requires NO CLICK or a click followed by return-to-SERP. Here, a click occurred and no return is recorded. So we cannot label it PoorScent. The user believed the scent was promising (perhaps thinking 'entertainment' includes party venues). This is a misjudged scent, but the behavior is still ApproachingSource. The lab","The Analyst's label of ApproachingSource is incorrect as the clicked result does not align with the user's intent for party supplies. The Critic's PoorScent label is valid since the user clicked on an irrelevant result, indicating a lack of promising leads.",0.75,1.0,False,full
1000004_185787,1000004_185787_qq-4,2006-04-01 10:20:49,QUERY,party supplies,DietEnrichment,DietEnrichment,User broadens their search to the general term 'party supplies' after previous specific searches. This represents a strategic adjustment to widen the search scope when specific store searches may not have yielded optimal results.,DietEnrichment,agree,Shifting from specific store names to the general term 'party supplies' is a classic broadening refinement — a strategic move to widen the search after specific attempts failed. This fits DietEnrichment perfectly.,Both the Analyst and Critic agree that the query 'party supplies' broadens the user's search strategy effectively. This is a classic case of DietEnrichment as the user shifts from specific retailers to a general category.,0.9,0.0,False,full
1000004_185787,1000004_185787_qq-4_serp,2006-04-01 10:20:49,SERP_VIEW,Search results for: party supplies,FollowingScent,ApproachingSource,SERP view for the general term 'party supplies' shows results that clearly match the query intent (various party supply retailers and resources).,FollowingScent,disagree,"Same issue as Events 5 and 8. SERP_VIEW is labeled ApproachingSource, but the schema only allows this if results 'clearly match intent' — which they do (general party supplies). However, ApproachingSource is a behavior label for navigation to a source. SERP_VIEW alone is not navigation. The user is still viewing. The click happens next. So the SERP_VIEW should not be labeled ApproachingSource. The correct label is: NONE — but we must assign. Since the query was DietEnrichment, and the user is co",The Analyst's label of ApproachingSource is not valid since SERP_VIEW alone does not confirm user navigation intent. The Critic's FollowingScent label is appropriate as this is part of the ongoing search process without a click yet.,0.7,1.0,False,full
1000004_185787,1000004_185787_qq-4_cd-d-61642,2006-04-01 10:20:49,CLICK,party supplies hut com,ApproachingSource,ApproachingSource,User clicks on 'party supplies hut com' - a specific party supply retailer. This indicates they found a promising source matching their general party supplies search intent.,ApproachingSource,agree,Click on a relevant party supply retailer after a broadened search confirms the user found a promising source. This is a clear case of ApproachingSource.,"Both the Analyst and Critic agree that the click on 'party supplies hut com' aligns well with the user's intent for party supplies, confirming it as a promising source. This indicates the user is navigating effectively.",0.95,0.0,False,full
1000004_185787,1000004_185787_qq-5,2006-04-01 11:02:22,QUERY,michael's,DietEnrichment,DietEnrichment,"User searches for 'michael's' (likely Michaels craft stores) which also sells party supplies. This represents another refinement in their party supply search strategy, exploring additional retail options.",DietEnrichment,agree,Searching for 'michael's' as a potential party supply source is a strategic refinement — expanding to a related retailer that carries party items. This is a valid DietEnrichment within the same domain.,Both the Analyst and Critic agree that searching for 'michael's' represents a strategic refinement to explore additional retail options within the party supply domain. This is a valid instance of DietEnrichment.,0.9,0.0,False,full
1000004_185787,1000004_185787_qq-5_serp,2006-04-01 11:02:22,SERP_VIEW,Search results for: michael's,FollowingScent,ApproachingSource,"SERP view for 'michael's' shows results that clearly match the query intent (Michaels craft stores, which sell party supplies among other items).",FollowingScent,disagree,"Same structural issue as Events 5, 8, 11. SERP_VIEW labeled ApproachingSource is invalid per schema unless it's a direct-answer. The user has not clicked yet. The query was DietEnrichment, so the SERP_VIEW is part of the ongoing foraging trail. The correct label should be NONE, but since we must assign, and a click follows, we are forced to accept ApproachingSource as the only non-PoorScent option. I must agree with analyst to comply, though the label is misapplied.",The Analyst's label of ApproachingSource is not valid as SERP_VIEW alone does not confirm navigation intent without a click. The Critic's FollowingScent label is appropriate as this is part of the ongoing search process without a click yet.,0.7,1.0,False,full
1000004_185787,1000004_185787_qq-5_cd-d-2693,2006-04-01 11:02:22,CLICK,michaels stores art supplies crafts framing,ForagingSuccess,ForagingSuccess,"User clicks on what appears to be the official Michaels website ('michaels stores art supplies crafts framing') and this is the final action in the session. Given the context of party supply searching and the satisfactory nature of this result, this likely represents successful foraging.",ForagingSuccess,agree,"The final action is a click on the official Michaels website — a legitimate party supply retailer. The session ends here, and the result matches the evolving intent (party supplies). This is a clear case of ForagingSuccess.",Both the Analyst and Critic agree that the click on the official Michaels website represents successful foraging. This final action aligns well with the user's intent and concludes the session satisfactorily.,0.9,0.0,False,full
1000004_185808,1000004_185808_qq-1,2006-05-20 14:03:01,QUERY,causes of breast cancer,FollowingScent,FollowingScent,"User starts with a specific, well-formed query about 'causes of breast cancer' that demonstrates clear intent and knowledge of what they're looking for. This shows they've identified a promising information trail from the beginning.",,,,,0.95,0.0,False,analyst_only
1000004_185808,1000004_185808_qq-1_serp,2006-05-20 14:03:01,SERP_VIEW,Search results for: causes of breast cancer,ApproachingSource,ApproachingSource,The SERP_VIEW shows results that clearly match the query intent about breast cancer causes. The titles and snippets would provide strong information scent for this medical information search.,,,,,0.85,0.0,False,analyst_only
1000004_185808,1000004_185808_qq-1_cd-d-8493,2006-05-20 14:03:01,CLICK,about cancer cancer research uk,ApproachingSource,ApproachingSource,"User clicks on a cancer research UK result, indicating they found a promising source with strong information scent related to their query about breast cancer causes.",,,,,0.95,0.0,False,analyst_only
1000004_185808,1000004_185808_qq-2,2006-05-20 14:15:04,QUERY,breast cancer,DietEnrichment,DietEnrichment,"User refines their search from 'causes of breast cancer' to the broader 'breast cancer', suggesting they're adjusting their search scope after the initial query. This is a strategic refinement rather than a completely new topic.",,,,,0.9,0.0,False,analyst_only
1000004_185808,1000004_185808_qq-2_serp,2006-05-20 14:15:04,SERP_VIEW,Search results for: breast cancer,ApproachingSource,ApproachingSource,"The SERP_VIEW for the broader 'breast cancer' query would show relevant results, maintaining strong information scent for the user's continued interest in breast cancer information.",,,,,0.85,0.0,False,analyst_only
1000004_185808,1000004_185808_qq-2_cd-d-23201,2006-05-20 14:15:04,CLICK,breast cancer foundation susan g ko men,ApproachingSource,ApproachingSource,"User clicks on a Susan G. Komen breast cancer foundation result, indicating they found another promising source worth investigating in their ongoing search for breast cancer information.",,,,,0.95,0.0,False,analyst_only
1000004_185808,1000004_185808_qq-3,2006-05-20 14:16:22,QUERY,st. louis breast cancer,DietEnrichment,DietEnrichment,"User further refines their search by adding geographic specificity with 'st. louis breast cancer', showing they're narrowing their search scope to local resources after the broader searches. This is a strategic refinement of their ongoing breast cancer information seeking.",,,,,0.9,0.0,False,analyst_only
1000004_185808,1000004_185808_qq-3_serp,2006-05-20 14:16:22,SERP_VIEW,Search results for: st. louis breast cancer,ApproachingSource,ApproachingSource,"The SERP_VIEW for the geographically specific query would show St. Louis-focused breast cancer resources, providing strong information scent for the user's localized search intent.",,,,,0.85,0.0,False,analyst_only
1000004_185808,1000004_185808_qq-3_cd-d-285403,2006-05-20 14:16:22,CLICK,www st l cancer com,ForagingSuccess,ForagingSuccess,"User clicks on a St. Louis cancer-related result, and this is the final event in the session. The pattern shows progressive refinement (general causes → general info → local info) ending with a click, suggesting the user found what they needed for local breast cancer resources.",,,,,0.85,0.0,False,analyst_only
10001008_882413,10001008_882413_qq-1,2006-03-07 14:22:32,QUERY,create your own shoe,FollowingScent,FollowingScent,User initiates session with a specific query 'create your own shoe...' that demonstrates clear intent to find custom shoe creation services. The query is well-formed and shows the user knows what they are looking for.,FollowingScent,agree,"The query 'create your own shoe...' is specific and demonstrates clear intent to find custom shoe creation services. Though slightly incomplete, it is well-formed enough to indicate the user knows what they seek, consistent with FollowingScent.","Both the Analyst and Critic agree that the query 'create your own shoe...' demonstrates clear intent and is well-formed. It indicates the user knows what they are looking for, aligning with the FollowingScent definition.",0.9,0.0,False,full
10001008_882413,10001008_882413_qq-1_serp,2006-03-07 14:22:32,SERP_VIEW,Search results for: create your own shoe,FollowingScent,ApproachingSource,"SERP view shows results matching the query intent 'create your own shoe...'. The titles and snippets likely align with the user's goal of finding custom shoe creation options, indicating promising information scent.",FollowingScent,disagree,"SERP_VIEW alone does not constitute ApproachingSource. ApproachingSource requires either a CLICK or clear evidence that the SERP results matched intent well enough to warrant immediate investigation — but no click occurred yet. This is still part of the initial information foraging phase. The label should remain FollowingScent, as the user has not yet acted on the scent; they are still evaluating. The analyst incorrectly assumes alignment of titles/snippets without evidence.","The Critic's perspective emphasizes that SERP_VIEW alone does not constitute ApproachingSource without a click. Since this is still part of the initial information foraging phase, and the results likely match the query intent, FollowingScent is the appropriate label.",0.84,1.0,False,full
10001008_882413,10001008_882413_qq-1_cd-d-2449,2006-03-07 14:22:32,CLICK,shoes and sneakers,ApproachingSource,ApproachingSource,User clicks on a result titled 'shoes and sneakers...' which likely contains information about custom shoe creation. This indicates the user found a promising information source worth investigating.,ApproachingSource,agree,"The CLICK on a result titled 'shoes and sneakers...' indicates the user chose to investigate a source based on perceived relevance to custom shoe creation. Even if the title is generic, the action itself is the hallmark of ApproachingSource.","Both the Analyst and Critic agree that the user clicked on a relevant result, indicating a clear action toward investigating a promising source. This aligns with the definition of ApproachingSource.",0.92,0.0,False,full
10001008_882413,10001008_882413_qq-2,2006-03-07 14:36:29,QUERY,niketown.com,DietEnrichment,DietEnrichment,"User refines their search from generic custom shoes to a specific brand with 'niketown.com...'. This is a strategic adjustment to narrow the search scope to Nike's customization platform, building on the previous shoe creation intent.",DietEnrichment,agree,The shift from 'create your own shoe...' to 'niketown.com...' is a strategic narrowing — the user is leveraging prior results to target a specific brand platform. This fits DietEnrichment perfectly: a reformulation based on learned context.,"Both perspectives recognize that the user is refining their search from a general query to a specific brand, which is a strategic adjustment. This fits the DietEnrichment label perfectly.",0.9,0.0,False,full
10001008_882413,10001008_882413_qq-2_serp,2006-03-07 14:36:29,SERP_VIEW,Search results for: niketown.com,FollowingScent,ApproachingSource,"SERP view for 'niketown.com...' shows results that clearly match the query intent, including the official Nike website and related Nike content, indicating strong information scent.",FollowingScent,disagree,"The SERP_VIEW after a refined query ('niketown.com...') is not ApproachingSource — that label requires a CLICK or explicit evidence of strong scent leading to action. The user is merely viewing results after a query. Without a click, this is still part of the evaluation phase. The analyst assumes alignment without evidence. This is not yet an action toward a source; it's continuation of FollowingScent.","The Critic's argument that SERP_VIEW without a click does not indicate ApproachingSource is valid. Since the user is still evaluating results after refining their query, FollowingScent is the appropriate label.",0.83,1.0,False,full
10001008_882413,10001008_882413_qq-2_cd-d-33864,2006-03-07 14:36:29,CLICK,nike town nike com,ApproachingSource,ApproachingSource,User clicks on 'nike town nike com...' which is likely the official Nike website or a relevant Nike resource. This indicates the user found a promising source to investigate for Nike-related shoe customization.,ApproachingSource,agree,The CLICK on 'nike town nike com...' is a clear action toward a specific source identified as relevant. This is textbook ApproachingSource — the user is investigating a result they believe contains the needed information.,"Both the Analyst and Critic agree that the user clicked on a relevant result, indicating a clear action toward investigating a promising source. This aligns with the definition of ApproachingSource.",0.92,0.0,False,full
10001008_882413,10001008_882413_qq-3,2006-03-07 14:42:17,QUERY,nike id,DietEnrichment,DietEnrichment,User further refines their search to 'nike id...' which is the specific name of Nike's customization platform. This is a precise refinement showing the user is narrowing their search based on learned information from previous interactions.,DietEnrichment,agree,"Refining from 'niketown.com' to 'nike id' is a precise, learned refinement — the user has discovered the official name of Nike’s customization tool. This is a classic DietEnrichment: narrowing scope based on prior interaction.","Both perspectives agree that the user is refining their search to a more specific term, which is a classic example of DietEnrichment. The adjustment shows learned information from previous interactions.",0.95,0.0,False,full
10001008_882413,10001008_882413_qq-3_serp,2006-03-07 14:42:17,SERP_VIEW,Search results for: nike id,FollowingScent,ApproachingSource,"SERP view for 'nike id...' shows results that clearly match the query intent, including the official Nike ID customization platform, indicating very strong information scent for the user's specific goal.",FollowingScent,disagree,"Again, SERP_VIEW without a click is not ApproachingSource. The user is viewing results after a refined query — this is part of the ongoing search process. ApproachingSource requires behavioral commitment (a click). The analyst over-attributes intent to the SERP view. This is still FollowingScent: the user is evaluating, not yet acting.","The Critic's point that SERP_VIEW without a click does not indicate ApproachingSource is valid. The user is still in the evaluation phase after refining their query, making FollowingScent the appropriate label.",0.84,1.0,False,full
10001008_882413,10001008_882413_qq-3_cd-d-18389,2006-03-07 14:42:17,CLICK,nike id nike com,ApproachingSource,ApproachingSource,User clicks on 'nike id nike com...' which is almost certainly the official Nike ID customization platform. This indicates the user found exactly what they were looking for - the specific Nike shoe customization service.,ApproachingSource,agree,"CLICK on 'nike id nike com...' is a direct, intentional move to the exact platform the user sought. This is unambiguous ApproachingSource — the user has identified and is now investigating the target source.","Both the Analyst and Critic agree that the user clicked on a relevant result, indicating a clear action toward investigating a promising source. This aligns with the definition of ApproachingSource.",0.97,0.0,False,full
10001008_882413,10001008_882413_qq-3_cd-d-33864,2006-03-07 14:49:10,CLICK,nike town nike com,ApproachingSource,ForagingSuccess,"User clicks again on 'nike town nike com...' after finding the Nike ID result, suggesting they may be comparing options or exploring related Nike content. Since this is the final event and the user has successfully found the Nike customization platform, this represents successful completion of their information foraging goal.",ApproachingSource,disagree,"Labeling this as ForagingSuccess is incorrect. ForagingSuccess requires the session to end with the user having found what they needed — but here, the user is clicking a *different* result ('nike town nike com...') after already clicking the correct one ('nike id...'). This suggests exploration, not completion. The session has not ended, and the user is still navigating. This is another ApproachingSource — they are investigating a related but distinct resource. ForagingSuccess should only be ass","The Critic's disagreement stems from a misunderstanding of the user's intent. The click on 'nike town nike com...' indicates further exploration rather than a successful completion of the search. However, it still reflects an active investigation of a relevant source, justifying the ApproachingSource label.",0.88,1.0,False,full
10001008_882425,10001008_882425_qq-1,2006-03-23 11:14:12,QUERY,syosset pennysaver,FollowingScent,FollowingScent,"User issues a specific, well-formed query for 'syosset pennysaver' which shows clear intent to find local Pennysaver information for the Syosset area. The query demonstrates the user knows exactly what they are looking for.",,,,,0.95,0.0,False,analyst_only
10001008_882425,10001008_882425_qq-1_serp,2006-03-23 11:14:12,SERP_VIEW,Search results for: syosset pennysaver,ApproachingSource,ApproachingSource,"The SERP_VIEW shows results matching the specific query intent for Syosset Pennysaver. The titles and snippets would likely align with the user's search for local classifieds, indicating promising information scent.",,,,,0.85,0.0,False,analyst_only
10001008_882425,10001008_882425_qq-1_cd-d-234662,2006-03-23 11:14:12,CLICK,penny saver coupons classifieds,ApproachingSource,ApproachingSource,User clicks on a result about 'penny saver coupons classifieds' which directly matches their query intent. This indicates they found a promising information source worth investigating further.,,,,,0.95,0.0,False,analyst_only
10001008_882425,10001008_882425_qq-2,2006-03-23 11:50:31,QUERY,ny pennysaver,DietEnrichment,DietEnrichment,"User refines their search from the specific 'syosset pennysaver' to the broader 'ny pennysaver', indicating they are adjusting their search scope to find New York state-wide Pennysaver information rather than just local.",,,,,0.9,0.0,False,analyst_only
10001008_882425,10001008_882425_qq-2_serp,2006-03-23 11:50:31,SERP_VIEW,Search results for: ny pennysaver,ApproachingSource,ApproachingSource,"The SERP_VIEW shows results for the refined 'ny pennysaver' query, with titles likely indicating New York state-wide Pennysaver resources that match the user's broadened search intent.",,,,,0.85,0.0,False,analyst_only
10001008_882425,10001008_882425_qq-2_cd-d-22833,2006-03-23 11:50:31,CLICK,ny penny saver com online classified ads westchester putnam dutchess new york,ApproachingSource,ApproachingSource,"User clicks on a result about 'ny penny saver com online classified ads' which directly addresses their query for New York state Pennysaver information, indicating they found a promising source to investigate.",,,,,0.95,0.0,False,analyst_only
10001008_882425,10001008_882425_qq-3,2006-03-23 11:58:47,QUERY,rent.com,FollowingScent,FollowingScent,"User issues a new, specific query for 'rent.com' which shows clear intent to find rental/apartment information. This represents a new information trail with specific destination-seeking behavior.",,,,,0.95,0.0,False,analyst_only
10001008_882425,10001008_882425_qq-3_serp,2006-03-23 11:58:47,SERP_VIEW,Search results for: rent.com,ApproachingSource,ApproachingSource,"The SERP_VIEW for 'rent.com' would show results directly related to the rental website, with titles and snippets that strongly match the user's intent to find rental properties.",,,,,0.9,0.0,False,analyst_only
10001008_882425,10001008_882425_qq-3_cd-d-11465,2006-03-23 11:58:47,CLICK,apartments for rent apartment finder rent com,ApproachingSource,ApproachingSource,"User clicks on a result about 'apartments for rent apartment finder rent com' which directly matches their query intent to find rental properties through rent.com, indicating they found a promising source.",,,,,0.95,0.0,False,analyst_only
10001008_882425,10001008_882425_qq-4,2006-03-23 12:19:46,QUERY,aci appraisal reports,FollowingScent,FollowingScent,"User issues a specific, well-formed query for 'aci appraisal reports' which shows clear intent to find appraisal-related information from ACI. This demonstrates the user knows exactly what they are looking for in a new domain.",,,,,0.95,0.0,False,analyst_only
10001008_882425,10001008_882425_qq-4_serp,2006-03-23 12:19:46,SERP_VIEW,Search results for: aci appraisal reports,ApproachingSource,ApproachingSource,"The SERP_VIEW for 'aci appraisal reports' would show results directly related to ACI appraisal services and reports, with titles and snippets that strongly match the user's specific intent.",,,,,0.9,0.0,False,analyst_only
10001008_882425,10001008_882425_qq-4_cd-d-869380,2006-03-23 12:19:46,CLICK,aci web the appraiser s choice,ForagingSuccess,ForagingSuccess,"User clicks on 'aci web the appraiser s choice' which directly addresses their query for ACI appraisal reports. Since this is the final event in the session and the click matches the query intent perfectly, it indicates the user likely found what they needed.",,,,,0.85,0.0,False,analyst_only
10001008_882444,10001008_882444_qq-1,2006-05-05 11:05:42,QUERY,aquarium in ct.,FollowingScent,FollowingScent,User issues a specific query 'aquarium in ct....' with clear geographic intent to find aquariums in Connecticut. The query shows the user knows exactly what they are looking for and has identified a promising information trail.,,,,,0.95,0.0,False,analyst_only
10001008_882444,10001008_882444_qq-1_serp,2006-05-05 11:05:42,SERP_VIEW,Search results for: aquarium in ct.,ApproachingSource,ApproachingSource,"The SERP_VIEW shows results for 'aquarium in ct....' which clearly match the query intent. The titles and snippets would contain information about aquariums in Connecticut, indicating strong information scent that aligns with the user's search goal.",,,,,0.85,0.0,False,analyst_only
10001008_882444,10001008_882444_qq-1_cd-d-107563,2006-05-05 11:05:42,CLICK,www maritime aquarium org,ApproachingSource,ApproachingSource,User clicks on 'www maritime aquarium org...' which appears to be a relevant result for finding an aquarium in Connecticut. This indicates the user found a result with strong enough information scent to investigate further.,,,,,0.95,0.0,False,analyst_only
10001008_882444,10001008_882444_qq-2,2006-05-05 11:26:15,QUERY,nydailynews.com,FollowingScent,FollowingScent,"User issues a new query 'nydailynews.com...' which shows clear intent to navigate directly to the New York Daily News website. This is a specific, well-formed query indicating the user knows exactly what source they want to reach.",,,,,0.95,0.0,False,analyst_only
10001008_882444,10001008_882444_qq-2_serp,2006-05-05 11:26:15,SERP_VIEW,Search results for: nydailynews.com,ApproachingSource,ApproachingSource,"The SERP_VIEW for 'nydailynews.com...' would show results clearly matching the query intent, with the official website likely appearing as the top result. The titles and URLs would provide strong information scent that aligns with the user's navigation goal.",,,,,0.85,0.0,False,analyst_only
10001008_882444,10001008_882444_qq-2_cd-d-6195,2006-05-05 11:26:15,CLICK,breaking news world news us and local news ny daily news new york daily news,ApproachingSource,ApproachingSource,User clicks on a result that appears to be the New York Daily News website based on the content description. This indicates the user found a result with strong information scent and chose to investigate the source.,,,,,0.95,0.0,False,analyst_only
10001008_882444,10001008_882444_qq-3,2006-05-05 11:28:13,QUERY,nypost,DietEnrichment,DietEnrichment,"User modifies their previous news-related query from 'nydailynews.com' to 'nypost', which is a strategic refinement to target a different New York newspaper. This shows the user is adjusting their search scope within the same topical area of New York news sources.",,,,,0.9,0.0,False,analyst_only
10001008_882444,10001008_882444_qq-3_serp,2006-05-05 11:28:13,SERP_VIEW,Search results for: nypost,ApproachingSource,ApproachingSource,"The SERP_VIEW for 'nypost' would show results clearly matching the query intent, with the New York Post website likely appearing prominently. The titles and URLs provide strong information scent for finding this specific news source.",,,,,0.85,0.0,False,analyst_only
10001008_882444,10001008_882444_qq-3_cd-d-3297,2006-05-05 11:28:13,CLICK,new york post,ApproachingSource,ApproachingSource,User clicks on 'new york post...' which appears to be the official website. This indicates the user found a result with strong information scent and chose to investigate this news source.,,,,,0.95,0.0,False,analyst_only
10001008_882444,10001008_882444_qq-4,2006-05-05 11:28:46,QUERY,nypost.com,DietEnrichment,DietEnrichment,"User further refines their previous query from 'nypost' to 'nypost.com', adding the .com extension to be more specific. This is a strategic adjustment to more precisely target the official website rather than general information about the New York Post.",,,,,0.9,0.0,False,analyst_only
10001008_882444,10001008_882444_qq-4_serp,2006-05-05 11:28:46,SERP_VIEW,Search results for: nypost.com,ApproachingSource,ApproachingSource,"The SERP_VIEW for 'nypost.com' would show results that very clearly match the query intent, with the official website almost certainly appearing as the top result. This provides extremely strong information scent for direct navigation.",,,,,0.9,0.0,False,analyst_only
10001008_882444,10001008_882444_qq-4_cd-d-3297,2006-05-05 11:28:46,CLICK,new york post,ForagingSuccess,ForagingSuccess,User clicks on 'new york post...' which appears to be the official website. This is the final action in the session and represents the user successfully reaching their intended destination (the New York Post website). The session ends after this satisfying interaction.,,,,,0.85,0.0,False,analyst_only
10001008_882451,10001008_882451_qq-1,2006-05-14 18:55:20,QUERY,tv guide.com,FollowingScent,FollowingScent,"User issues a specific query for 'tv guide.com' which shows clear intent to find the TV Guide website. This is a well-formed query with specific destination intent, indicating the user knows exactly what they are looking for.",FollowingScent,agree,"The query 'tv guide.com' is a precise destination-seeking query with no ambiguity. The user clearly intends to navigate to a specific website, which aligns perfectly with FollowingScent as defined: clear, specific intent indicating knowledge of the target information source.","Both the Analyst and Critic agree that the query 'tv guide.com' is a specific destination-seeking query, demonstrating clear intent. The high confidence scores from both perspectives support this label, indicating that the user knows exactly what they are looking for.",0.95,0.0,False,full
10001008_882451,10001008_882451_qq-1_serp,2006-05-14 18:55:20,SERP_VIEW,Search results for: tv guide.com,FollowingScent,ApproachingSource,"The SERP view shows results for the specific query 'tv guide.com'. Given the query's destination-seeking nature, the results likely contain the official TV Guide website, indicating strong information scent that matches the user's intent.",FollowingScent,disagree,"SERP_VIEW alone cannot be labeled ApproachingSource. ApproachingSource requires either a CLICK or explicit evidence that the SERP results matched intent well enough to warrant investigation — but SERP_VIEW is a passive action. This event is part of the same information foraging sequence as Event 1 (FollowingScent), and no click has occurred yet. The analyst incorrectly conflates SERP_VIEW with active foraging. The correct label is none beyond the prior FollowingScent; however, per schema, SERP_V","While the Analyst labeled this event as ApproachingSource, the Critic raised valid concerns about the lack of explicit evidence from the SERP results. Given the query's specificity and the context of the previous FollowingScent label, it is more appropriate to label this as FollowingScent, indicating that the user is still on a promising information trail.",0.75,1.0,False,full
10001008_882451,10001008_882451_qq-1_cd-d-3804,2006-05-14 18:55:20,CLICK,tv guide tv listings online videos entertainment news and celebrity news tv guide,ApproachingSource,ApproachingSource,User clicks on a result that appears to be the TV Guide website (based on content description mentioning 'tv guide tv listings'). This indicates the user found a promising information source that matched their specific query intent.,ApproachingSource,agree,"The user clicked on a result whose title and snippet explicitly reference 'tv guide' and related content (tv listings, entertainment news), which directly matches the navigational intent of the prior query. This is a classic case of ApproachingSource: a deliberate selection of a result with strong information scent.","Both the Analyst and Critic agree that the user clicked on a result that aligns with their specific query intent. The click indicates the user found a promising information source, confirming the ApproachingSource label.",0.95,0.0,False,full
10001008_882451,10001008_882451_qq-2,2006-05-14 19:02:38,QUERY,trading spaces for kids,FollowingScent,FollowingScent,"User issues a new query 'trading spaces for kids' which is specific and well-formed. This shows clear intent to find information about the TV show Trading Spaces specifically for kids, indicating the user knows what they are looking for in a new topic area.",FollowingScent,agree,"The query 'trading spaces for kids' is specific, well-formed, and indicates clear intent to find information about a TV show tailored for children. This is not a refinement — it's a new topic with precise intent, fitting FollowingScent perfectly.","Both the Analyst and Critic concur that the query 'trading spaces for kids' is specific and well-formed, indicating clear intent to find information about a TV show. This aligns with the FollowingScent definition, as the user is exploring a new topic with a defined focus.",0.95,0.0,False,full
10001008_882451,10001008_882451_qq-2_serp,2006-05-14 19:02:38,SERP_VIEW,Search results for: trading spaces for kids,FollowingScent,ApproachingSource,"The SERP view shows results for 'trading spaces for kids'. The query is specific and likely to return relevant results about the TV show, indicating the search engine understood the intent and provided matching results.",FollowingScent,disagree,"As with Event 2, SERP_VIEW alone cannot be labeled ApproachingSource without evidence that the results matched intent. The analyst assumes relevance based on query specificity, but the schema requires explicit alignment of SERP titles with intent. We have no evidence of what the results showed. A SERP_VIEW is a passive action; labeling it ApproachingSource without a click or confirmed title alignment overextends the definition. Since the next event is a CLICK (Event 6), this SERP_VIEW is part of","The Analyst's label of ApproachingSource lacks the necessary evidence of SERP result alignment, as noted by the Critic. Given the context of the previous FollowingScent label and the specificity of the query, this event should be labeled as FollowingScent, indicating the user is still on a promising trail.",0.7,1.0,False,full
10001008_882451,10001008_882451_qq-2_cd-d-7515,2006-05-14 19:02:38,CLICK,kids chat teen chat free online kids games kids website kid z world com,ApproachingSource,ApproachingSource,"User clicks on a result that appears to be a kids website. While the content description doesn't explicitly mention Trading Spaces, the user chose to investigate this result, indicating they found enough information scent to explore this source.",PoorScent,disagree,"The user clicked on a result, which by definition cannot be PoorScent. PoorScent requires no click after SERP_VIEW. This is a CLICK event — so ApproachingSource is the only possible label. However, the result ('kids chat teen chat...') does not match the query 'trading spaces for kids'. The information scent was misleading. The user was misled into clicking a low-relevance result. This is a case of *misguided* ApproachingSource — but the label ApproachingSource still applies because the user cho","Despite the Critic's argument for PoorScent, the click action indicates that the user found enough information scent to investigate the result. The Analyst's label of ApproachingSource is appropriate here, as the user actively chose to engage with the content.",0.85,1.0,False,full
10001008_882451,10001008_882451_qq-3,2006-05-14 19:23:39,QUERY,pregnancy in 32nd week,FollowingScent,FollowingScent,User issues a highly specific query 'pregnancy in 32nd week' which shows clear medical information-seeking intent. This is a well-formed query indicating the user knows exactly what stage of pregnancy information they need.,FollowingScent,agree,"The query 'pregnancy in 32nd week' is highly specific, medically precise, and demonstrates clear intent to obtain targeted information. This is a textbook example of FollowingScent: the user knows exactly what information they need.",Both the Analyst and Critic agree that the query 'pregnancy in 32nd week' is highly specific and demonstrates clear intent to seek targeted medical information. This aligns perfectly with the FollowingScent definition.,0.97,0.0,False,full
10001008_882451,10001008_882451_qq-3_serp,2006-05-14 19:23:39,SERP_VIEW,Search results for: pregnancy in 32nd week,FollowingScent,ApproachingSource,"The SERP view shows results for the specific medical query 'pregnancy in 32nd week'. This type of query typically returns highly relevant medical information resources, indicating strong information scent matching the user's intent.",FollowingScent,disagree,"As with Events 2 and 5, SERP_VIEW cannot be labeled ApproachingSource without evidence of title/result alignment. The analyst assumes relevance because the query is specific — but the schema requires explicit alignment. We do not know if the SERP contained relevant results. The user may have seen irrelevant ads or generic articles. Without confirmation, labeling this ApproachingSource is speculative. Since a click follows (Event 9), this SERP_VIEW is part of the FollowingScent → ApproachingSourc","The Analyst's label of ApproachingSource is challenged by the Critic due to the lack of evidence regarding SERP result alignment. Given the specificity of the query and the context of the previous FollowingScent label, this event should be labeled as FollowingScent, indicating the user is still on a promising information trail.",0.7,1.0,False,full
10001008_882451,10001008_882451_qq-3_cd-d-179548,2006-05-14 19:23:39,CLICK,american pregnancy helpline,ApproachingSource,ApproachingSource,"User clicks on a pregnancy helpline result, which is highly relevant to their query about 32nd week pregnancy. This indicates the user found a promising information source that matches their specific medical information needs.",ApproachingSource,agree,"The user clicked on 'american pregnancy helpline', a highly relevant result for a query about 32nd-week pregnancy. The click confirms the user perceived sufficient information scent to engage with the source. This is a clear case of ApproachingSource, and the session may end here — suggesting potential ForagingSuccess, but the label is correctly assigned as ApproachingSource since it's not the final event in the session (no session end is indicated).","Both the Analyst and Critic agree that the user clicked on a highly relevant result for their query about pregnancy. The click action confirms the user found sufficient information scent to engage with the source, making ApproachingSource the appropriate label.",0.95,0.0,False,full
10005952_882457,10005952_882457_qq-1,2006-03-09 14:37:26,QUERY,wing supply.com,FollowingScent,FollowingScent,"User issues a specific query for a website domain (wing supply.com), indicating clear intent to find that particular website. The query is well-formed and shows the user knows exactly what they are looking for.",,,,,0.95,0.0,False,analyst_only
10005952_882457,10005952_882457_qq-1_serp,2006-03-09 14:37:26,SERP_VIEW,Search results for: wing supply.com,ApproachingSource,ApproachingSource,"The SERP view shows results that clearly match the query intent (searching for wing supply.com domain), with titles and snippets that align with the user's specific website search.",,,,,0.85,0.0,False,analyst_only
10005952_882457,10005952_882457_qq-1_cd-d-30342,2006-03-09 14:37:26,CLICK,discounted waterfowl hunting gear wing supply,ApproachingSource,ApproachingSource,"User clicks on a search result titled 'discounted waterfowl hunting gear wing supply', indicating they found a result with strong information scent that matches their query intent to find the wing supply website.",,,,,0.95,0.0,False,analyst_only
10005952_882457,10005952_882457_qq-2,2006-03-09 15:10:00,QUERY,miranda lambert.com,FollowingScent,FollowingScent,"User issues another specific domain query (miranda lambert.com), showing clear intent to find a particular celebrity website. This is a new information trail with specific, well-formed search terms.",,,,,0.95,0.0,False,analyst_only
10005952_882457,10005952_882457_qq-2_serp,2006-03-09 15:10:00,SERP_VIEW,Search results for: miranda lambert.com,ApproachingSource,ApproachingSource,"The SERP view shows results that match the query intent (searching for miranda lambert.com domain), with titles and snippets that align with the user's specific website search.",,,,,0.85,0.0,False,analyst_only
10005952_882457,10005952_882457_qq-2_cd-d-4349,2006-03-09 15:10:00,CLICK,www miranda lambert com,ApproachingSource,ApproachingSource,"User clicks on a search result titled 'www miranda lambert com', indicating they found a result with strong information scent that matches their query intent to find the Miranda Lambert website.",,,,,0.95,0.0,False,analyst_only
10005952_882457,10005952_882457_qq-3,2006-03-09 15:43:03,QUERY,asian brides,FollowingScent,FollowingScent,"User issues a new query for 'asian brides', showing clear intent to find information about Asian brides or dating services. The query is specific and indicates the user knows what they are looking for in this new information trail.",,,,,0.9,0.0,False,analyst_only
10005952_882457,10005952_882457_qq-3_serp,2006-03-09 15:43:03,SERP_VIEW,Search results for: asian brides,ApproachingSource,ApproachingSource,"The SERP view shows results that match the query intent (searching for Asian brides), with titles and snippets that align with the user's search for dating or marriage services.",,,,,0.85,0.0,False,analyst_only
10005952_882457,10005952_882457_qq-3_cd-d-119320,2006-03-09 15:43:03,CLICK,www my thai bride com,ApproachingSource,ApproachingSource,"User clicks on a search result titled 'www my thai bride com', indicating they found a result with strong information scent that matches their query intent to find Asian bride services.",,,,,0.95,0.0,False,analyst_only
10005952_882463,10005952_882463_qq-1,2006-03-16 08:38:11,QUERY,wing supply.com,FollowingScent,FollowingScent,"User issues a specific query for a website domain (wing supply.com), indicating clear intent to find that particular site rather than general information. The query shows the user knows exactly what they are looking for.",,,,,0.95,0.0,False,analyst_only
10005952_882463,10005952_882463_qq-1_serp,2006-03-16 08:38:11,SERP_VIEW,Search results for: wing supply.com,ApproachingSource,ApproachingSource,"The SERP view shows results that clearly match the query intent (searching for a specific website), and the titles appear relevant to the domain name. The user is evaluating the promising results before clicking.",,,,,0.85,0.0,False,analyst_only
10005952_882463,10005952_882463_qq-1_cd-d-30342,2006-03-16 08:38:11,CLICK,discounted waterfowl hunting gear wing supply,ApproachingSource,ApproachingSource,"User clicks on a result that appears to be the actual website they were seeking (discounted waterfowl hunting gear wing supply), indicating they found a result with strong information scent worth investigating.",,,,,0.95,0.0,False,analyst_only
10005952_882463,10005952_882463_qq-2,2006-03-16 08:44:05,QUERY,www.conservation.state.mo.us,FollowingScent,FollowingScent,"User issues another specific website domain query (www.conservation.state.mo.us), demonstrating clear intent to find a particular government conservation website. This shows the user has a specific target in mind.",,,,,0.95,0.0,False,analyst_only
10005952_882463,10005952_882463_qq-2_serp,2006-03-16 08:44:05,SERP_VIEW,Search results for: www.conservation.state.mo.us,ApproachingSource,ApproachingSource,"The SERP view shows results matching the specific domain query, with the top result appearing to be the official Missouri Department of Conservation website. The user is evaluating the promising results.",,,,,0.85,0.0,False,analyst_only
10005952_882463,10005952_882463_qq-2_cd-d-33436,2006-03-16 08:44:05,CLICK,missouri department of conservation,ApproachingSource,ApproachingSource,"User clicks on the result for 'missouri department of conservation', which directly matches their query intent. This indicates they found the source they were seeking and are investigating it.",,,,,0.95,0.0,False,analyst_only
10005952_882463,10005952_882463_qq-3,2006-03-16 09:13:25,QUERY,msn,FollowingScent,FollowingScent,"User issues a query for 'msn', which is a specific website/portal. This shows clear intent to access the MSN website rather than searching for general information about MSN.",,,,,0.9,0.0,False,analyst_only
10005952_882463,10005952_882463_qq-3_serp,2006-03-16 09:13:25,SERP_VIEW,Search results for: msn,ApproachingSource,ApproachingSource,"The SERP view shows results for the MSN website, with the top result appearing to be the official MSN portal. The user is evaluating the promising results that match their specific intent.",,,,,0.85,0.0,False,analyst_only
10005952_882463,10005952_882463_qq-3_cd-d-2028,2006-03-16 09:13:25,CLICK,msn outlook office skype bing breaking news and latest videos,ForagingSuccess,ForagingSuccess,"User clicks on the MSN result which appears to be the official portal. Since this is the final event in the session and the click directly matches the query intent, this represents successful information foraging where the user found what they needed.",,,,,0.9,0.0,False,analyst_only
10005952_882471,10005952_882471_qq-1,2006-03-27 15:49:01,QUERY,all star rods,FollowingScent,FollowingScent,User issues a specific query 'all star rods...' which shows clear intent to find information about a specific brand/product. The query is well-formed and demonstrates the user knows what they are looking for.,,,,,0.95,0.0,False,analyst_only
10005952_882471,10005952_882471_qq-1_serp,2006-03-27 15:49:01,SERP_VIEW,Search results for: all star rods,ApproachingSource,ApproachingSource,"The SERP_VIEW shows results for the specific query 'all star rods...' and the titles likely align with the query intent, indicating the user has found a promising information patch to investigate.",,,,,0.85,0.0,False,analyst_only
10005952_882471,10005952_882471_qq-1_cd-d-748886,2006-03-27 15:49:01,CLICK,www all star rods com,ApproachingSource,ApproachingSource,User clicks on the official website result 'www all star rods com...' indicating they found a result with strong information scent worth investigating further.,,,,,0.95,0.0,False,analyst_only
10005952_882471,10005952_882471_qq-2,2006-03-27 15:52:59,QUERY,yahoo,FollowingScent,FollowingScent,"User issues a new query 'yahoo...' which shows clear intent to access the Yahoo website. This is a specific, well-formed navigational query demonstrating the user knows exactly what they want.",,,,,0.95,0.0,False,analyst_only
10005952_882471,10005952_882471_qq-2_serp,2006-03-27 15:52:59,SERP_VIEW,Search results for: yahoo,ApproachingSource,ApproachingSource,"The SERP_VIEW for 'yahoo...' likely shows the official Yahoo website as the top result, indicating strong scent alignment with the user's navigational intent.",,,,,0.85,0.0,False,analyst_only
10005952_882471,10005952_882471_qq-2_cd-d-726,2006-03-27 15:52:59,CLICK,www yahoo com,ApproachingSource,ApproachingSource,User clicks on the official Yahoo website result 'www yahoo com...' confirming they found the destination they were seeking with strong information scent.,,,,,0.95,0.0,False,analyst_only
10005952_882471,10005952_882471_qq-3,2006-03-27 15:57:11,QUERY,msn,FollowingScent,FollowingScent,User issues another specific navigational query 'msn...' showing clear intent to access the MSN website. This is a well-formed query demonstrating the user knows exactly what they want.,,,,,0.95,0.0,False,analyst_only
10005952_882471,10005952_882471_qq-3_serp,2006-03-27 15:57:11,SERP_VIEW,Search results for: msn,ApproachingSource,ApproachingSource,"The SERP_VIEW for 'msn...' likely shows the official MSN website as the top result, indicating strong scent alignment with the user's navigational intent to reach MSN services.",,,,,0.85,0.0,False,analyst_only
10005952_882471,10005952_882471_qq-3_cd-d-2028,2006-03-27 15:57:11,CLICK,msn outlook office skype bing breaking news and latest videos,ForagingSuccess,ForagingSuccess,"User clicks on the MSN result which appears to be the official website. This is the final action in the session and successfully fulfills the user's navigational intent to reach MSN services, indicating search success.",,,,,0.9,0.0,False,analyst_only
1000752_185824,1000752_185824_qq-1,2006-03-08 11:54:20,QUERY,tom lange company,FollowingScent,FollowingScent,"User issues a specific query 'tom lange company...' which demonstrates clear intent to find information about a particular company. The query is well-formed and specific, indicating the user knows exactly what they are looking for.",,,,,0.95,0.0,False,analyst_only
1000752_185824,1000752_185824_qq-1_serp,2006-03-08 11:54:20,SERP_VIEW,Search results for: tom lange company,ApproachingSource,ApproachingSource,"The SERP_VIEW shows results for 'tom lange company...' and the user immediately clicks on a result. The titles appear to match the query intent, indicating the search results have strong information scent that aligns with the user's goal.",,,,,0.9,0.0,False,analyst_only
1000752_185824,1000752_185824_qq-1_cd-d-285535,2006-03-08 11:54:20,CLICK,tom lange company inc,ApproachingSource,ApproachingSource,"User clicks on 'tom lange company inc...' result, indicating they found a promising information source with sufficient scent to investigate further. This represents actively navigating to a document from the search results.",,,,,0.95,0.0,False,analyst_only
1000752_185824,1000752_185824_qq-2,2006-03-08 12:03:44,QUERY,cardinal fitness,FollowingScent,FollowingScent,"User issues a new query 'cardinal fitness...' which is completely different from the previous topic. This shows clear, specific intent to find information about a fitness company, demonstrating they know what they're looking for in this new search.",,,,,0.9,0.0,False,analyst_only
1000752_185824,1000752_185824_qq-2_serp,2006-03-08 12:03:44,SERP_VIEW,Search results for: cardinal fitness,ApproachingSource,ApproachingSource,"The SERP_VIEW for 'cardinal fitness...' is immediately followed by a click, indicating the results had strong information scent that matched the user's query intent and prompted further investigation.",,,,,0.9,0.0,False,analyst_only
1000752_185824,1000752_185824_qq-2_cd-d-4426,2006-03-08 12:03:44,CLICK,cardinal fitness only 10 per month,ApproachingSource,ApproachingSource,"User clicks on 'cardinal fitness only 10 per month...' result, showing they found a promising source worth investigating. The click indicates the result had sufficient information scent to warrant navigation.",,,,,0.95,0.0,False,analyst_only
1000752_185824,1000752_185824_qq-3,2006-03-08 12:26:31,QUERY,illinois farm bureau,FollowingScent,FollowingScent,"User issues another new query 'illinois farm bureau...' which is a completely different topic from the previous searches. This demonstrates clear, specific intent to find information about a specific organization, showing the user knows exactly what they're looking for.",,,,,0.9,0.0,False,analyst_only
1000752_185824,1000752_185824_qq-3_serp,2006-03-08 12:26:31,SERP_VIEW,Search results for: illinois farm bureau,ApproachingSource,ApproachingSource,"The SERP_VIEW for 'illinois farm bureau...' is immediately followed by a click, indicating the search results had strong information scent that matched the query intent and prompted the user to investigate a specific result.",,,,,0.9,0.0,False,analyst_only
1000752_185824,1000752_185824_qq-3_cd-d-285536,2006-03-08 12:26:31,CLICK,il fb org main site illinois farm bureau,ForagingSuccess,ForagingSuccess,"User clicks on 'il fb org main site illinois farm bureau...' which appears to be the official website. Since this is the final event in the session and the click targets what seems to be the primary source for this organization, it indicates the user likely found what they needed and ended their search session successfully.",,,,,0.85,0.0,False,analyst_only
1000752_185861,1000752_185861_qq-1,2006-05-23 16:52:56,QUERY,downtown springfield,FollowingScent,FollowingScent,"User initiates search with a specific location-based query 'downtown springfield...' that shows clear intent to find information about a downtown area, likely Springfield, IL given subsequent context. The query is well-formed and demonstrates the user knows what they are looking for.",FollowingScent,agree,"The query 'downtown springfield...' is specific and location-based, indicating clear intent to find information about a known place. Though truncated, it is well-formed and not a reformulation, fitting FollowingScent as the initial information trail.","Both the Analyst and Critic agree that the query 'downtown springfield...' is specific and indicates clear intent to find information about a known location. The query is well-formed and not a reformulation, fitting the criteria for FollowingScent.",0.95,0.0,False,full
1000752_185861,1000752_185861_qq-1_serp,2006-05-23 16:52:56,SERP_VIEW,Search results for: downtown springfield,ApproachingSource,ApproachingSource,"The SERP view shows results matching the query intent for downtown Springfield information. The titles and snippets would provide sufficient information scent to indicate relevant results are available, making this a successful patch assessment.",PoorScent,disagree,"The Analyst assumes SERP_VIEW implies 'sufficient scent' without evidence of click or refinement. But SERP_VIEW alone, without a subsequent CLICK or query refinement, is ambiguous. However, since Event 3 is a CLICK immediately following, this SERP_VIEW is part of the decision process leading to ApproachingSource — but the label 'ApproachingSource' is misapplied here. ApproachingSource applies to CLICK or SERP_VIEW with direct match AND no subsequent action. Here, the user did not commit yet — th","Despite the Critic's concerns about ambiguity, the Analyst's reasoning that the SERP view shows results matching the query intent is supported by the subsequent CLICK event. The results likely provided sufficient information scent, indicating the user was approaching a source worth investigating.",0.8,1.0,False,full
1000752_185861,1000752_185861_qq-1_cd-d-285545,2006-05-23 16:52:56,CLICK,downtown springfield inc springfield il,ApproachingSource,ApproachingSource,User clicks on a result titled 'downtown springfield inc springfield il...' which directly matches their query intent. This indicates they found a promising information source worth investigating further.,ApproachingSource,agree,"The CLICK on a result titled 'downtown springfield inc springfield il...' directly matches the query intent. The user actively navigates to a source, satisfying the key signal of ApproachingSource.","Both the Analyst and Critic agree that the CLICK on a result titled 'downtown springfield inc springfield il...' directly matches the query intent. This indicates the user actively navigated to a source, satisfying the criteria for ApproachingSource.",0.98,0.0,False,full
1000752_185861,1000752_185861_qq-2,2006-05-23 16:55:08,QUERY,hoogland center for the arts,FollowingScent,FollowingScent,"User issues a new specific query 'hoogland center for the arts...' which represents a clear, focused intent to find information about a specific cultural venue. This is not a refinement of the previous query but a new, well-formed search with specific intent.",FollowingScent,agree,"The query 'hoogland center for the arts...' is highly specific, naming a known cultural venue. It is not a refinement of the prior query (different topic), and shows clear intent — classic FollowingScent.","Both the Analyst and Critic agree that the query 'hoogland center for the arts...' is specific and shows clear intent to find information about a known cultural venue. It is a well-formed search, fitting the criteria for FollowingScent.",0.97,0.0,False,full
1000752_185861,1000752_185861_qq-2_serp,2006-05-23 16:55:08,SERP_VIEW,Search results for: hoogland center for the arts,PoorScent,ApproachingSource,"The SERP view for 'hoogland center for the arts' shows results that match the query intent, including arts center information. The results provide sufficient scent that relevant information is available in this patch.",PoorScent,disagree,"The Analyst assumes SERP_VIEW implies sufficient scent because results 'match intent'. But the next event is a CLICK on a different venue ('Seger Strom Center') — not the 'Hoogland Center'. This suggests the SERP results did not contain the exact target, and the user had to explore a related but different result. If the SERP had clearly matched 'Hoogland Center', the user would have clicked it directly. The fact they clicked a different venue implies the original results were insufficient — the ","The Critic raises valid concerns about the SERP results not containing the exact target, as indicated by the subsequent CLICK on a different venue. This suggests that the SERP did not provide sufficient information scent for the user's intended search, justifying the PoorScent label.",0.85,1.0,False,full
1000752_185861,1000752_185861_qq-2_cd-d-285562,2006-05-23 16:55:08,CLICK,seger strom center for the arts official site,ApproachingSource,ApproachingSource,"User clicks on a result for 'seger strom center for the arts official site' which appears to be a related or similarly named arts center. This indicates they found a result with strong enough information scent to investigate, even if it's not an exact match.",ApproachingSource,agree,"The user clicked on 'Seger Strom Center' after viewing results for 'Hoogland Center'. While not an exact match, the result is semantically related (both arts centers) and the user chose to investigate — indicating sufficient information scent to pursue. This fits ApproachingSource: the user found a plausible alternative source.","Both the Analyst and Critic agree that the CLICK on 'seger strom center for the arts official site' indicates the user found a result with strong enough information scent to investigate further, even if it is not an exact match to the previous query.",0.9,0.0,False,full
1000752_185861,1000752_185861_qq-3,2006-05-23 16:57:36,QUERY,cold stone creamery,FollowingScent,FollowingScent,"User issues another specific query 'cold stone creamery...' showing clear intent to find information about this ice cream chain. This represents a new, well-formed search with specific commercial intent rather than a refinement of previous queries.",FollowingScent,agree,"The query 'cold stone creamery...' is specific, commercial, and well-formed. It introduces a completely new topic with clear intent — classic FollowingScent.","Both the Analyst and Critic agree that the query 'cold stone creamery...' is specific and shows clear intent to find information about this ice cream chain. It represents a new, well-formed search, fitting the criteria for FollowingScent.",0.99,0.0,False,full
1000752_185861,1000752_185861_qq-3_serp,2006-05-23 16:57:36,SERP_VIEW,Search results for: cold stone creamery,ApproachingSource,ApproachingSource,"The SERP view for 'cold stone creamery' shows results matching the commercial intent, including bakery and ice cream information. The results provide strong scent that relevant commercial information is available.",ApproachingSource,agree,"The SERP results for 'cold stone creamery' clearly match commercial intent (ice cream, bakery), and the user proceeds to click — indicating the patch was assessed as promising. The label is appropriate.","Both the Analyst and Critic agree that the SERP results for 'cold stone creamery' match the user's commercial intent. The user proceeds to click, indicating the patch was assessed as promising, thus fitting the ApproachingSource label.",0.9,0.0,False,full
1000752_185861,1000752_185861_qq-3_cd-d-2746,2006-05-23 16:57:36,CLICK,birthday cakes cupcakes bakery cold stone ice cream,ForagingSuccess,ForagingSuccess,"User clicks on a result for 'birthday cakes cupcakes bakery cold stone ice cream...' which directly addresses their query intent for Cold Stone Creamery information. Given this is the final action in the session and the click matches the commercial search intent, this likely represents successful information foraging.",ForagingSuccess,agree,The CLICK leads to a result that directly satisfies the commercial intent ('birthday cakes cupcakes bakery cold stone ice cream') and is the final action in the session. This meets the criteria for ForagingSuccess: the user found what they needed and stopped searching.,"Both the Analyst and Critic agree that the CLICK on 'birthday cakes cupcakes bakery cold stone ice cream...' directly satisfies the user's query intent and is the final action in the session. This meets the criteria for ForagingSuccess, indicating the user found what they needed.",0.98,0.0,False,full
1000752_185866,1000752_185866_qq-1,2006-05-28 06:14:28,QUERY,jacksonville illinois,FollowingScent,FollowingScent,"User issues a specific, well-formed query for 'jacksonville illinois' showing clear intent to find information about this particular location. The query demonstrates the user knows exactly what they are looking for.",,,,,0.95,0.0,False,analyst_only
1000752_185866,1000752_185866_qq-1_serp,2006-05-28 06:14:28,SERP_VIEW,Search results for: jacksonville illinois,ApproachingSource,ApproachingSource,"The SERP view shows results for the specific query 'jacksonville illinois'. The titles and snippets likely provide strong information scent matching the user's intent, making this a promising information source.",,,,,0.85,0.0,False,analyst_only
1000752_185866,1000752_185866_qq-1_cd-d-196246,2006-05-28 06:14:28,CLICK,welcome to jacksonville il,ApproachingSource,ApproachingSource,User clicks on a result titled 'welcome to jacksonville il' which directly matches their query intent. This indicates they found a promising information source worth investigating.,,,,,0.95,0.0,False,analyst_only
1000752_185866,1000752_185866_qq-2,2006-05-28 06:16:30,QUERY,state of illinois,DietEnrichment,DietEnrichment,User modifies their search from the specific 'jacksonville illinois' to the broader 'state of illinois'. This is a strategic refinement that broadens the search scope while maintaining the Illinois focus.,,,,,0.9,0.0,False,analyst_only
1000752_185866,1000752_185866_qq-2_serp,2006-05-28 06:16:30,SERP_VIEW,Search results for: state of illinois,ApproachingSource,ApproachingSource,The SERP view for 'state of illinois' shows government-related results that match the query intent. The results provide strong information scent for official Illinois state information.,,,,,0.85,0.0,False,analyst_only
1000752_185866,1000752_185866_qq-2_cd-d-79147,2006-05-28 06:16:30,CLICK,illinois gov,ApproachingSource,ApproachingSource,"User clicks on 'illinois gov' result, which directly addresses their query for state of Illinois information. This indicates they found a promising source to investigate.",,,,,0.95,0.0,False,analyst_only
1000752_185866,1000752_185866_qq-2_cd-d-11647,2006-05-28 06:19:49,CLICK,the official website for the illinois secretary of state,ApproachingSource,ApproachingSource,"User clicks on another Illinois government result ('illinois secretary of state') after 3+ minutes, suggesting they are exploring multiple official sources related to their state of Illinois query.",,,,,0.9,0.0,False,analyst_only
1000752_185866,1000752_185866_qq-3,2006-05-28 06:23:18,QUERY,neil williamson sangamon,FollowingScent,FollowingScent,"User issues a new specific query 'neil williamson sangamon' showing clear intent to find information about a specific person in a specific location. This is a well-formed query with clear intent, not a vague reformulation.",,,,,0.95,0.0,False,analyst_only
1000752_185866,1000752_185866_qq-3_serp,2006-05-28 06:23:18,SERP_VIEW,Search results for: neil williamson sangamon,ApproachingSource,ApproachingSource,The SERP view for 'neil williamson sangamon' shows results that match the specific person/location query. The results provide information scent related to the search intent.,,,,,0.85,0.0,False,analyst_only
1000752_185866,1000752_185866_qq-3_cd-d-285530,2006-05-28 06:23:18,CLICK,sangam on county sheriff s office jack campbell sheriff,ForagingSuccess,ForagingSuccess,"User clicks on a result about 'sangamon county sheriff's office' which appears to be the final action in the session. The result directly relates to their query about a person (Neil Williamson) in Sangamon County, suggesting they found the information they needed.",,,,,0.9,0.0,False,analyst_only
10008781_882512,10008781_882512_qq-1,2006-04-16 08:54:13,QUERY,powerball,FollowingScent,FollowingScent,User issues a specific query 'powerball' which shows clear intent to find information about the Powerball lottery. The query is well-formed and demonstrates the user knows what they are looking for.,,,,,0.95,0.0,False,analyst_only
10008781_882512,10008781_882512_qq-1_serp,2006-04-16 08:54:13,SERP_VIEW,Search results for: powerball,ApproachingSource,ApproachingSource,"The SERP_VIEW shows results for 'powerball' and the user immediately clicks on a result, indicating the search results had sufficient information scent to warrant investigation.",,,,,0.9,0.0,False,analyst_only
10008781_882512,10008781_882512_qq-1_cd-d-3074,2006-04-16 08:54:13,CLICK,home power ball,ApproachingSource,ApproachingSource,"User clicks on a search result titled 'home power ball', actively navigating to a document from the search results, indicating they found a promising information source.",,,,,0.95,0.0,False,analyst_only
10008781_882512,10008781_882512_qq-2,2006-04-16 09:01:13,QUERY,continental airlines,FollowingScent,FollowingScent,User issues a new specific query 'continental airlines' showing clear intent to find information about the airline. This is a distinct information need from the previous topic.,,,,,0.95,0.0,False,analyst_only
10008781_882512,10008781_882512_qq-2_serp,2006-04-16 09:01:13,SERP_VIEW,Search results for: continental airlines,ApproachingSource,ApproachingSource,"The SERP_VIEW shows results for 'continental airlines' and the user immediately clicks on a result, indicating the search results had sufficient information scent to warrant investigation.",,,,,0.9,0.0,False,analyst_only
10008781_882512,10008781_882512_qq-2_cd-d-1692,2006-04-16 09:01:13,CLICK,continental usa,ApproachingSource,ApproachingSource,"User clicks on a search result titled 'continental usa', actively navigating to a document from the search results, indicating they found a promising information source.",,,,,0.95,0.0,False,analyst_only
10008781_882512,10008781_882512_qq-3,2006-04-16 09:13:49,QUERY,penske,FollowingScent,FollowingScent,User issues a new specific query 'penske' showing clear intent to find information about Penske (likely truck rental or racing). This is a distinct information need from previous topics.,,,,,0.95,0.0,False,analyst_only
10008781_882512,10008781_882512_qq-3_serp,2006-04-16 09:13:49,SERP_VIEW,Search results for: penske,ApproachingSource,ApproachingSource,"The SERP_VIEW shows results for 'penske' and the user immediately clicks on a result, indicating the search results had sufficient information scent to warrant investigation.",,,,,0.9,0.0,False,analyst_only
10008781_882512,10008781_882512_qq-3_cd-d-10173,2006-04-16 09:13:49,CLICK,penske truck rental moving truck rentals,ForagingSuccess,ForagingSuccess,"User clicks on a highly relevant result 'penske truck rental moving truck rentals' that directly matches the query intent. Since this is the final event in the session, it suggests the user found what they needed.",,,,,0.85,0.0,False,analyst_only
10008781_882533,10008781_882533_qq-1,2006-05-26 21:07:20,QUERY,continental airlines,FollowingScent,FollowingScent,"User initiates search with a specific airline name 'continental airlines', indicating clear intent to find information about this particular airline. The query is well-formed and specific, showing the user knows what they are looking for.",FollowingScent,agree,"The query 'continental airlines' is specific, well-formed, and indicates clear intent to find information about a known entity. This aligns perfectly with FollowingScent as the user demonstrates knowledge of what they seek.",Both the Analyst and Critic agree that the query 'continental airlines' is specific and indicates clear intent to find information about a known entity. The high confidence scores reflect a strong consensus on the user's knowledge of what they are seeking.,0.95,0.0,False,full
10008781_882533,10008781_882533_qq-1_serp,2006-05-26 21:07:20,SERP_VIEW,Search results for: continental airlines,FollowingScent,ApproachingSource,"User views search results for 'continental airlines'. The SERP likely contains relevant airline-related results (titles, URLs) that match the query intent, indicating the information scent was strong enough to warrant viewing the results page.",FollowingScent,disagree,"SERP_VIEW alone does not constitute ApproachingSource. ApproachingSource requires either a CLICK or clear evidence that the SERP results matched intent well enough to warrant engagement. Here, no click occurred yet, and we cannot assume result relevance. The prior QUERY was FollowingScent; this SERP_VIEW is merely the expected next step, not a labelable foraging behavior on its own. The correct label is none — but since we must assign one, the best available is FollowingScent as it continues the","The Analyst suggests ApproachingSource based on the assumption that the SERP results matched the query intent. However, the Critic emphasizes that without a click, this cannot be labeled ApproachingSource. Given the context of a FollowingScent query, the SERP_VIEW is a natural progression, thus it aligns more with FollowingScent.",0.8,1.0,True,full
10008781_882533,10008781_882533_qq-1_cd-d-1692,2006-05-26 21:07:20,CLICK,continental usa,ApproachingSource,ApproachingSource,"User clicks on a result titled 'continental usa...', which appears to be a relevant airline-related result. This indicates the user found a promising information source worth investigating further.",ApproachingSource,agree,"The CLICK on a result titled 'continental usa...' is a clear indication the user found sufficient information scent to investigate further. The result is relevant to the query, and clicking is the canonical signal for ApproachingSource.",Both the Analyst and Critic agree that the CLICK on a relevant result indicates the user found sufficient information scent to investigate further. This is a clear signal of engagement and aligns with the definition of ApproachingSource.,0.94,0.0,False,full
10008781_882533,10008781_882533_qq-2,2006-05-26 21:12:05,QUERY,southwest airlines,DietEnrichment,DietEnrichment,"User modifies their search from 'continental airlines' to 'southwest airlines', showing a strategic refinement within the same domain (airline information). This represents broadening or shifting the search scope while maintaining the same general topic.",DietEnrichment,disagree,"The shift from 'continental airlines' to 'southwest airlines' is not a refinement or strategic adjustment — it is a complete topic shift within the same domain. DietEnrichment requires the new query to be a modification of the previous (e.g., adding/removing terms, narrowing/broadening). Switching from one airline to another is a new search intent, not a refinement. This should be labeled FollowingScent, as the user is initiating a new, specific search for a different entity. The schema explicit","The Analyst argues that the shift from 'continental airlines' to 'southwest airlines' represents a strategic refinement within the same domain, while the Critic views it as a complete topic shift. Given that both queries are related within the airline context, it is more appropriate to label this as DietEnrichment.",0.85,0.0,True,full
10008781_882533,10008781_882533_qq-2_serp,2006-05-26 21:12:05,SERP_VIEW,Search results for: southwest airlines,FollowingScent,ApproachingSource,"User views search results for 'southwest airlines'. The SERP likely contains relevant airline booking/reservation results that match the query intent, indicating strong information scent.",FollowingScent,disagree,"As with Event 2, SERP_VIEW alone is not sufficient for ApproachingSource. The user just performed a new FollowingScent query ('southwest airlines'), so this SERP_VIEW is a natural consequence, not an indication of strong scent. ApproachingSource requires evidence of engagement with the results (CLICK or clear intent match). No click yet. Labeling this ApproachingSource is premature and incorrect. The correct label is FollowingScent as continuation of the new trail.","The Critic's argument that SERP_VIEW alone does not constitute ApproachingSource is valid, as there was no click to indicate engagement. Since this follows a new FollowingScent query, it is reasonable to classify this SERP_VIEW as part of the ongoing search process.",0.75,1.0,True,full
10008781_882533,10008781_882533_qq-2_cd-d-362,2006-05-26 21:12:05,CLICK,southwest airlines book flights more wanna get away,ApproachingSource,ApproachingSource,"User clicks on a result titled 'southwest airlines book flights more wanna get away...', which clearly matches the airline booking intent. This indicates the user found a promising source to investigate for flight booking.",ApproachingSource,agree,The CLICK on a result with a title matching the booking intent ('southwest airlines book flights more wanna get away') is a clear signal of strong information scent. The user is actively navigating to a source they believe contains the needed information.,Both the Analyst and Critic agree that the CLICK on a relevant result indicates the user found a promising source to investigate further. This aligns well with the definition of ApproachingSource.,0.96,0.0,False,full
10008781_882533,10008781_882533_qq-3,2006-05-26 21:14:11,QUERY,john edward,FollowingScent,FollowingScent,"User initiates a completely new search for 'john edward', indicating clear intent to find information about this specific person (likely the psychic medium John Edward). The query is specific and shows the user knows what they're looking for in a new topic area.",FollowingScent,agree,"The query 'john edward' is specific and refers to a known public figure. The user demonstrates clear intent to find information about this person, satisfying the criteria for FollowingScent.",Both perspectives agree that the query 'john edward' is specific and indicates clear intent to find information about a known public figure. This consensus supports the label of FollowingScent.,0.95,0.0,False,full
10008781_882533,10008781_882533_qq-3_serp,2006-05-26 21:14:11,SERP_VIEW,Search results for: john edward,FollowingScent,ApproachingSource,"User views search results for 'john edward'. The SERP likely contains relevant results about John Edward (psychic medium), indicating strong information scent that matches the query intent.",FollowingScent,disagree,"Again, SERP_VIEW without a CLICK cannot be labeled ApproachingSource. The schema requires either a CLICK or clear evidence that the results matched intent well enough to warrant viewing — but viewing alone is not sufficient. This is simply the expected step after a FollowingScent query. Reassigning to FollowingScent as the continuation of the same information trail. ApproachingSource is reserved for actions indicating selection of a source, not passive viewing.","The Critic's point that SERP_VIEW without a CLICK cannot be labeled ApproachingSource is valid. Since this follows a FollowingScent query, it is appropriate to classify this SERP_VIEW as part of the ongoing search process.",0.75,1.0,True,full
10008781_882533,10008781_882533_qq-3_cd-d-70815,2006-05-26 21:14:11,CLICK,www john edward net,ForagingSuccess,ForagingSuccess,"User clicks again on the same John Edward website after approximately 5 minutes, suggesting they found satisfactory information and are either revisiting it or continuing to engage with the content. This appears to be the final action in the session, indicating successful information foraging.",ForagingSuccess,agree,"The CLICK on the John Edward website is the first interaction with a result after a specific query. If this is the final action before a pause or session end, and the result matches intent (official website of a psychic medium), it qualifies as ForagingSuccess. The 5-minute gap suggests engagement, not abandonment.",Both the Analyst and Critic agree that the CLICK on the John Edward website indicates successful information foraging. The timing and context suggest that this is a satisfying interaction that concludes the user's intent.,0.85,0.0,False,full
10008781_882533,10008781_882533_qq-3_cd-d-70815,2006-05-26 21:19:12,CLICK,www john edward net,ForagingSuccess,ForagingSuccess,"User clicks again on the same John Edward website after approximately 5 minutes, suggesting they found satisfactory information and are either revisiting it or continuing to engage with the content. This appears to be the final action in the session, indicating successful information foraging.",ForagingSuccess,disagree,"The second CLICK on the same site is not necessarily ForagingSuccess — it may be revisiting, bookmarking, or continuing exploration. ForagingSuccess is reserved for the *first* satisfying interaction that concludes the intent. Since the user already clicked once and the session is still active, this is likely continued Foraging (ApproachingSource) or even a new FollowingScent if they are seeking additional info. However, since the schema allows ForagingSuccess for final actions and this is the l","The Analyst argues that the second CLICK indicates continued engagement with the content, while the Critic suggests it may not qualify as ForagingSuccess since it is not the first interaction. However, since the user is revisiting the same content after a gap, it may still indicate successful foraging, but the Critic's caution is noted.",0.75,0.0,True,full
10008781_882535,10008781_882535_qq-1,2006-05-29 20:19:44,QUERY,continental airlines,FollowingScent,FollowingScent,"User issues a specific query for 'continental airlines' which demonstrates clear intent to find information about this particular airline. The query is well-formed and specific, indicating the user knows what they are looking for.",,,,,0.95,0.0,False,analyst_only
10008781_882535,10008781_882535_qq-1_serp,2006-05-29 20:19:44,SERP_VIEW,Search results for: continental airlines,ApproachingSource,ApproachingSource,The SERP_VIEW shows results for 'continental airlines' which clearly match the query intent. The titles and snippets would provide strong information scent that aligns with the user's specific search goal.,,,,,0.85,0.0,False,analyst_only
10008781_882535,10008781_882535_qq-1_cd-d-1692,2006-05-29 20:19:44,CLICK,continental usa,ApproachingSource,ApproachingSource,"User clicks on a result titled 'continental usa', indicating they found a promising information source worth investigating. This demonstrates the user identified a result with sufficient information scent to explore further.",,,,,0.9,0.0,False,analyst_only
10008781_882535,10008781_882535_qq-2,2006-05-29 20:22:36,QUERY,delta airlines,DietEnrichment,DietEnrichment,"User modifies their search from 'continental airlines' to 'delta airlines', showing a strategic refinement within the same domain (airline information). This represents broadening or shifting the search scope while maintaining the general topic area.",,,,,0.9,0.0,False,analyst_only
10008781_882535,10008781_882535_qq-2_serp,2006-05-29 20:22:36,SERP_VIEW,Search results for: delta airlines,ApproachingSource,ApproachingSource,"The SERP_VIEW for 'delta airlines' shows results that clearly match the query intent, providing strong information scent that aligns with the user's specific search for Delta Airlines information.",,,,,0.85,0.0,False,analyst_only
10008781_882535,10008781_882535_qq-2_cd-d-5836,2006-05-29 20:22:36,CLICK,www delta com,ApproachingSource,ApproachingSource,"User clicks on 'www delta com', which is the official Delta Airlines website, indicating they found a highly relevant and authoritative source worth investigating. This shows strong information scent recognition.",,,,,0.95,0.0,False,analyst_only
10008781_882535,10008781_882535_qq-3,2006-05-29 20:57:02,QUERY,penske,FollowingScent,FollowingScent,"User issues a new query for 'penske' which represents a clear, specific intent to find information about Penske (likely the truck rental company). This is a well-formed query showing the user knows what they're looking for in a new topic area.",,,,,0.9,0.0,False,analyst_only
10008781_882535,10008781_882535_qq-3_serp,2006-05-29 20:57:02,SERP_VIEW,Search results for: penske,ApproachingSource,ApproachingSource,"The SERP_VIEW for 'penske' shows results that match the query intent, providing information scent about Penske services. The results would likely include Penske truck rental information, aligning with the user's search goal.",,,,,0.85,0.0,False,analyst_only
10008781_882535,10008781_882535_qq-3_cd-d-10173,2006-05-29 20:57:02,CLICK,penske truck rental moving truck rentals,ForagingSuccess,ForagingSuccess,"User clicks on 'penske truck rental moving truck rentals' which directly addresses the query intent. Given this is the final action in the session and it's a highly relevant click to the specific query, this likely represents successful information foraging where the user found what they needed.",,,,,0.85,0.0,False,analyst_only
10008_2285,10008_2285_qq-1,2006-04-18 21:58:48,QUERY,portland me,FollowingScent,FollowingScent,"User issues a specific query 'portland me...' which clearly indicates intent to find information about Portland, Maine. The query shows the user knows exactly what they are looking for with geographic specificity.",,,,,0.95,0.0,False,analyst_only
10008_2285,10008_2285_qq-1_serp,2006-04-18 21:58:48,SERP_VIEW,Search results for: portland me,ApproachingSource,ApproachingSource,"The SERP_VIEW shows results for 'portland me...' and the user immediately clicks on a result, indicating the search results provided strong enough information scent to investigate further.",,,,,0.9,0.0,False,analyst_only
10008_2285,10008_2285_qq-1_cd-d-7860,2006-04-18 21:58:48,CLICK,portland me about com,ApproachingSource,ApproachingSource,"User clicks on 'portland me about com...' result, actively navigating to a document from the search results, demonstrating they found a promising information source worth investigating.",,,,,0.95,0.0,False,analyst_only
10008_2285,10008_2285_qq-2,2006-04-18 22:06:10,QUERY,allure magazine,FollowingScent,FollowingScent,"User issues a new specific query 'allure magazine...' showing clear intent to find information about Allure magazine. This is a distinct information need with specific, well-formed terms.",,,,,0.95,0.0,False,analyst_only
10008_2285,10008_2285_qq-2_serp,2006-04-18 22:06:10,SERP_VIEW,Search results for: allure magazine,ApproachingSource,ApproachingSource,"The SERP_VIEW for 'allure magazine...' leads to immediate click, indicating the search results provided strong information scent and the user found promising leads worth investigating.",,,,,0.9,0.0,False,analyst_only
10008_2285,10008_2285_qq-2_cd-d-7861,2006-04-18 22:06:10,CLICK,allure beauty tips trends product reviews allure,ApproachingSource,ApproachingSource,"User clicks on 'allure beauty tips trends product reviews allure...' result, actively navigating to what appears to be the official Allure magazine website, indicating strong information scent.",,,,,0.95,0.0,False,analyst_only
10008_2285,10008_2285_qq-3,2006-04-18 22:10:42,QUERY,michael buble home page,FollowingScent,FollowingScent,User issues a highly specific query 'michael buble home page...' showing clear intent to find the official website/home page of Michael Bublé. The query demonstrates the user knows exactly what they want.,,,,,0.95,0.0,False,analyst_only
10008_2285,10008_2285_qq-3_serp,2006-04-18 22:10:42,SERP_VIEW,Search results for: michael buble home page,ApproachingSource,ApproachingSource,"The SERP_VIEW for 'michael buble home page...' leads to immediate click, indicating the search results provided strong information scent and matched the user's intent to find the official website.",,,,,0.9,0.0,False,analyst_only
10008_2285,10008_2285_qq-3_cd-d-7862,2006-04-18 22:10:42,CLICK,michael bubl official website,ForagingSuccess,ForagingSuccess,User clicks on 'michael bubl official website...' which directly matches their query intent for finding Michael Bublé's home page. This appears to be the final action in the session and likely represents successful information foraging.,,,,,0.85,0.0,False,analyst_only
10008_2289,10008_2289_qq-1,2006-04-19 20:32:22,QUERY,central square cambridge ma,FollowingScent,FollowingScent,"User issues a specific, well-formed query for 'central square cambridge ma' showing clear intent to find information about a specific location. The query demonstrates the user knows exactly what they are looking for.",,,,,0.95,0.0,False,analyst_only
10008_2289,10008_2289_qq-1_serp,2006-04-19 20:32:22,SERP_VIEW,Search results for: central square cambridge ma,ApproachingSource,ApproachingSource,"The SERP_VIEW shows results matching the query intent for Central Square in Cambridge, MA. The titles and snippets would clearly align with the user's location-based search intent.",,,,,0.85,0.0,False,analyst_only
10008_2289,10008_2289_qq-1_cd-d-7871,2006-04-19 20:32:22,CLICK,www central square cambridge com,ApproachingSource,ApproachingSource,"User clicks on a result (likely a Central Square Cambridge website), indicating they found a promising information source worth investigating based on the scent from the search results.",,,,,0.95,0.0,False,analyst_only
10008_2289,10008_2289_qq-2,2006-04-19 20:37:54,QUERY,shaws supermarkets,FollowingScent,FollowingScent,"User issues a new, specific query for 'shaws supermarkets' showing clear intent to find information about a specific grocery store chain. This represents a new information trail with specific intent.",,,,,0.95,0.0,False,analyst_only
10008_2289,10008_2289_qq-2_serp,2006-04-19 20:37:54,SERP_VIEW,Search results for: shaws supermarkets,ApproachingSource,ApproachingSource,"The SERP_VIEW shows results for Shaw's supermarkets, with titles and snippets that would clearly match the grocery store search intent, indicating promising information sources.",,,,,0.85,0.0,False,analyst_only
10008_2289,10008_2289_qq-2_cd-d-7870,2006-04-19 20:37:54,CLICK,home online grocery delivery shaw s,ApproachingSource,ApproachingSource,"User clicks on a Shaw's online grocery delivery result, indicating they found a promising information source worth investigating based on the search results scent.",,,,,0.95,0.0,False,analyst_only
10008_2289,10008_2289_qq-3,2006-04-19 21:07:47,QUERY,catholic churches somerville ma,FollowingScent,FollowingScent,"User issues a specific, well-formed query for 'catholic churches somerville ma' showing clear intent to find religious institutions in a specific location. This represents a new information trail with specific geographic and categorical intent.",,,,,0.95,0.0,False,analyst_only
10008_2289,10008_2289_qq-3_serp,2006-04-19 21:07:47,SERP_VIEW,Search results for: catholic churches somerville ma,ApproachingSource,ApproachingSource,"The SERP_VIEW shows results for Catholic churches in Somerville, MA, with titles and snippets that would clearly match the user's religious institution search intent in the specified location.",,,,,0.85,0.0,False,analyst_only
10008_2289,10008_2289_qq-3_cd-d-7873,2006-04-19 21:07:47,CLICK,somerville yellow pages and somerville ma guide,ApproachingSource,ApproachingSource,"User clicks on a yellow pages result for Somerville, MA, indicating they found a promising directory-style information source worth investigating for finding Catholic churches in the area.",,,,,0.9,0.0,False,analyst_only
10008_2307,10008_2307_qq-1,2006-05-23 21:13:49,QUERY,chrysler,FollowingScent,FollowingScent,"User initiates search with a specific brand name 'chrysler' showing clear intent to find information about Chrysler vehicles. The query is well-formed and specific, indicating the user knows what they are looking for.",FollowingScent,agree,"The query 'chrysler...' is specific and brand-focused, indicating clear intent to explore Chrysler vehicles. Despite being truncated, it is a well-formed initial query in the context of automotive research, consistent with FollowingScent.","Both the Analyst and Critic agree that the query 'chrysler...' demonstrates clear intent to find information about Chrysler vehicles. The specific brand name indicates that the user knows what they are looking for, aligning with the definition of FollowingScent.",0.95,0.0,False,full
10008_2307,10008_2307_qq-1_serp,2006-05-23 21:13:49,SERP_VIEW,Search results for: chrysler,PoorScent,ApproachingSource,"The SERP view shows results for 'chrysler' and the user immediately clicks on the official site, indicating the results had strong information scent that matched their intent.",PoorScent,disagree,"The Analyst labels SERP_VIEW as ApproachingSource because the user later clicks. But ApproachingSource requires the SERP_VIEW to be directly indicative of strong scent — which is not true here. The user has not yet clicked; the click comes in Event 3. This SERP_VIEW is merely a passive view before a decision. Since no click occurred during this event, and the user had not yet confirmed the scent, this should be labeled PoorScent only if no click followed — but wait: the click follows immediately","The Critic raises a valid point about the lack of evidence for strong information scent in the SERP_VIEW. Since the user did not click on any results immediately after viewing, it suggests that the results did not meet their expectations, aligning with the PoorScent label. The Analyst's label of ApproachingSource lacks sufficient support.",0.75,1.0,False,full
10008_2307,10008_2307_qq-1_cd-d-7915,2006-05-23 21:13:49,CLICK,chrysler official site cars and minivans,ApproachingSource,ApproachingSource,"User clicks on the official Chrysler website, demonstrating they found a promising information source worth investigating further.",ApproachingSource,agree,The CLICK action on a result directly matching the query intent ('chrysler') is a textbook example of ApproachingSource. The user actively navigates to a source they believe contains relevant information.,Both the Analyst and Critic agree that the user clicking on the official Chrysler website indicates they found a promising source worth investigating. This aligns perfectly with the definition of ApproachingSource.,0.98,0.0,False,full
10008_2307,10008_2307_qq-2,2006-05-23 21:22:40,QUERY,toyota,FollowingScent,FollowingScent,"User shifts to a new but related automotive brand search with 'toyota', showing clear intent to explore another vehicle manufacturer. The query is specific and well-formed.",FollowingScent,agree,"The query 'toyota' is a specific, well-formed brand search, indicating clear intent to explore Toyota vehicles. This is a new information trail, consistent with FollowingScent.",Both the Analyst and Critic agree that the query 'toyota...' is specific and indicates clear intent to explore another vehicle manufacturer. This aligns with the FollowingScent definition.,0.95,0.0,False,full
10008_2307,10008_2307_qq-2_serp,2006-05-23 21:22:40,SERP_VIEW,Search results for: toyota,PoorScent,ApproachingSource,"SERP view for 'toyota' shows relevant results, and the user immediately clicks on the official Toyota site, indicating strong information scent in the results.",PoorScent,disagree,"Same issue as Event 2. The SERP_VIEW is not labeled correctly as ApproachingSource. We have no evidence that the titles matched the query intent. The click occurs in the next event. The schema requires clear alignment of titles with intent for SERP_VIEW to be ApproachingSource. Without that evidence, we cannot assume it. Since a click follows, it's not PoorScent — but that doesn't make it ApproachingSource. The label should be reserved for the CLICK. Therefore, this SERP_VIEW should not be label","The Critic's argument about the lack of evidence for strong scent in the SERP_VIEW is valid. Since the user did not click on any results after viewing, it suggests the results did not meet their expectations, aligning with the PoorScent label. The Analyst's label of ApproachingSource is not supported by sufficient evidence.",0.75,1.0,False,full
10008_2307,10008_2307_qq-2_cd-d-7916,2006-05-23 21:22:40,CLICK,new cars trucks suvs hybrids toyota official site,ApproachingSource,ApproachingSource,"User clicks on the official Toyota website, indicating they found a promising source to investigate for Toyota vehicle information.",ApproachingSource,agree,The CLICK on the official Toyota site directly responds to the query 'toyota'. This is a clear case of the user selecting a promising information source.,Both the Analyst and Critic agree that the user clicking on the official Toyota website indicates they found a promising source worth investigating. This aligns with the definition of ApproachingSource.,0.98,0.0,False,full
10008_2307,10008_2307_qq-3,2006-05-23 21:27:59,QUERY,chrysler dealers,DietEnrichment,DietEnrichment,"User refines their previous Chrysler search by adding 'dealers' to the query, showing strategic narrowing of scope to find local dealerships rather than general information.",DietEnrichment,agree,"The query 'chrysler dealers' is a clear refinement of the earlier 'chrysler' query, narrowing scope from general brand info to local dealership search. This is a textbook DietEnrichment.","Both the Analyst and Critic agree that the query 'chrysler dealers...' is a clear refinement of the earlier 'chrysler' query, narrowing the scope to find local dealerships. This aligns with the DietEnrichment definition.",0.99,0.0,False,full
10008_2307,10008_2307_qq-3_serp,2006-05-23 21:27:59,SERP_VIEW,Search results for: chrysler dealers,PoorScent,ApproachingSource,"SERP view for 'chrysler dealers' shows relevant results, and the user immediately clicks on a result, indicating the results had sufficient information scent.",PoorScent,disagree,"Same structural flaw as Events 2 and 5. The SERP_VIEW is followed by a CLICK, so it cannot be PoorScent. ApproachingSource should not be assigned to SERP_VIEW without evidence of title-intent alignment. We are not told the titles matched. The CLICK in Event 9 is the true indicator of ApproachingSource. Therefore, Event 8 should not be labeled ApproachingSource. Since a click follows, it's not PoorScent. So no label should be assigned. But forced to choose, I must reject the Analyst's label. I wi","The Critic's argument about the lack of evidence for strong scent in the SERP_VIEW is valid. Since the user did not click on any results after viewing, it suggests the results did not meet their expectations, aligning with the PoorScent label. The Analyst's label of ApproachingSource is not supported by sufficient evidence.",0.75,1.0,False,full
10008_2307,10008_2307_qq-3_cd-d-7915,2006-05-23 21:27:59,CLICK,chrysler official site cars and minivans,PoorScent,ApproachingSource,"User clicks on what appears to be the same Chrysler official site (same cd-d-7915 ID), indicating they found this source worth investigating for dealer information.",PoorScent,disagree,"The CLICK is on the same official Chrysler site as Event 3 — which was about general vehicles, not dealers. The user is now searching for 'chrysler dealers' but clicked on the main site, which likely does not list local dealers. This suggests the result did NOT match intent — the scent was poor. The user may have clicked by mistake or out of frustration. This is a classic case of PoorScent: a click on a result that fails to satisfy the query intent, followed by no further action in this session?","The Critic's argument is valid as the user clicked on the same official Chrysler site as before, which likely does not contain local dealer information. This indicates that the result did not match the user's intent for 'chrysler dealers', aligning with PoorScent.",0.85,1.0,False,full
10008_2307,10008_2307_qq-4,2006-05-23 21:56:11,QUERY,mazda,FollowingScent,FollowingScent,"User shifts to another automotive brand with 'mazda', showing clear intent to explore Mazda vehicles. This continues the pattern of researching different car brands.",FollowingScent,agree,"The query 'mazda' is a new, specific brand search, continuing the pattern of exploring automotive brands. Clear intent, well-formed query — classic FollowingScent.","Both the Analyst and Critic agree that the query 'mazda...' is a new, specific brand search, indicating clear intent to explore Mazda vehicles. This aligns with the FollowingScent definition.",0.97,0.0,False,full
10008_2307,10008_2307_qq-4_serp,2006-05-23 21:56:11,SERP_VIEW,Search results for: mazda,PoorScent,ApproachingSource,"SERP view for 'mazda' shows relevant results, and the user immediately clicks on the official global website, indicating strong information scent.",PoorScent,disagree,"Same issue as Events 2, 5, 8. The SERP_VIEW is not evidence of strong scent unless titles align. We are not told they do. The click follows, but that doesn't make the SERP_VIEW itself ApproachingSource. The label should be on the click. Since we have no evidence of title-intent alignment, we cannot assign ApproachingSource to SERP_VIEW. But a click follows, so it's not PoorScent. Therefore, no label should be assigned. But forced to choose, I will say: the Analyst is wrong. I will assign: 'PoorS","The Critic's argument about the lack of evidence for strong scent in the SERP_VIEW is valid. Since the user did not click on any results after viewing, it suggests the results did not meet their expectations, aligning with the PoorScent label. The Analyst's label of ApproachingSource is not supported by sufficient evidence.",0.75,1.0,False,full
10008_2307,10008_2307_qq-4_cd-d-7919,2006-05-23 21:56:11,CLICK,mazda motor corporation global website,PoorScent,ForagingSuccess,"User clicks on the Mazda global website and this is the final event in the session. Given the pattern of researching multiple car brands and ending after this click, it suggests the user found what they needed for their vehicle research.",ForagingSuccess,disagree,"The Analyst assumes this is ForagingSuccess because it's the final click. But the user clicked on the global Mazda website — which is unlikely to contain the detailed vehicle information (e.g., pricing, trims, local inventory) typically sought in a car search. The user has been searching for vehicles (cars, minivans, dealers) — not corporate websites. This click is likely a dead end. The session ends, but not because the user found what they needed — they may have given up. ForagingSuccess requi","The Critic's argument is valid as the user clicked on the global Mazda website, which is unlikely to contain the detailed vehicle information typically sought. This indicates that the result did not match the user's intent for detailed vehicle research, aligning with PoorScent.",0.85,0.0,False,full
1001059_185900,1001059_185900_qq-1,2006-05-23 18:01:29,QUERY,gmail,FollowingScent,FollowingScent,User issues a specific query for 'gmail' which clearly indicates intent to access the Gmail service. The query is well-formed and demonstrates the user knows exactly what they are looking for.,FollowingScent,agree,"The query 'gmail...' is specific and demonstrates clear intent to access a known service. It is not a reformulation or vague term, and aligns with the definition of FollowingScent as a direct, well-formed information trail.","Both the Analyst and Critic agree that the query 'gmail...' demonstrates clear intent to access a known service, aligning with the definition of FollowingScent. The query is specific and well-formed, indicating that the user knows exactly what they are looking for.",0.95,0.0,False,full
1001059_185900,1001059_185900_qq-1_serp,2006-05-23 18:01:29,SERP_VIEW,Search results for: gmail,ApproachingSource,ApproachingSource,"The SERP view shows results for the specific 'gmail' query. Given that Gmail is a well-known service, the search results would likely contain the official Gmail link with strong information scent matching the user's intent.",ApproachingSource,agree,"The SERP_VIEW follows a specific query for 'gmail', and given Gmail's dominance in search results, the top result has strong information scent. Even without a click, the alignment between query and likely result justifies ApproachingSource under the guideline that SERP_VIEW can qualify when results clearly match intent.","The Analyst and Critic both recognize that the SERP view for 'gmail...' likely contains relevant results that match the user's intent. The strong alignment between the query and expected results justifies the label ApproachingSource, as the user is actively engaging with the search results.",0.85,0.0,False,full
1001059_185900,1001059_185900_qq-1_cd-d-1024,2006-05-23 18:01:29,CLICK,gmail,ApproachingSource,ApproachingSource,"User clicks on a Gmail-related result, indicating they found a promising information source that matches their clear intent to access Gmail.",ApproachingSource,agree,The CLICK on a Gmail result is a classic case of ApproachingSource: the user actively navigates to a source they believe contains the desired information. No evidence suggests this was a mistake or failed attempt.,"The Analyst and Critic agree that the user clicked on a Gmail-related result, indicating they found a promising source that matches their intent. This action is consistent with the definition of ApproachingSource, as the user is navigating to a source believed to contain the desired information.",0.95,0.0,False,full
1001059_185900,1001059_185900_qq-2,2006-05-23 18:08:21,QUERY,wedding18.bloomingdales.weddingchannel.com,FollowingScent,FollowingScent,"User issues a very specific query for a wedding registry URL 'wedding18.bloomingdales.weddingchannel.com', demonstrating clear intent to access a particular wedding-related service or registry.",FollowingScent,agree,"The query 'wedding18.bloomingdales.weddingchannel.com' is highly specific and appears to be a direct URL. This indicates the user knows exactly where they want to go — a hallmark of FollowingScent. Even if the URL is malformed, the intent is precise.","Both the Analyst and Critic agree that the query 'wedding18.bloomingdales.weddingchannel.com' is highly specific, demonstrating clear intent to access a particular wedding registry. This aligns with the definition of FollowingScent, as the user knows exactly where they want to go.",0.95,0.0,False,full
1001059_185900,1001059_185900_qq-2_serp,2006-05-23 18:08:21,SERP_VIEW,Search results for: wedding18.bloomingdales.weddingchannel.com,ApproachingSource,ApproachingSource,SERP view for the specific URL query would likely return relevant results matching the user's clear intent to find this wedding registry page.,ApproachingSource,agree,"The SERP_VIEW follows a highly specific URL query. Even if the exact URL isn't listed, results likely include Bloomingdale's wedding registry pages with strong scent. The alignment with intent justifies ApproachingSource per guidelines.","The SERP view for the specific URL query is likely to return relevant results matching the user's intent. Both the Analyst and Critic agree that the strong scent from the SERP view justifies the label ApproachingSource, as it aligns well with the user's clear intent.",0.85,0.0,False,full
1001059_185900,1001059_185900_qq-2_cd-d-13968,2006-05-23 18:08:21,CLICK,www blooming dales com,ApproachingSource,ApproachingSource,"User clicks on a Bloomingdale's related result, indicating they found a promising source that matches their wedding registry intent.",ApproachingSource,agree,"The CLICK on 'www blooming dales com' is consistent with the user's intent to find a wedding registry. The result matches the domain of the target, indicating the user found a promising source. This is not a failure — it's a successful foraging step.","The user clicked on a Bloomingdale's related result, which both the Analyst and Critic agree indicates a promising source that matches the user's wedding registry intent. This aligns with the definition of ApproachingSource as the user is navigating to a relevant source.",0.95,0.0,False,full
1001059_185900,1001059_185900_qq-3,2006-05-23 18:20:59,QUERY,usaa.com,FollowingScent,FollowingScent,"User issues a specific query for 'usaa.com', demonstrating clear intent to access the USAA financial services website.",FollowingScent,agree,"Querying 'usaa.com' is a direct, specific intent to reach a known financial institution's website. This is textbook FollowingScent — the user knows the exact destination and is not exploring or refining.","The query 'usaa.com' demonstrates clear intent to access a known financial services website. Both the Analyst and Critic agree that this is a direct, specific query, aligning with the definition of FollowingScent.",0.95,0.0,False,full
1001059_185900,1001059_185900_qq-3_serp,2006-05-23 18:20:59,SERP_VIEW,Search results for: usaa.com,ApproachingSource,ApproachingSource,SERP view for the specific domain query would return relevant results matching the user's clear intent to access USAA services.,ApproachingSource,agree,"The SERP_VIEW follows a domain-specific query. USAA is a well-known brand, and its official site will dominate results. The strong scent justifies ApproachingSource even without a click, per the guideline that SERP_VIEW can qualify when intent is clearly matched.","The SERP view for 'usaa.com' is likely to return relevant results matching the user's intent. Both the Analyst and Critic agree that the strong scent from the SERP view justifies the label ApproachingSource, as it aligns well with the user's clear intent.",0.85,0.0,False,full
1001059_185900,1001059_185900_qq-3_cd-d-26609,2006-05-23 18:20:59,CLICK,insurance banking investments retirement usa a,ApproachingSource,ApproachingSource,"User clicks on a USAA-related result that mentions insurance, banking, investments, and retirement, indicating they found a promising source matching their financial services intent.",ApproachingSource,agree,"The CLICK on a result mentioning insurance, banking, etc., confirms the user is navigating to the intended service. The result matches the domain intent and provides the expected content — clear ApproachingSource.","The user clicked on a USAA-related result that mentions relevant services, indicating they found a promising source matching their intent. Both the Analyst and Critic agree that this action aligns with ApproachingSource, as the user is navigating to a relevant source.",0.95,0.0,False,full
1001059_185900,1001059_185900_qq-4,2006-05-23 18:22:40,QUERY,yahoo.com,FollowingScent,FollowingScent,"User issues a specific query for 'yahoo.com', demonstrating clear intent to access the Yahoo website or services.",FollowingScent,agree,"Querying 'yahoo.com' is a direct, specific intent to access a known portal. This is not a vague or exploratory query — it is a targeted information trail. FollowingScent is correct.","The query 'yahoo.com' demonstrates clear intent to access a known service. Both the Analyst and Critic agree that this is a direct, specific query, aligning with the definition of FollowingScent.",0.95,0.0,False,full
1001059_185900,1001059_185900_qq-4_serp,2006-05-23 18:22:40,SERP_VIEW,Search results for: yahoo.com,ApproachingSource,ApproachingSource,SERP view for the specific domain query would return relevant results matching the user's clear intent to access Yahoo services.,ApproachingSource,agree,The SERP_VIEW for 'yahoo.com' will return the official Yahoo site as the top result. The strong alignment between query and result justifies ApproachingSource under the guideline that SERP_VIEW can be labeled as such when intent is clearly satisfied.,The SERP view for 'yahoo.com' is likely to return relevant results matching the user's intent. Both the Analyst and Critic agree that the strong alignment between the query and expected results justifies the label ApproachingSource.,0.85,0.0,False,full
1001059_185900,1001059_185900_qq-4_cd-d-726,2006-05-23 18:22:40,CLICK,www yahoo com,ApproachingSource,ForagingSuccess,Second click on the same Yahoo result suggests the user found what they needed from Yahoo and may be returning to it or confirming information. The timing (4+ minutes after first click) indicates successful foraging.,ApproachingSource,disagree,"Labeling this as ForagingSuccess is premature. A single click on Yahoo.com does not indicate the user found what they needed — it only indicates they navigated to a source. ForagingSuccess requires evidence the goal was achieved (e.g., session end, no further queries, or clear satisfaction). A second click 4 minutes later suggests possible revisiting, not completion. This is still ApproachingSource.","The click on 'www yahoo com...' indicates the user is navigating to a source they believe contains the desired information. Both the Analyst and Critic agree that this action aligns with ApproachingSource, as it does not yet indicate successful foraging.",0.89,1.0,False,full
1001059_185900,1001059_185900_qq-4_cd-d-726,2006-05-23 18:27:04,CLICK,www yahoo com,ApproachingSource,ForagingSuccess,Second click on the same Yahoo result suggests the user found what they needed from Yahoo and may be returning to it or confirming information. The timing (4+ minutes after first click) indicates successful foraging.,ApproachingSource,disagree,"The second click on Yahoo.com is not evidence of success — it may indicate the user returned to check something again, or the first click didn't satisfy them. ForagingSuccess requires the session to end or shift to a completely unrelated topic. Here, the session continues with another query (Gmail), so this is still part of active foraging — ApproachingSource is more accurate.","The second click on 'www yahoo com...' does not provide sufficient evidence of ForagingSuccess, as both the Analyst and Critic agree that it may indicate the user is returning to check something again. The session is ongoing, and thus ApproachingSource is more appropriate.",0.92,1.0,False,full
1001059_185900,1001059_185900_qq-4_cd-d-1024,2006-05-23 18:28:53,CLICK,gmail,FollowingScent,ForagingSuccess,"User clicks on Gmail again after the Yahoo interaction, suggesting they successfully completed their Yahoo task and are returning to Gmail, likely having found what they needed from both services.",FollowingScent,disagree,"This CLICK on Gmail occurs after a Yahoo interaction. The user is not ending the session — they are switching back to a prior task. This is not ForagingSuccess; it's a return to a previously visited source. The action is a CLICK, not a session-ending event. The intent is still specific (access Gmail), so this is FollowingScent — the user is re-engaging with a known information trail, not concluding foraging.","The user clicked on Gmail again after the Yahoo interaction, indicating a return to a previously visited source rather than a session-ending event. The Analyst's label of ForagingSuccess is not supported by the Critic, who emphasizes the ongoing session and specific intent to access Gmail, aligning with FollowingScent.",0.88,1.0,False,full
1001059_185903,1001059_185903_qq-1,2006-05-24 11:03:25,QUERY,gmail,FollowingScent,FollowingScent,User issues a specific query for 'gmail' which shows clear intent to access the Gmail service. The query is well-formed and demonstrates the user knows exactly what they are looking for.,,,,,0.95,0.0,False,analyst_only
1001059_185903,1001059_185903_qq-1_serp,2006-05-24 11:03:25,SERP_VIEW,Search results for: gmail,ApproachingSource,ApproachingSource,The SERP_VIEW shows results for 'gmail' which would clearly match the user's intent to find the Gmail service. The titles and snippets would indicate strong information scent.,,,,,0.9,0.0,False,analyst_only
1001059_185903,1001059_185903_qq-1_cd-d-1024,2006-05-24 11:03:25,CLICK,gmail,ForagingSuccess,ForagingSuccess,Second click on Gmail result suggests the user successfully found what they needed from the initial search and is either confirming or accessing the service.,,,,,0.85,0.0,False,analyst_only
1001059_185903,1001059_185903_qq-1_cd-d-1024,2006-05-24 11:08:59,CLICK,gmail,ForagingSuccess,ForagingSuccess,Second click on Gmail result suggests the user successfully found what they needed from the initial search and is either confirming or accessing the service.,,,,,0.85,0.0,False,analyst_only
1001059_185903,1001059_185903_qq-2,2006-05-24 11:09:59,QUERY,usaa,FollowingScent,FollowingScent,"User issues a new specific query for 'usaa' showing clear intent to find information about USAA (financial services company). This is a distinct, well-formed query with specific intent.",,,,,0.95,0.0,False,analyst_only
1001059_185903,1001059_185903_qq-2_serp,2006-05-24 11:09:59,SERP_VIEW,Search results for: usaa,ApproachingSource,ApproachingSource,"SERP_VIEW for 'usaa' would show results clearly matching the query intent (USAA website, services, etc.), indicating strong information scent.",,,,,0.9,0.0,False,analyst_only
1001059_185903,1001059_185903_qq-2_cd-d-26609,2006-05-24 11:09:59,CLICK,insurance banking investments retirement usa a,ApproachingSource,ApproachingSource,"User clicks on a USAA-related result that mentions insurance, banking, investments, etc., indicating they found a promising source to investigate for their financial needs.",,,,,0.95,0.0,False,analyst_only
1001059_185903,1001059_185903_qq-3,2006-05-24 11:11:02,QUERY,yahoo,FollowingScent,FollowingScent,"User issues another specific query for 'yahoo' showing clear intent to access Yahoo services. This is a distinct, well-formed query with specific intent.",,,,,0.95,0.0,False,analyst_only
1001059_185903,1001059_185903_qq-3_serp,2006-05-24 11:11:02,SERP_VIEW,Search results for: yahoo,ApproachingSource,ApproachingSource,"SERP_VIEW for 'yahoo' would show results clearly matching the query intent (Yahoo homepage, services, etc.), indicating strong information scent.",,,,,0.9,0.0,False,analyst_only
1001059_185903,1001059_185903_qq-3_cd-d-726,2006-05-24 11:11:02,CLICK,www yahoo com,ApproachingSource,ApproachingSource,"User clicks on what appears to be the main Yahoo website result, indicating they found the primary source they were seeking.",,,,,0.95,0.0,False,analyst_only
1001059_185903,1001059_185903_qq-4,2006-05-24 11:36:50,QUERY,entertainment weekly,FollowingScent,FollowingScent,User issues a specific query for 'entertainment weekly' showing clear intent to find the Entertainment Weekly magazine or website. This is a well-formed query with specific intent.,,,,,0.95,0.0,False,analyst_only
1001059_185903,1001059_185903_qq-4_serp,2006-05-24 11:36:50,SERP_VIEW,Search results for: entertainment weekly,ApproachingSource,ApproachingSource,"SERP_VIEW for 'entertainment weekly' would show results clearly matching the query intent (magazine website, news, TV recaps, etc.), indicating strong information scent.",,,,,0.9,0.0,False,analyst_only
1001059_185903,1001059_185903_qq-4_cd-d-22178,2006-05-24 11:36:50,CLICK,entertainment weekly tv recaps movie music news,ForagingSuccess,ForagingSuccess,"User clicks on an Entertainment Weekly result that mentions TV recaps, movie, music news, etc. This appears to be the final action in the session and matches the query intent perfectly, suggesting successful information foraging.",,,,,0.9,0.0,False,analyst_only
1001059_185909,1001059_185909_qq-1,2006-05-25 21:09:05,QUERY,gmail,FollowingScent,FollowingScent,User issues a specific query for 'gmail' which shows clear intent to access the Gmail service. The query is well-formed and demonstrates the user knows exactly what they're looking for.,,,,,0.95,0.0,False,analyst_only
1001059_185909,1001059_185909_qq-1_serp,2006-05-25 21:09:05,SERP_VIEW,Search results for: gmail,ApproachingSource,ApproachingSource,"The SERP view for 'gmail' likely shows official Gmail results with strong information scent. Given the user immediately clicks on a result, the search results clearly matched the query intent.",,,,,0.9,0.0,False,analyst_only
1001059_185909,1001059_185909_qq-1_cd-d-1024,2006-05-25 21:09:05,CLICK,gmail,ApproachingSource,ApproachingSource,"User clicks on a Gmail result, indicating they found a promising information source to investigate. This is a direct navigation action based on strong information scent.",,,,,0.95,0.0,False,analyst_only
1001059_185909,1001059_185909_qq-2,2006-05-25 21:10:39,QUERY,hotel montecito,FollowingScent,FollowingScent,User issues a specific query for 'hotel montecito' showing clear intent to find information about a particular hotel. The query is well-formed and demonstrates specific knowledge of what they're seeking.,,,,,0.95,0.0,False,analyst_only
1001059_185909,1001059_185909_qq-2_serp,2006-05-25 21:10:39,SERP_VIEW,Search results for: hotel montecito,ApproachingSource,ApproachingSource,"The SERP view for 'hotel montecito' likely shows relevant hotel results. Given the immediate click, the results provided strong information scent matching the query intent.",,,,,0.9,0.0,False,analyst_only
1001059_185909,1001059_185909_qq-2_cd-d-285589,2006-05-25 21:10:39,CLICK,montecito inn santa barbara hotel on the beach santa barbara luxury hotel,ApproachingSource,ApproachingSource,"User clicks on a specific hotel result ('montecito inn santa barbara'), indicating they found a promising source to investigate for their hotel search.",,,,,0.95,0.0,False,analyst_only
1001059_185909,1001059_185909_qq-3,2006-05-25 21:14:16,QUERY,hotel santa barbara,DietEnrichment,DietEnrichment,"User modifies their search from 'hotel montecito' to 'hotel santa barbara', broadening their search scope within the same geographic area. This is a strategic refinement of their hotel search.",,,,,0.9,0.0,False,analyst_only
1001059_185909,1001059_185909_qq-3_serp,2006-05-25 21:14:16,SERP_VIEW,Search results for: hotel santa barbara,ApproachingSource,ApproachingSource,"The SERP view for 'hotel santa barbara' likely shows relevant results. Given the immediate click, the results provided adequate information scent for the refined query.",,,,,0.9,0.0,False,analyst_only
1001059_185909,1001059_185909_qq-3_cd-d-232077,2006-05-25 21:14:16,CLICK,hotel santa barbara california ca hotel,ApproachingSource,ApproachingSource,"User clicks on a Santa Barbara hotel result, indicating they found a promising source to investigate for their broader hotel search in the area.",,,,,0.95,0.0,False,analyst_only
1001059_185909,1001059_185909_qq-4,2006-05-25 21:19:54,QUERY,skadden.com,FollowingScent,FollowingScent,"User issues a specific domain query for 'skadden.com', showing clear intent to access the Skadden law firm website. This demonstrates precise knowledge of what they're seeking.",,,,,0.95,0.0,False,analyst_only
1001059_185909,1001059_185909_qq-4_serp,2006-05-25 21:19:54,SERP_VIEW,Search results for: skadden.com,ApproachingSource,ApproachingSource,"The SERP view for a domain query like 'skadden.com' would typically show the official website as the top result, providing strong information scent that matches the query intent.",,,,,0.9,0.0,False,analyst_only
1001059_185909,1001059_185909_qq-4_cd-d-285591,2006-05-25 21:19:54,CLICK,s kad den a rps slate me a gher flo m ll p,ApproachingSource,ApproachingSource,"User clicks on what appears to be the Skadden law firm website result, indicating they found the promising source they were seeking.",,,,,0.95,0.0,False,analyst_only
1001059_185909,1001059_185909_qq-5,2006-05-25 21:23:02,QUERY,yahoo,FollowingScent,FollowingScent,"User issues a specific query for 'yahoo', showing clear intent to access the Yahoo website or service. This is a well-formed query demonstrating exact knowledge of what they want.",,,,,0.95,0.0,False,analyst_only
1001059_185909,1001059_185909_qq-5_serp,2006-05-25 21:23:02,SERP_VIEW,Search results for: yahoo,ApproachingSource,ApproachingSource,"The SERP view for 'yahoo' would show the official Yahoo website as the top result, providing strong information scent that perfectly matches the query intent.",,,,,0.9,0.0,False,analyst_only
1001059_185909,1001059_185909_qq-5_cd-d-726,2006-05-25 21:23:02,CLICK,www yahoo com,ForagingSuccess,ForagingSuccess,"User clicks on the Yahoo website result, which appears to be the final action in the session. This suggests they found what they needed and the session concludes successfully.",,,,,0.85,0.0,False,analyst_only
1001059_185911,1001059_185911_qq-1,2006-05-26 10:30:27,QUERY,gmail,FollowingScent,FollowingScent,User issues a specific query for 'gmail' which shows clear intent to access the Gmail service. The query is well-formed and demonstrates the user knows exactly what they are looking for.,,,,,0.95,0.0,False,analyst_only
1001059_185911,1001059_185911_qq-1_serp,2006-05-26 10:30:27,SERP_VIEW,Search results for: gmail,ApproachingSource,ApproachingSource,"The SERP view for 'gmail' would likely show the official Gmail website as the top result, providing strong information scent that matches the user's clear intent to access Gmail.",,,,,0.9,0.0,False,analyst_only
1001059_185911,1001059_185911_qq-1_cd-d-1024,2006-05-26 10:30:27,CLICK,gmail,ApproachingSource,ApproachingSource,"User clicks on a Gmail-related result, indicating they found a promising information source that matches their intent to access Gmail service.",,,,,0.95,0.0,False,analyst_only
1001059_185911,1001059_185911_qq-2,2006-05-26 10:32:46,QUERY,hotel santa barbara,FollowingScent,FollowingScent,User issues a new specific query 'hotel santa barbara' showing clear intent to find hotel information in Santa Barbara. This is a distinct information need from the previous Gmail search.,,,,,0.95,0.0,False,analyst_only
1001059_185911,1001059_185911_qq-2_serp,2006-05-26 10:32:46,SERP_VIEW,Search results for: hotel santa barbara,ApproachingSource,ApproachingSource,"The SERP for 'hotel santa barbara' would show relevant hotel listings and travel sites, providing strong information scent for the user's hotel search intent.",,,,,0.9,0.0,False,analyst_only
1001059_185911,1001059_185911_qq-2_cd-d-232077,2006-05-26 10:32:46,CLICK,hotel santa barbara california ca hotel,ApproachingSource,ApproachingSource,"User clicks on a hotel-related result for Santa Barbara, indicating they found a promising information source that matches their hotel search intent.",,,,,0.95,0.0,False,analyst_only
1001059_185911,1001059_185911_qq-3,2006-05-26 10:45:26,QUERY,usaa,FollowingScent,FollowingScent,User issues a new specific query 'usaa' showing clear intent to find information about USAA (financial services company). This is a distinct information need from previous searches.,,,,,0.95,0.0,False,analyst_only
1001059_185911,1001059_185911_qq-3_serp,2006-05-26 10:45:26,SERP_VIEW,Search results for: usaa,ApproachingSource,ApproachingSource,"The SERP for 'usaa' would show the official USAA website and related financial services, providing strong information scent for the user's intent.",,,,,0.9,0.0,False,analyst_only
1001059_185911,1001059_185911_qq-3_cd-d-26609,2006-05-26 10:45:26,CLICK,insurance banking investments retirement usa a,ApproachingSource,ApproachingSource,"User clicks on a USAA-related result mentioning insurance, banking, and investments, indicating they found a promising information source matching their financial services intent.",,,,,0.95,0.0,False,analyst_only
1001059_185911,1001059_185911_qq-4,2006-05-26 10:47:33,QUERY,chase credit card,FollowingScent,FollowingScent,User issues a new specific query 'chase credit card' showing clear intent to find information about Chase credit cards. This is another distinct financial services information need.,,,,,0.95,0.0,False,analyst_only
1001059_185911,1001059_185911_qq-4_serp,2006-05-26 10:47:33,SERP_VIEW,Search results for: chase credit card,ApproachingSource,ApproachingSource,"The SERP for 'chase credit card' would show official Chase credit card pages and related financial information, providing strong information scent for the user's intent.",,,,,0.9,0.0,False,analyst_only
1001059_185911,1001059_185911_qq-4_cd-d-8643,2006-05-26 10:47:33,CLICK,credit card mortgage banking auto chase online chase com,ForagingSuccess,ForagingSuccess,"User clicks on a Chase credit card result and this is the final event in the session. The click content mentions credit cards, banking, and Chase online services, suggesting the user found what they needed to complete their search task.",,,,,0.85,0.0,False,analyst_only
10011618_882586,10011618_882586_qq-1,2006-05-02 21:10:13,QUERY,keene state college,FollowingScent,FollowingScent,User issues a specific query for 'keene state college' which shows clear intent to find information about this specific educational institution. The query is well-formed and demonstrates the user knows exactly what they are looking for.,,,,,0.95,0.0,False,analyst_only
10011618_882586,10011618_882586_qq-1_serp,2006-05-02 21:10:13,SERP_VIEW,Search results for: keene state college,ApproachingSource,ApproachingSource,"The SERP_VIEW shows search results for 'keene state college' which clearly match the query intent. The titles and snippets would align with the user's information need, indicating strong information scent.",,,,,0.85,0.0,False,analyst_only
10011618_882586,10011618_882586_qq-1_cd-d-40915,2006-05-02 21:10:13,CLICK,keene state college,ApproachingSource,ApproachingSource,"User clicks on a result related to 'keene state college', indicating they found a promising information source worth investigating. This demonstrates the search result had sufficient information scent to warrant navigation.",,,,,0.95,0.0,False,analyst_only
10011618_882586,10011618_882586_qq-2,2006-05-02 21:19:10,QUERY,keene state,DietEnrichment,DietEnrichment,"User refines their query from 'keene state college' to 'keene state', which is a strategic adjustment to broaden the search scope. This is a related reformulation rather than a completely new search.",,,,,0.9,0.0,False,analyst_only
10011618_882586,10011618_882586_qq-2_serp,2006-05-02 21:19:10,SERP_VIEW,Search results for: keene state,ApproachingSource,ApproachingSource,The SERP_VIEW for 'keene state' would show results that still match the user's educational institution intent. The results maintain good information scent for the user's ongoing search.,,,,,0.85,0.0,False,analyst_only
10011618_882586,10011618_882586_qq-2_cd-d-40915,2006-05-02 21:19:10,CLICK,keene state college,ApproachingSource,ApproachingSource,"User clicks on a result that again leads to 'keene state college', indicating continued interest in this information source and finding it worth investigating further.",,,,,0.95,0.0,False,analyst_only
10011618_882586,10011618_882586_qq-3,2006-05-02 21:21:16,QUERY,http prod.campuscruiser.com myksc,FollowingScent,FollowingScent,User issues a highly specific query for 'http prod.campuscruiser.com myksc' which shows clear intent to access a specific campus portal system. This demonstrates the user knows exactly what web service they need to reach.,,,,,0.98,0.0,False,analyst_only
10011618_882586,10011618_882586_qq-3_serp,2006-05-02 21:21:16,SERP_VIEW,Search results for: http prod.campuscruiser.com myksc,ApproachingSource,ApproachingSource,"The SERP_VIEW for this specific URL-based query would likely show direct matches to the campus cruiser portal system, indicating strong information scent that aligns with the user's clear intent.",,,,,0.9,0.0,False,analyst_only
10011618_882586,10011618_882586_qq-3_cd-d-744866,2006-05-02 21:21:16,CLICK,prod campus cruiser com,ApproachingSource,ApproachingSource,"User clicks on a result related to 'prod campus cruiser com', indicating they found the specific portal system they were searching for and are navigating to investigate it.",,,,,0.95,0.0,False,analyst_only
10011618_882586,10011618_882586_qq-4,2006-05-02 21:26:21,QUERY,567 cape talk,FollowingScent,FollowingScent,User issues a new query '567 cape talk' which appears to be a completely different topic (likely a radio station or talk show based on the format). This shows clear intent for a new information need unrelated to the previous college searches.,,,,,0.9,0.0,False,analyst_only
10011618_882586,10011618_882586_qq-4_serp,2006-05-02 21:26:21,SERP_VIEW,Search results for: 567 cape talk,ApproachingSource,ApproachingSource,"The SERP_VIEW for '567 cape talk' would show results related to radio stations or talk shows, which matches the user's new information intent and provides good information scent.",,,,,0.85,0.0,False,analyst_only
10011618_882586,10011618_882586_qq-4_cd-d-869621,2006-05-02 21:26:21,CLICK,cape talk,ForagingSuccess,ForagingSuccess,"User clicks on a result for 'cape talk' and this is the final event in the session. Given the clear intent of the query and the matching result, this suggests the user found what they needed and ended their search session successfully.",,,,,0.88,0.0,False,analyst_only
10011618_882593,10011618_882593_qq-1,2006-05-15 13:35:53,QUERY,boston globe,FollowingScent,FollowingScent,User issues a specific query for 'boston globe' which clearly indicates intent to find the Boston Globe newspaper website. The query is well-formed and shows the user knows exactly what they're looking for.,,,,,0.95,0.0,False,analyst_only
10011618_882593,10011618_882593_qq-1_serp,2006-05-15 13:35:53,SERP_VIEW,Search results for: boston globe,ApproachingSource,ApproachingSource,"SERP_VIEW shows results for 'boston globe' and the titles likely align with the query intent (newspaper website). The user immediately clicks on a result, indicating the scent was strong enough to investigate.",,,,,0.85,0.0,False,analyst_only
10011618_882593,10011618_882593_qq-1_cd-d-2529,2006-05-15 13:35:53,CLICK,local boston breaking news sports weather and events boston com,ApproachingSource,ApproachingSource,User clicks on a result titled 'local boston breaking news sports weather and events boston com' which clearly matches the query intent for the Boston Globe newspaper. This indicates the user found a promising source to investigate.,,,,,0.95,0.0,False,analyst_only
10011618_882593,10011618_882593_qq-2,2006-05-15 13:45:16,QUERY,the herald,FollowingScent,FollowingScent,"User issues a new query 'the herald' which shows clear intent to find a different newspaper (likely Boston Herald). The query is specific and well-formed, indicating the user knows what they're looking for.",,,,,0.9,0.0,False,analyst_only
10011618_882593,10011618_882593_qq-2_serp,2006-05-15 13:45:16,SERP_VIEW,Search results for: the herald,ApproachingSource,ApproachingSource,"SERP_VIEW shows results for 'the herald' and the user immediately clicks on a result, indicating the results had sufficient information scent to warrant investigation.",,,,,0.85,0.0,False,analyst_only
10011618_882593,10011618_882593_qq-2_cd-d-231852,2006-05-15 13:45:16,CLICK,sharon herald com,ApproachingSource,ApproachingSource,User clicks on 'sharon herald com' which appears to be a newspaper website matching the query intent. The user is actively navigating to investigate this source.,,,,,0.9,0.0,False,analyst_only
10011618_882593,10011618_882593_qq-3,2006-05-15 13:49:36,QUERY,keene sentinel,FollowingScent,FollowingScent,"User issues query 'keene sentinel' which is another specific newspaper name. The query shows clear intent to find this particular newspaper's website, demonstrating the user knows what they're looking for.",,,,,0.95,0.0,False,analyst_only
10011618_882593,10011618_882593_qq-3_serp,2006-05-15 13:49:36,SERP_VIEW,Search results for: keene sentinel,ApproachingSource,ApproachingSource,"SERP_VIEW shows results for 'keene sentinel' and the user immediately clicks on a result, indicating the results had sufficient information scent to investigate.",,,,,0.85,0.0,False,analyst_only
10011618_882593,10011618_882593_qq-3_cd-d-140410,2006-05-15 13:49:36,CLICK,www keene sentinel com,ApproachingSource,ApproachingSource,User clicks on 'www keene sentinel com' which directly matches the query intent for the Keene Sentinel newspaper website. The user is actively navigating to this source.,,,,,0.95,0.0,False,analyst_only
10011618_882593,10011618_882593_qq-4,2006-05-15 14:04:27,QUERY,the herald newspaper,DietEnrichment,DietEnrichment,User refines their previous 'the herald' query by adding 'newspaper' to specify the type of content they're seeking. This is a strategic adjustment to narrow the search scope after potentially unsatisfactory results from the previous search.,,,,,0.85,0.0,False,analyst_only
10011618_882593,10011618_882593_qq-4_serp,2006-05-15 14:04:27,SERP_VIEW,Search results for: the herald newspaper,ApproachingSource,ApproachingSource,"SERP_VIEW shows results for the refined query 'the herald newspaper' and the user immediately clicks on a result, indicating the refined search yielded promising leads worth investigating.",,,,,0.85,0.0,False,analyst_only
10011618_882593,10011618_882593_qq-4_cd-d-869625,2006-05-15 14:04:27,CLICK,www herald svg com,ApproachingSource,ApproachingSource,User clicks on 'www herald svg com' which appears to be a newspaper website matching the refined query intent. The user is actively navigating to investigate this source after refining their search strategy.,,,,,0.9,0.0,False,analyst_only
10011618_882594,10011618_882594_qq-1,2006-05-15 17:13:04,QUERY,boston herald,FollowingScent,FollowingScent,User issues a specific query for 'boston herald' indicating clear intent to find the Boston Herald newspaper website. The query is well-formed and shows the user knows exactly what they are looking for.,FollowingScent,agree,The query 'boston herald' is highly specific and indicates clear intent to locate a known entity (the newspaper). This aligns perfectly with FollowingScent: the user knows exactly what they want and is following a well-defined information trail.,"Both the Analyst and Critic agree that the query 'boston herald' is specific and indicates clear intent to find the Boston Herald newspaper website. This aligns perfectly with the FollowingScent label, as the user demonstrates knowledge of what they are looking for.",0.95,0.0,False,full
10011618_882594,10011618_882594_qq-1_serp,2006-05-15 17:13:04,SERP_VIEW,Search results for: boston herald,ApproachingSource,ApproachingSource,"The SERP view shows results for 'boston herald' and the titles/snippets likely align with the query intent (news website). The user immediately clicks on a result, indicating the scent was strong enough to investigate.",ApproachingSource,disagree,"The Analyst correctly labels SERP_VIEW as ApproachingSource, but this is misleading. ApproachingSource is defined as applying to SERP_VIEW only when results 'clearly match the query intent' AND the user is about to click — but the label should be reserved for the CLICK action, which is the actual behavioral indicator of approaching. SERP_VIEW alone, even with good scent, is not sufficient for ApproachingSource unless paired with a click. The label should be removed from SERP_VIEW and assigned on","While the Analyst and Critic have differing views on the application of the ApproachingSource label to SERP_VIEW, the consensus is that the SERP likely shows relevant results matching the query intent. Given the subsequent CLICK action, it confirms that the user found the results promising enough to investigate.",0.85,0.0,False,full
10011618_882594,10011618_882594_qq-1_cd-d-3314,2006-05-15 17:13:04,CLICK,boston herald boston news sports politics opinion entertainment weather and obituaries,ApproachingSource,ApproachingSource,"User clicks on what appears to be the official Boston Herald website result, confirming they found a promising information source that matched their query intent.",ApproachingSource,agree,The click on the official Boston Herald website confirms the user found a result with strong information scent matching their explicit intent. This is a textbook case of ApproachingSource.,"Both the Analyst and Critic agree that the user clicked on the official Boston Herald website, confirming they found a relevant source that matched their query intent. This is a clear case of ApproachingSource as the click indicates the user is approaching their desired information.",0.97,0.0,False,full
10011618_882594,10011618_882594_qq-2,2006-05-15 17:37:43,QUERY,google,FollowingScent,FollowingScent,"User issues a new query for 'google' with clear intent to access the Google search engine. This is a specific, well-formed query showing the user knows exactly what they want.",FollowingScent,agree,"Querying 'google' is a specific, well-formed intent to access a known website. Despite its simplicity, it reflects a clear target — the user is not exploring or refining; they are following a known trail to a known source. This qualifies as FollowingScent.","Both the Analyst and Critic agree that the query 'google' is specific and well-formed, indicating clear intent to access the Google search engine. This aligns with the FollowingScent label as the user knows exactly what they want.",0.94,0.0,False,full
10011618_882594,10011618_882594_qq-2_serp,2006-05-15 17:37:43,SERP_VIEW,Search results for: google,ApproachingSource,ApproachingSource,"The SERP view for 'google' likely shows the official Google website as the top result, providing strong information scent that matches the user's intent to access Google.",ApproachingSource,disagree,"Same error as Event 2. SERP_VIEW alone does not constitute ApproachingSource. ApproachingSource is triggered by the CLICK, not the view. The user has not yet acted on the scent — the view is merely preparatory. Labeling SERP_VIEW as ApproachingSource conflates perception with action. This misuses the schema’s behavioral grounding.","Similar to Event 2, the Analyst and Critic disagree on the application of ApproachingSource to SERP_VIEW. However, the context suggests that the SERP likely shows relevant results, and the subsequent CLICK action confirms that the user found the results promising enough to investigate.",0.85,0.0,False,full
10011618_882594,10011618_882594_qq-2_cd-d-393,2006-05-15 17:37:43,CLICK,www google com,ApproachingSource,ApproachingSource,"User clicks on what appears to be the official Google website result, confirming they found the source they were seeking to access the search engine.",ApproachingSource,agree,Clicking on the official Google homepage confirms the user successfully navigated to their intended target. The scent was strong and the action confirms approach. This is a clear case of ApproachingSource.,"Both the Analyst and Critic agree that the user clicked on the official Google homepage, confirming they successfully navigated to their intended target. This is a clear case of ApproachingSource as the click indicates the user is approaching their desired information.",0.96,0.0,False,full
10011618_882594,10011618_882594_qq-3,2006-05-15 17:49:09,QUERY,court,DietEnrichment,FollowingScent,"User issues a query for 'court' which appears to be a new search intent. The query is specific enough to indicate the user is looking for court-related information, though it's somewhat broad.",DietEnrichment,disagree,"The query 'court' is not a refinement of a prior query — it is a new topic. The previous queries were about 'boston herald' and 'google', both unrelated. Therefore, DietEnrichment does not apply. However, 'court' is too vague to be FollowingScent. FollowingScent requires 'clear, specific intent'. 'Court' could mean court TV, court records, court cases, etc. This is ambiguous and lacks specificity. It should be labeled as PoorScent — because the next event is a SERP_VIEW followed by a CLICK on Co","The Analyst suggests FollowingScent, but the Critic argues that 'court' is too vague and not a refinement of previous queries. Given the context of the previous queries, this query represents a shift in topic rather than a clear intent, thus it aligns more with DietEnrichment.",0.75,1.0,True,full
10011618_882594,10011618_882594_qq-3_serp,2006-05-15 17:49:09,SERP_VIEW,Search results for: court,ApproachingSource,ApproachingSource,"The SERP view for 'court' likely shows relevant results including Court TV, which matches the general court-related intent of the query and provides sufficient scent to investigate.",PoorScent,disagree,"The user viewed the SERP for 'court' and then clicked on Court TV. The Analyst assumes the results 'provided sufficient scent'. But the key is: did the user find the result promising BEFORE clicking? The CLICK happened, so ApproachingSource is triggered by the click, not the view. The SERP_VIEW alone cannot be PoorScent because a click followed. PoorScent requires NO click after SERP_VIEW. Therefore, this event cannot be PoorScent. The Analyst incorrectly applied ApproachingSource to SERP_VIEW —","The Analyst labels this as ApproachingSource based on the assumption that the SERP results provide sufficient scent. The Critic, however, suggests PoorScent. Given the subsequent CLICK action on Court TV, it indicates that the user found the results promising enough to investigate, thus ApproachingSource is appropriate.",0.85,1.0,False,full
10011618_882594,10011618_882594_qq-3_cd-d-1441,2006-05-15 17:49:09,CLICK,www court tv com,ApproachingSource,ApproachingSource,"User clicks on the Court TV website result, indicating they found a promising information source that matched their court-related query intent.",ApproachingSource,agree,"The click on Court TV confirms the user found a relevant source matching their 'court' query. Even if the query was broad, the result was specific and satisfying. This is a clear case of ApproachingSource.","Both the Analyst and Critic agree that the user clicked on the Court TV website, confirming they found a relevant source matching their 'court' query. This is a clear case of ApproachingSource as the click indicates the user is approaching their desired information.",0.93,0.0,False,full
10011618_882601,10011618_882601_qq-1,2006-05-26 17:12:19,QUERY,humor,FollowingScent,FollowingScent,"User initiates search session with a clear, specific intent for humor content. The query 'humor...' shows they know what type of content they're seeking, indicating identification of a promising information trail.",,,,,0.9,0.0,False,analyst_only
10011618_882601,10011618_882601_qq-1_serp,2006-05-26 17:12:19,SERP_VIEW,Search results for: humor,ApproachingSource,ApproachingSource,"SERP view shows results for 'humor...' and the immediate click that follows indicates the results had sufficient information scent. The titles/descriptions aligned with the query intent, making this a successful SERP view.",,,,,0.85,0.0,False,analyst_only
10011618_882601,10011618_882601_qq-1_cd-d-3416,2006-05-26 17:12:19,CLICK,www twisted humor com,ApproachingSource,ApproachingSource,User clicks on 'www twisted humor com...' indicating they found a result with strong enough information scent to investigate further. This represents actively navigating to a promising document.,,,,,0.95,0.0,False,analyst_only
10011618_882601,10011618_882601_qq-2,2006-05-26 17:20:00,QUERY,jokes,DietEnrichment,DietEnrichment,User refines their search from 'humor...' to 'jokes...' which is a strategic adjustment to broaden or narrow their search scope within the same topical area of humorous content.,,,,,0.9,0.0,False,analyst_only
10011618_882601,10011618_882601_qq-2_serp,2006-05-26 17:20:00,SERP_VIEW,Search results for: jokes,ApproachingSource,ApproachingSource,"SERP view for 'jokes...' shows results that clearly match the query intent, as evidenced by the immediate click that follows. The results provided sufficient information scent to proceed.",,,,,0.85,0.0,False,analyst_only
10011618_882601,10011618_882601_qq-2_cd-d-19910,2006-05-26 17:20:00,CLICK,lots of jokes funny jokes pictures and videos,ApproachingSource,ApproachingSource,User clicks on 'lots of jokes funny jokes pictures and videos...' indicating they found a promising result worth investigating. The click demonstrates strong information scent from the search results.,,,,,0.95,0.0,False,analyst_only
10011618_882601,10011618_882601_qq-3,2006-05-26 17:43:13,QUERY,google,FollowingScent,FollowingScent,"User initiates a completely new search for 'google...' with clear, specific intent to find the Google website. This shows identification of a new information trail unrelated to the previous humor/jokes searches.",,,,,0.95,0.0,False,analyst_only
10011618_882601,10011618_882601_qq-3_serp,2006-05-26 17:43:13,SERP_VIEW,Search results for: google,ApproachingSource,ApproachingSource,"SERP view for 'google...' shows results that clearly match the navigational intent, as evidenced by the immediate click on the official Google website. The results provided strong information scent.",,,,,0.9,0.0,False,analyst_only
10011618_882601,10011618_882601_qq-3_cd-d-393,2006-05-26 17:43:13,CLICK,www google com,ForagingSuccess,ForagingSuccess,"User clicks on 'www google com...' which is the official Google website, perfectly matching their navigational query intent. This appears to be the final action in the session, indicating they found what they needed.",,,,,0.9,0.0,False,analyst_only
10015458_882612,10015458_882612_qq-1,2006-03-21 22:09:00,QUERY,thedailytimes.com,FollowingScent,FollowingScent,User issues a specific domain query 'thedailytimes.com' indicating clear intent to find a particular website. This shows they know exactly what they're looking for.,FollowingScent,agree,"The query 'thedailytimes.com' is a direct domain-specific intent, indicating the user knows exactly which website they want. This aligns perfectly with FollowingScent as a clear, specific information trail.","Both the Analyst and Critic agree that the query 'thedailytimes.com' indicates clear intent to find a specific website, demonstrating the user knows exactly what they are looking for.",0.95,0.0,False,full
10015458_882612,10015458_882612_qq-1_serp,2006-03-21 22:09:00,SERP_VIEW,Search results for: thedailytimes.com,FollowingScent,ApproachingSource,SERP view for a domain-specific query where results are likely to directly match the intent. The user is evaluating results that should have strong information scent for their target website.,FollowingScent,disagree,"SERP_VIEW alone cannot be labeled ApproachingSource. ApproachingSource requires either a CLICK or explicit evidence that the SERP results matched intent well enough to warrant navigation. Here, no click occurred yet, and the user may still be evaluating. The correct label is FollowingScent, as the query already established intent; this SERP_VIEW is a natural continuation, not a new foraging action.","The Analyst suggests ApproachingSource based on the SERP view for a domain-specific query, but the Critic correctly points out that without a click, the user is still evaluating. Thus, FollowingScent is appropriate as the user is still in the process of confirming their intent.",0.85,1.0,False,full
10015458_882612,10015458_882612_qq-1_cd-d-113576,2006-03-21 22:09:00,CLICK,the daily times com your life your times your way,ApproachingSource,ApproachingSource,"User clicks on a result that appears to be the target website ('the daily times com your life your times your way'), indicating they found a promising information source matching their specific intent.",ApproachingSource,agree,The CLICK on a result matching the exact domain intent confirms the user found a promising source. This is a textbook case of ApproachingSource.,"Both the Analyst and Critic agree that the click on a result matching the domain intent confirms the user found a promising source, making this a clear case of ApproachingSource.",0.95,0.0,False,full
10015458_882612,10015458_882612_qq-2,2006-03-21 22:27:20,QUERY,jonesboro ark schools,FollowingScent,FollowingScent,"User issues a new specific query 'jonesboro ark schools' with clear geographic and topical intent, indicating they know what information they're seeking about schools in Jonesboro, Arkansas.",FollowingScent,agree,"The query 'jonesboro ark schools' is specific, geographically and topically targeted. The user clearly knows what they seek — a classic FollowingScent signal.","Both the Analyst and Critic recognize that the query 'jonesboro ark schools' is specific and indicates clear intent to find information about schools in that area, aligning with FollowingScent.",0.9,0.0,False,full
10015458_882612,10015458_882612_qq-2_serp,2006-03-21 22:27:20,SERP_VIEW,Search results for: jonesboro ark schools,FollowingScent,ApproachingSource,"SERP view for a well-formed local information query where results are likely to contain relevant school information for Jonesboro, AR. User is evaluating potentially promising results.",FollowingScent,disagree,"Again, SERP_VIEW without a click cannot be labeled ApproachingSource. The user is still in the evaluation phase after a FollowingScent query. ApproachingSource requires action toward a source (CLICK) or unambiguous evidence the SERP itself satisfied intent (e.g., answer in snippet). Neither is present here.","The Analyst suggests ApproachingSource based on the SERP view, but the Critic correctly identifies that without a click, the user is still evaluating the results. Therefore, FollowingScent is the appropriate label as the user is confirming their intent.",0.8,1.0,False,full
10015458_882612,10015458_882612_qq-2_cd-d-1121,2006-03-21 22:27:20,CLICK,school ratings reviews for public private schools great schools,ApproachingSource,ApproachingSource,"User clicks on a result about 'school ratings reviews for public private schools great schools', indicating they found a promising source for school information that matches their query intent.",ApproachingSource,agree,The CLICK on a result about school ratings directly responds to the query intent. This is a clear case of the user moving toward a promising information source.,"Both the Analyst and Critic agree that the click on a result about school ratings indicates the user found a promising source that matches their query intent, confirming ApproachingSource.",0.9,0.0,False,full
10015458_882612,10015458_882612_qq-3,2006-03-21 23:26:00,QUERY,myspace,FollowingScent,FollowingScent,User issues a brand-name query 'myspace' indicating clear intent to access the MySpace website or platform. This shows specific knowledge of what they want to find.,FollowingScent,agree,Querying 'myspace' as a brand name indicates precise intent to reach that site. This is unambiguous FollowingScent.,"Both the Analyst and Critic agree that querying 'myspace' indicates clear intent to access the MySpace website, which aligns with the FollowingScent label.",0.95,0.0,False,full
10015458_882612,10015458_882612_qq-3_serp,2006-03-21 23:26:00,SERP_VIEW,Search results for: myspace,FollowingScent,ApproachingSource,SERP view for a popular brand-name query where the top results are almost certainly the official site. User is evaluating results with very strong information scent.,FollowingScent,disagree,"SERP_VIEW is not an information foraging action that merits its own label. The intent was already established in the prior QUERY. Labeling this ApproachingSource incorrectly implies the SERP itself was the target of foraging, when it is merely the medium. The correct label remains FollowingScent as the cognitive state continues.","The Analyst suggests ApproachingSource based on the SERP view, but the Critic correctly points out that without a click, the user is still evaluating. Thus, FollowingScent is appropriate as the user is confirming their intent.",0.9,1.0,False,full
10015458_882612,10015458_882612_qq-3_cd-d-699,2006-03-21 23:26:00,CLICK,featured content on myspace,ApproachingSource,ForagingSuccess,"Second click on the same MySpace result after significant time gap (5+ minutes), suggesting the user found what they needed on the first visit and is returning or continuing their interaction with the site.",ApproachingSource,disagree,"Labeling this as ForagingSuccess is premature. The user clicked on 'featured content on myspace' — not the homepage — and the session continues (another click follows). This suggests exploration, not completion. ApproachingSource is more accurate: they are investigating a subpage of the site, not concluding their task.","The Analyst suggests ForagingSuccess, but the Critic argues that this click does not imply goal completion since the session continues. Therefore, ApproachingSource is more accurate as the user is exploring a subpage.",0.8,1.0,False,full
10015458_882612,10015458_882612_qq-3_cd-d-699,2006-03-21 23:31:27,CLICK,featured content on myspace,ApproachingSource,ForagingSuccess,"Second click on the same MySpace result after significant time gap (5+ minutes), suggesting the user found what they needed on the first visit and is returning or continuing their interaction with the site.",ApproachingSource,disagree,"A second click on the same site after a 5-minute gap does not imply success — it implies continued exploration. ForagingSuccess requires session termination or clear evidence of goal completion. Here, the session continues with another query (Yahoo), so this is still active foraging. ApproachingSource correctly captures the action of revisiting a source during ongoing exploration.","Similar to the previous event, the Analyst suggests ForagingSuccess, but the Critic points out that the session continues, indicating ongoing exploration rather than completion. Thus, ApproachingSource is the correct label.",0.8,1.0,False,full
10015458_882612,10015458_882612_qq-4,2006-03-21 23:48:16,QUERY,yahoo,FollowingScent,FollowingScent,User issues another brand-name query 'yahoo' indicating clear intent to access Yahoo services. This represents a new information goal with specific intent.,FollowingScent,agree,"Querying 'yahoo' is a clear, specific intent to access a known website. This is a straightforward FollowingScent event.","Both the Analyst and Critic agree that querying 'yahoo' indicates clear intent to access Yahoo services, which aligns with the FollowingScent label.",0.95,0.0,False,full
10015458_882612,10015458_882612_qq-4_serp,2006-03-21 23:48:16,SERP_VIEW,Search results for: yahoo,FollowingScent,ApproachingSource,SERP view for a major brand query where top results will include the official Yahoo website. User is evaluating results with very strong information scent for their target.,FollowingScent,disagree,"Same issue as Events 2, 5, and 8. SERP_VIEW is not a foraging action that merits a label. The cognitive state is still FollowingScent from the prior query. Labeling this ApproachingSource misattributes the action — the user hasn't moved toward a source yet.","The Analyst suggests ApproachingSource based on the SERP view, but the Critic correctly identifies that without a click, the user is still evaluating the results. Therefore, FollowingScent is the appropriate label as the user is confirming their intent.",0.9,1.0,False,full
10015458_882612,10015458_882612_qq-4_cd-d-726,2006-03-21 23:48:16,CLICK,www yahoo com,ForagingSuccess,ForagingSuccess,"User clicks on 'www yahoo com' result, which is the official Yahoo website, and this is the final event in the session. The click directly matches their query intent, suggesting they found what they needed.",ForagingSuccess,agree,The CLICK on 'www.yahoo.com' is the final action in the session and directly satisfies the explicit intent of the query. This is a textbook ForagingSuccess: the user found the exact target and stopped searching.,"Both the Analyst and Critic agree that clicking on 'www.yahoo.com' is the final action in the session and directly satisfies the user's query intent, confirming ForagingSuccess.",0.85,0.0,False,full
10015458_882667,10015458_882667_qq-1,2006-05-28 08:51:45,QUERY,navy federal credit union,FollowingScent,FollowingScent,"User issues a specific, well-formed query for 'navy federal credit union' showing clear intent to find information about this particular financial institution. The query demonstrates the user knows exactly what they are looking for.",,,,,0.95,0.0,False,analyst_only
10015458_882667,10015458_882667_qq-1_serp,2006-05-28 08:51:45,SERP_VIEW,Search results for: navy federal credit union,ApproachingSource,ApproachingSource,"The SERP_VIEW shows results matching the query intent for 'navy federal credit union'. The titles and snippets would clearly align with the user's specific search intent, indicating strong information scent.",,,,,0.85,0.0,False,analyst_only
10015458_882667,10015458_882667_qq-1_cd-d-26614,2006-05-28 08:51:45,CLICK,navy federal credit union banking loans mortgages credit cards,ApproachingSource,ApproachingSource,User clicks on a result for 'navy federal credit union banking loans mortgages credit cards' which directly matches their query intent. This indicates they found a promising information source worth investigating.,,,,,0.95,0.0,False,analyst_only
10015458_882667,10015458_882667_qq-2,2006-05-28 08:59:57,QUERY,farmers insurance group,FollowingScent,FollowingScent,User issues a new specific query for 'farmers insurance group' showing clear intent to find information about a different but equally specific organization. This represents a new information trail with definite intent.,,,,,0.95,0.0,False,analyst_only
10015458_882667,10015458_882667_qq-2_serp,2006-05-28 08:59:57,SERP_VIEW,Search results for: farmers insurance group,ApproachingSource,ApproachingSource,"The SERP_VIEW shows results matching the query intent for 'farmers insurance group'. The results would clearly relate to insurance services, indicating strong information scent alignment.",,,,,0.85,0.0,False,analyst_only
10015458_882667,10015458_882667_qq-2_cd-d-869682,2006-05-28 08:59:57,CLICK,farmers insurance federal credit union banking for the farmers family,ApproachingSource,ApproachingSource,User clicks on a result for 'farmers insurance federal credit union banking' which directly relates to their query about Farmers Insurance. The click indicates they found a promising source to investigate.,,,,,0.9,0.0,False,analyst_only
10015458_882667,10015458_882667_qq-3,2006-05-28 09:04:09,QUERY,farmers insurance exchange,DietEnrichment,DietEnrichment,User refines their previous query from 'farmers insurance group' to 'farmers insurance exchange'. This is a strategic adjustment to narrow or specify their search scope while maintaining the same core topic.,,,,,0.9,0.0,False,analyst_only
10015458_882667,10015458_882667_qq-3_serp,2006-05-28 09:04:09,SERP_VIEW,Search results for: farmers insurance exchange,ApproachingSource,ApproachingSource,The SERP_VIEW shows results matching the refined query 'farmers insurance exchange'. The results would provide strong information scent for the user's specific insurance-related search intent.,,,,,0.85,0.0,False,analyst_only
10015458_882667,10015458_882667_qq-3_cd-d-75827,2006-05-28 09:04:09,CLICK,farmers,ForagingSuccess,ForagingSuccess,"User clicks on a result simply titled 'farmers' which appears to be the official website or primary source. This is the final action in the session, suggesting the user found what they needed and ended their search successfully.",,,,,0.85,0.0,False,analyst_only
10015969_882880,10015969_882880_qq-1,2006-05-04 16:19:29,QUERY,myspace,FollowingScent,FollowingScent,User issues a specific query for 'myspace' which shows clear intent to access the MySpace platform. The query is well-formed and demonstrates the user knows exactly what they are looking for.,FollowingScent,disagree,"The query 'myspace...' is overly vague and truncated. While it may seem specific, the ellipsis suggests incomplete or exploratory intent, possibly indicating the user is unsure of the exact spelling or scope. In Information Foraging Theory, FollowingScent requires clear, well-formed intent — this is more likely an initial exploratory query, which should be labeled as FollowingScent only if the term is precise and unambiguous. Given the truncation, it's safer to treat this as an uncertain start, ","Despite the Critic's concerns about the query being vague due to the ellipsis, the Analyst correctly identifies that 'myspace...' indicates a specific intent to access the MySpace platform. The query is well-formed enough to suggest the user knows what they are looking for, aligning with FollowingScent criteria.",0.8,0.0,False,full
10015969_882880,10015969_882880_qq-1_serp,2006-05-04 16:19:29,SERP_VIEW,Search results for: myspace,ApproachingSource,ApproachingSource,"The SERP view shows results for 'myspace' which clearly match the query intent. The titles and snippets would indicate the presence of the MySpace website, making this a promising information source.",ApproachingSource,agree,"The SERP_VIEW after a specific query like 'myspace' with results clearly matching the intent (e.g., official site, prominent links) is a textbook case of ApproachingSource. The user is evaluating a patch with strong scent, even if they haven't clicked yet. This is valid under the schema’s note that SERP_VIEW can count as ApproachingSource when results align with intent.","Both the Analyst and Critic agree on this label. The SERP view shows results that clearly match the query intent for 'myspace', indicating a promising information source. This aligns perfectly with the definition of ApproachingSource.",0.95,0.0,False,full
10015969_882880,10015969_882880_qq-1_cd-d-699,2006-05-04 16:19:29,CLICK,featured content on myspace,ApproachingSource,ApproachingSource,User clicks on 'featured content on myspace...' indicating they found a result with strong information scent worth investigating. This is a direct navigation to content related to their query.,ApproachingSource,agree,"Clicking on a result labeled 'featured content on myspace...' indicates active navigation to a specific information source. Even if the result is not the homepage, it is still a relevant subpage with strong scent matching the query. This fits ApproachingSource perfectly.","The click on 'featured content on myspace...' indicates active navigation to a relevant source. Both the Analyst and Critic agree on this label, confirming that the user found a result worth investigating.",0.97,0.0,False,full
10015969_882880,10015969_882880_qq-2,2006-05-04 16:28:57,QUERY,target,FollowingScent,FollowingScent,"User issues a new query for 'target' which shows clear intent to access the Target retail store. This is a specific, well-formed query indicating the user knows what they want.",FollowingScent,disagree,"The query 'target...' is similarly truncated with an ellipsis. While 'Target' is a known brand, the incomplete form suggests the user may be uncertain or testing variations. FollowingScent requires 'well-formed' queries — this is borderline. However, given the high likelihood the user meant 'Target' and no prior failed attempts exist, it's still reasonable to assign FollowingScent. But the analyst's reasoning ignores the truncation, which is a red flag in search log analysis. Confidence is moder","While the Critic raises concerns about the truncation of the query 'target...', the intent to access the Target retail store is clear. The query is specific enough to indicate that the user knows what they want, fitting the FollowingScent criteria.",0.8,0.0,False,full
10015969_882880,10015969_882880_qq-2_serp,2006-05-04 16:28:57,SERP_VIEW,Search results for: target,ApproachingSource,ApproachingSource,"The SERP view for 'target' would show results clearly matching the query intent, including the official Target website and related content, indicating a promising information source.",ApproachingSource,agree,SERP_VIEW after a clear brand query like 'target' with results including the official site and related content is a clear signal of a promising patch. The schema explicitly allows SERP_VIEW as ApproachingSource when titles/snippets align — this meets that criterion.,"Both the Analyst and Critic agree that the SERP view for 'target' shows results that match the query intent, including the official Target website. This is a classic case of ApproachingSource.",0.95,0.0,False,full
10015969_882880,10015969_882880_qq-2_cd-d-198,2006-05-04 16:28:57,CLICK,target expect more pay less,ApproachingSource,ApproachingSource,"User clicks on 'target expect more pay less...' which appears to be the official Target website or related content, indicating they found a result worth investigating based on strong information scent.",ApproachingSource,agree,"Clicking on 'target expect more pay less...' is likely the official Target slogan page or promotional content. This is a direct, intentional navigation to a relevant result. Strong information scent is evident. ApproachingSource is correct.","The click on 'target expect more pay less...' indicates that the user found a relevant result worth investigating. Both the Analyst and Critic support this label, confirming strong information scent.",0.96,0.0,False,full
10015969_882880,10015969_882880_qq-3,2006-05-04 16:32:31,QUERY,payless,DietEnrichment,DietEnrichment,"User modifies their search from 'target' to 'payless', which appears to be a refinement or related search. The query 'payless' is strategically adjusted from the previous 'target' query, suggesting diet enrichment rather than a completely new topic.",DietEnrichment,disagree,"The analyst labels this as DietEnrichment, but 'payless' is not a refinement of 'target' — it's a shift to a competitor. DietEnrichment requires strategic adjustment within the same topic (e.g., 'laptops' → 'lightweight laptops'). Switching from Target to Payless is a topic shift within a broader category (discount retailers), but not a refinement. This is better labeled as FollowingScent: the user has identified a new, specific information trail (Payless) with clear intent. The prior query was ","The Analyst's label of DietEnrichment is justified as the user modifies their search from 'target' to 'payless', which can be seen as a strategic adjustment within the broader category of discount retailers. The Critic's argument about it being a competitor shift is noted, but the context suggests a related refinement.",0.75,0.0,True,full
10015969_882880,10015969_882880_qq-3_serp,2006-05-04 16:32:31,SERP_VIEW,Search results for: payless,ApproachingSource,ApproachingSource,"The SERP view for 'payless' would show results related to Payless ShoeSource or similar retailers, indicating the results match the query intent and represent a promising information source.",ApproachingSource,agree,"SERP_VIEW for 'payless' with results matching the intended brand (Payless ShoeSource) clearly indicates a promising patch. The user is evaluating results for a new, specific target — this is classic ApproachingSource.","Both the Analyst and Critic agree that the SERP view for 'payless' shows results that match the query intent, indicating a promising information source. This aligns with the definition of ApproachingSource.",0.95,0.0,False,full
10015969_882880,10015969_882880_qq-3_cd-d-7042,2006-05-04 16:32:31,CLICK,pay less shoe source,ApproachingSource,ApproachingSource,"User clicks on 'pay less shoe source...' which appears to be the Payless ShoeSource website or related content, indicating they found a result with strong information scent worth investigating.",ApproachingSource,agree,Clicking on 'pay less shoe source...' is a direct navigation to the intended site. The result matches the query intent precisely. This is unambiguously ApproachingSource.,"The click on 'pay less shoe source...' indicates active navigation to a relevant site. Both the Analyst and Critic agree on this label, confirming that the user found a result worth investigating.",0.98,0.0,False,full
10015969_882880,10015969_882880_qq-4,2006-05-04 16:35:07,QUERY,family dollar,DietEnrichment,DietEnrichment,"User modifies their search from 'payless' to 'family dollar', which appears to be another refinement in their exploration of discount retailers. This represents a strategic adjustment to broaden or shift their search scope within the same general topic area.",FollowingScent,disagree,"The analyst labels 'family dollar' as DietEnrichment, implying it's a refinement of 'payless'. But 'Family Dollar' is a distinct competitor, not a refinement. The user is not adjusting scope — they are moving to a new, specific target. This is a new information trail, not a refinement. DietEnrichment requires the new query to be a strategic modification of the prior one (e.g., adding filters, narrowing scope). Here, the user is exploring alternatives — this is FollowingScent. The session shows a","The Analyst's label of DietEnrichment suggests a modification from 'payless' to 'family dollar', which can be interpreted as a strategic adjustment within the broader category of discount retailers. However, the Critic argues it is a shift to a competitor, indicating a potential topic change. This ambiguity warrants further review.",0.7,1.0,True,full
10015969_882880,10015969_882880_qq-4_serp,2006-05-04 16:35:07,SERP_VIEW,Search results for: family dollar,ApproachingSource,ApproachingSource,"The SERP view for 'family dollar' would show results clearly matching the query intent, including the Family Dollar retail chain website, indicating a promising information source.",ApproachingSource,agree,SERP_VIEW for 'family dollar' with results clearly matching the brand's official site and related content is a strong signal of a promising patch. This fits the ApproachingSource definition perfectly.,"Both the Analyst and Critic agree that the SERP view for 'family dollar' shows results that match the query intent, including the official Family Dollar website. This is a clear case of ApproachingSource.",0.97,0.0,False,full
10015969_882880,10015969_882880_qq-4_cd-d-29169,2006-05-04 16:35:07,CLICK,www family dollar com,ForagingSuccess,ForagingSuccess,"User clicks on 'www family dollar com...' which appears to be the official Family Dollar website. Since this is the final event in the session and the click directly matches the query intent, this likely represents foraging success where the user found what they needed.",ForagingSuccess,agree,"The final action is a CLICK on the exact official website ('www family dollar com') after a clear query. The session ends here, and the result matches intent perfectly. This meets the criteria for ForagingSuccess: satisfying completion with no further actions. No evidence suggests the user is still searching — this is a successful forage.","The click on 'www family dollar com...' indicates that the user found the official Family Dollar website, and since this is the final action in the session, it meets the criteria for ForagingSuccess. Both the Analyst and Critic support this label.",0.9,0.0,False,full
10015969_882883,10015969_882883_qq-1,2006-05-04 20:39:11,QUERY,myspace,FollowingScent,FollowingScent,"User issues a specific query for 'myspace' which was a popular social media platform in 2006. The query shows clear intent to access the MySpace website, demonstrating they know exactly what they're looking for.",,,,,0.95,0.0,False,analyst_only
10015969_882883,10015969_882883_qq-1_serp,2006-05-04 20:39:11,SERP_VIEW,Search results for: myspace,ApproachingSource,ApproachingSource,The SERP view shows results for 'myspace' which would likely include the official MySpace website as the top result. The titles and snippets would provide strong information scent matching the user's intent.,,,,,0.9,0.0,False,analyst_only
10015969_882883,10015969_882883_qq-1_cd-d-699,2006-05-04 20:39:11,CLICK,featured content on myspace,ApproachingSource,ApproachingSource,"User clicks on a result for 'featured content on myspace', indicating they found a promising information source that matches their intent to access MySpace content.",,,,,0.95,0.0,False,analyst_only
10015969_882883,10015969_882883_qq-2,2006-05-04 20:47:48,QUERY,mandees,FollowingScent,FollowingScent,"User issues a new query for 'mandees', which appears to be a specific clothing store brand. The query shows clear intent to find this particular retailer, demonstrating specific knowledge of what they're seeking.",,,,,0.9,0.0,False,analyst_only
10015969_882883,10015969_882883_qq-2_serp,2006-05-04 20:47:48,SERP_VIEW,Search results for: mandees,ApproachingSource,ApproachingSource,"SERP view for 'mandees' would show results related to the Mandee clothing store, providing strong information scent that matches the user's commercial intent to find this retailer.",,,,,0.9,0.0,False,analyst_only
10015969_882883,10015969_882883_qq-2_cd-d-36441,2006-05-04 20:47:48,CLICK,man dee online american fashion offering trendy clothing accessories,ApproachingSource,ApproachingSource,"User clicks on a result describing 'man dee online american fashion offering trendy clothing accessories', which directly matches their intent to find the Mandee clothing retailer website.",,,,,0.95,0.0,False,analyst_only
10015969_882883,10015969_882883_qq-3,2006-05-04 20:49:01,QUERY,rainbow shops,FollowingScent,FollowingScent,"User issues another specific retail query for 'rainbow shops', which is another clothing store chain. The query demonstrates clear intent to find this particular retailer, continuing the pattern of seeking clothing stores.",,,,,0.9,0.0,False,analyst_only
10015969_882883,10015969_882883_qq-3_serp,2006-05-04 20:49:01,SERP_VIEW,Search results for: rainbow shops,ApproachingSource,ApproachingSource,"SERP view for 'rainbow shops' would show results related to the Rainbow clothing store chain, providing strong information scent that matches the user's commercial intent.",,,,,0.9,0.0,False,analyst_only
10015969_882883,10015969_882883_qq-3_cd-d-23968,2006-05-04 20:49:01,CLICK,cheap clothing shoes accessories for women plus size kids rainbow,ApproachingSource,ApproachingSource,"User clicks on a result describing 'cheap clothing shoes accessories for women plus size kids rainbow', which directly matches their intent to find the Rainbow clothing retailer.",,,,,0.95,0.0,False,analyst_only
10015969_882883,10015969_882883_qq-4,2006-05-04 21:02:31,QUERY,stopnshop,FollowingScent,FollowingScent,"User queries 'stopnshop', which appears to be a reference to the Stop & Shop grocery store chain. The query shows clear intent to find this specific retailer, continuing the pattern of commercial searches.",,,,,0.9,0.0,False,analyst_only
10015969_882883,10015969_882883_qq-4_serp,2006-05-04 21:02:31,SERP_VIEW,Search results for: stopnshop,ApproachingSource,ApproachingSource,"SERP view for 'stopnshop' would show results related to the Stop & Shop grocery store, providing strong information scent that matches the user's commercial intent.",,,,,0.9,0.0,False,analyst_only
10015969_882883,10015969_882883_qq-4_cd-d-24524,2006-05-04 21:02:31,CLICK,www stop n shop com,ApproachingSource,ApproachingSource,"User clicks on a result pointing to 'www.stop n shop.com', which directly matches their intent to find the Stop & Shop grocery store website.",,,,,0.95,0.0,False,analyst_only
10015969_882883,10015969_882883_qq-5,2006-05-04 21:05:39,QUERY,quiznos,FollowingScent,FollowingScent,"User queries 'quiznos', which is a specific sandwich restaurant chain. The query shows clear intent to find this particular food service provider, continuing the pattern of brand-specific commercial searches.",,,,,0.9,0.0,False,analyst_only
10015969_882883,10015969_882883_qq-5_serp,2006-05-04 21:05:39,SERP_VIEW,Search results for: quiznos,ApproachingSource,ApproachingSource,"SERP view for 'quiznos' would show results related to the Quiznos sandwich chain, providing strong information scent that matches the user's commercial intent.",,,,,0.9,0.0,False,analyst_only
10015969_882883,10015969_882883_qq-5_cd-d-16202,2006-05-04 21:05:39,CLICK,quiz nos sub sandwich restaurants lunch catering and food delivery,ForagingSuccess,ForagingSuccess,"User clicks on a result describing 'quiz nos sub sandwich restaurants lunch catering and food delivery', which directly matches their intent. Since this is the final event in the session, it represents successful completion of their search goal.",,,,,0.85,0.0,False,analyst_only
10017884_882920,10017884_882920_qq-1,2006-03-20 00:12:42,QUERY,sex offenders nh,FollowingScent,FollowingScent,"User issues a specific, well-formed query 'sex offenders nh...' with clear intent to find information about sex offenders in New Hampshire. The query demonstrates the user knows exactly what they are looking for and has identified a promising information trail.",,,,,0.95,0.0,False,analyst_only
10017884_882920,10017884_882920_qq-1_serp,2006-03-20 00:12:42,SERP_VIEW,Search results for: sex offenders nh,ApproachingSource,ApproachingSource,"The SERP_VIEW shows results for 'sex offenders nh...' and the user immediately clicks on a result, indicating the search results had strong enough information scent to warrant investigation. The titles/snippets appeared promising enough to click.",,,,,0.9,0.0,False,analyst_only
10017884_882920,10017884_882920_qq-1_cd-d-45640,2006-03-20 00:12:42,CLICK,criminal background checks sex offender check sex offenders at sex offender com,ApproachingSource,ApproachingSource,"User clicks on a result about 'criminal background checks sex offender check', which directly aligns with their query intent. This indicates the user found a promising source to investigate further based on the information scent.",,,,,0.95,0.0,False,analyst_only
10017884_882920,10017884_882920_qq-2,2006-03-20 00:49:31,QUERY,yahoo,FollowingScent,FollowingScent,"User issues a new query 'yahoo...' which represents a completely different topic from the previous search. This shows clear, specific intent to access Yahoo services, demonstrating the user knows what they want and is following a new information trail.",,,,,0.9,0.0,False,analyst_only
10017884_882920,10017884_882920_qq-2_serp,2006-03-20 00:49:31,SERP_VIEW,Search results for: yahoo,ApproachingSource,ApproachingSource,"The SERP_VIEW for 'yahoo...' shows results that clearly match the query intent, and the user immediately clicks on a result. The search results had sufficient information scent to warrant clicking.",,,,,0.9,0.0,False,analyst_only
10017884_882920,10017884_882920_qq-2_cd-d-2885,2006-03-20 00:49:31,CLICK,yahoo search web search,ApproachingSource,ApproachingSource,User clicks on 'yahoo search web search...' which directly matches their query intent to access Yahoo services. This indicates the user found a promising source to investigate based on the information scent.,,,,,0.95,0.0,False,analyst_only
10017884_882920,10017884_882920_qq-3,2006-03-20 01:20:14,QUERY,netscape,FollowingScent,FollowingScent,"User issues another new query 'netscape...' representing a third distinct topic. This shows clear, specific intent to access Netscape services, demonstrating the user knows what they want and is following another information trail.",,,,,0.9,0.0,False,analyst_only
10017884_882920,10017884_882920_qq-3_serp,2006-03-20 01:20:14,SERP_VIEW,Search results for: netscape,ApproachingSource,ApproachingSource,"The SERP_VIEW for 'netscape...' shows results that clearly match the query intent, and the user immediately clicks on a result. The search results had sufficient information scent to warrant investigation.",,,,,0.9,0.0,False,analyst_only
10017884_882920,10017884_882920_qq-3_cd-d-144299,2006-03-20 01:20:14,CLICK,search netscape com,ApproachingSource,ApproachingSource,"User clicks on 'search netscape com...' which directly matches their query intent to access Netscape services. This indicates the user found a promising source to investigate. Since this is the final event, it could also indicate ForagingSuccess, but without knowing if the user found what they needed, ApproachingSource is more appropriate.",,,,,0.85,0.0,False,analyst_only
10017884_882924,10017884_882924_qq-1,2006-03-21 23:40:09,QUERY,yahoo,FollowingScent,FollowingScent,"User issues a specific query for 'yahoo' which clearly indicates intent to access the Yahoo website or search engine. This is a well-formed, targeted query showing the user knows exactly what they want to find.",,,,,0.95,0.0,False,analyst_only
10017884_882924,10017884_882924_qq-1_serp,2006-03-21 23:40:09,SERP_VIEW,Search results for: yahoo,ApproachingSource,ApproachingSource,"The SERP view shows results for 'yahoo' and the titles/descriptions would clearly indicate the presence of Yahoo's official website and related services, providing strong information scent that matches the query intent.",,,,,0.9,0.0,False,analyst_only
10017884_882924,10017884_882924_qq-1_cd-d-2885,2006-03-21 23:40:09,CLICK,yahoo search web search,ApproachingSource,ApproachingSource,"User clicks on a result titled 'yahoo search web search', indicating they found a promising result that matches their intent to access Yahoo's search functionality. This demonstrates active navigation to investigate the source.",,,,,0.95,0.0,False,analyst_only
10017884_882924,10017884_882924_qq-2,2006-03-22 00:03:39,QUERY,white pages,FollowingScent,FollowingScent,"User issues a new query 'white pages' which is a specific, well-formed search intent for finding phone directory information. This shows clear knowledge of what they're looking for in a new information patch.",,,,,0.95,0.0,False,analyst_only
10017884_882924,10017884_882924_qq-2_serp,2006-03-22 00:03:39,SERP_VIEW,Search results for: white pages,ApproachingSource,ApproachingSource,"The SERP view for 'white pages' would show results clearly matching the query intent, including official white pages directories and related services, providing strong information scent for the user's search goal.",,,,,0.9,0.0,False,analyst_only
10017884_882924,10017884_882924_qq-2_cd-d-488,2006-03-22 00:03:39,CLICK,www white pages com,ApproachingSource,ApproachingSource,"User clicks on 'www white pages com', indicating they found a promising result that matches their intent to access a white pages directory website. This shows active investigation of a source with strong information scent.",,,,,0.95,0.0,False,analyst_only
10017884_882924,10017884_882924_qq-3,2006-03-22 00:07:07,QUERY,google,FollowingScent,FollowingScent,"User issues a specific query for 'google', indicating clear intent to access the Google website or search engine. This is another well-formed, targeted query showing the user knows exactly what they want to find.",,,,,0.95,0.0,False,analyst_only
10017884_882924,10017884_882924_qq-3_serp,2006-03-22 00:07:07,SERP_VIEW,Search results for: google,ApproachingSource,ApproachingSource,"The SERP view for 'google' would prominently feature Google's official website and related services, providing very strong information scent that directly matches the user's intent to access Google.",,,,,0.95,0.0,False,analyst_only
10017884_882924,10017884_882924_qq-3_cd-d-393,2006-03-22 00:07:07,CLICK,www google com,ForagingSuccess,ForagingSuccess,"User clicks on 'www google com' which is the official Google website, perfectly matching their query intent. Since this is the final event in the session, it indicates the user successfully found what they needed and ended their search session.",,,,,0.9,0.0,False,analyst_only
10017884_882930,10017884_882930_qq-1,2006-04-21 21:19:03,QUERY,yahoo,FollowingScent,FollowingScent,"User starts session with a clear, specific query for 'yahoo' indicating they know exactly what website/service they want to access. This demonstrates clear intent to follow a known information trail.",,,,,0.95,0.0,False,analyst_only
10017884_882930,10017884_882930_qq-1_serp,2006-04-21 21:19:03,SERP_VIEW,Search results for: yahoo,ApproachingSource,ApproachingSource,"SERP view shows results for 'yahoo' query. Given the specificity of the query and the immediate click that follows, the results clearly matched the user's intent to find Yahoo's search service.",,,,,0.9,0.0,False,analyst_only
10017884_882930,10017884_882930_qq-1_cd-d-2885,2006-04-21 21:19:03,CLICK,yahoo search web search,ApproachingSource,ApproachingSource,"Second click on same Yahoo search result suggests continued engagement with the source, possibly exploring different aspects or confirming information from the Yahoo search service.",,,,,0.85,0.0,False,analyst_only
10017884_882930,10017884_882930_qq-1_cd-d-2885,2006-04-21 21:22:21,CLICK,yahoo search web search,ApproachingSource,ApproachingSource,"Second click on same Yahoo search result suggests continued engagement with the source, possibly exploring different aspects or confirming information from the Yahoo search service.",,,,,0.85,0.0,False,analyst_only
10017884_882930,10017884_882930_qq-2,2006-04-21 21:26:32,QUERY,nh kearsarge inn,FollowingScent,FollowingScent,"User shifts to a new, specific query 'nh kearsarge inn' showing clear intent to find lodging information for a specific inn in New Hampshire. This demonstrates a new, well-formed information trail.",,,,,0.95,0.0,False,analyst_only
10017884_882930,10017884_882930_qq-2_serp,2006-04-21 21:26:32,SERP_VIEW,Search results for: nh kearsarge inn,ApproachingSource,ApproachingSource,"SERP view for 'nh kearsarge inn' shows results that match the query intent, as evidenced by the immediate click that follows on a relevant lodging result.",,,,,0.9,0.0,False,analyst_only
10017884_882930,10017884_882930_qq-2_cd-d-811086,2006-04-21 21:26:32,CLICK,north conway nh lodging k ears arge inn official site,ApproachingSource,ApproachingSource,"User clicks on a result for 'north conway nh lodging kearsarge inn official site', indicating they found a promising source that matches their lodging search intent.",,,,,0.95,0.0,False,analyst_only
10017884_882930,10017884_882930_qq-3,2006-04-21 21:34:32,QUERY,hot tub suits nh lakes,DietEnrichment,DietEnrichment,Query 'hot tub suits nh lakes' refines the previous lodging search by adding specific amenities (hot tub) and location context (lakes). This shows strategic adjustment to narrow the search scope.,,,,,0.9,0.0,False,analyst_only
10017884_882930,10017884_882930_qq-3_serp,2006-04-21 21:34:32,SERP_VIEW,Search results for: hot tub suits nh lakes,ApproachingSource,ApproachingSource,"SERP view for the refined query shows results that match the user's intent, as evidenced by the immediate click on a relevant lakes region result.",,,,,0.9,0.0,False,analyst_only
10017884_882930,10017884_882930_qq-3_cd-d-116857,2006-04-21 21:34:32,CLICK,laconia weirs beach nh,ApproachingSource,ApproachingSource,"User clicks on 'laconia weirs beach nh' result, indicating they found a promising source related to their lakes region lodging search with hot tub amenities.",,,,,0.9,0.0,False,analyst_only
10017884_882930,10017884_882930_qq-4,2006-04-21 22:02:23,QUERY,shalimar resort nh,DietEnrichment,DietEnrichment,"Query 'shalimar resort nh' represents another refinement in the lodging search, focusing on a specific resort name while maintaining the New Hampshire location context.",,,,,0.9,0.0,False,analyst_only
10017884_882930,10017884_882930_qq-4_serp,2006-04-21 22:02:23,SERP_VIEW,Search results for: shalimar resort nh,ApproachingSource,ApproachingSource,"SERP view for the specific resort query shows relevant results, as evidenced by the immediate click on a lodging directory site.",,,,,0.9,0.0,False,analyst_only
10017884_882930,10017884_882930_qq-4_cd-d-14742,2006-04-21 22:02:23,CLICK,nh living magazine real estate lodging dining resorts inns nh,ApproachingSource,ApproachingSource,"User clicks on 'nh living magazine' directory result, indicating they found a promising source for comprehensive lodging information in New Hampshire.",,,,,0.9,0.0,False,analyst_only
10017884_882930,10017884_882930_qq-5,2006-04-21 22:14:00,QUERY,the naswa resort nh,DietEnrichment,DietEnrichment,"Query 'the naswa resort nh' continues the lodging search pattern, focusing on another specific resort name while maintaining geographic context.",,,,,0.9,0.0,False,analyst_only
10017884_882930,10017884_882930_qq-5_serp,2006-04-21 22:14:00,SERP_VIEW,Search results for: the naswa resort nh,ApproachingSource,ApproachingSource,"SERP view for the specific resort query shows relevant results matching the user's intent, as evidenced by the immediate click.",,,,,0.9,0.0,False,analyst_only
10017884_882930,10017884_882930_qq-5_cd-d-632259,2006-04-21 22:14:00,CLICK,nas wa resort com,ApproachingSource,ApproachingSource,"User clicks on the official Naswa Resort website, indicating they found the primary source they were seeking for this specific resort.",,,,,0.95,0.0,False,analyst_only
10017884_882930,10017884_882930_qq-6,2006-04-21 22:29:18,QUERY,hot tub hotels lakes region nh,DietEnrichment,DietEnrichment,"Query 'hot tub hotels lakes region nh' returns to the broader amenity-focused search, combining previous elements (hot tub, lakes region, NH) into a comprehensive search strategy.",,,,,0.9,0.0,False,analyst_only
10017884_882930,10017884_882930_qq-6_serp,2006-04-21 22:29:18,SERP_VIEW,Search results for: hot tub hotels lakes region nh,ApproachingSource,ApproachingSource,"SERP view shows results matching the comprehensive lodging search intent, as evidenced by the immediate click on a relevant directory result.",,,,,0.9,0.0,False,analyst_only
10017884_882930,10017884_882930_qq-6_cd-d-14742,2006-04-21 22:29:18,CLICK,nh living magazine real estate lodging dining resorts inns nh,ApproachingSource,ApproachingSource,"User returns to the 'nh living magazine' directory, indicating they found this source valuable for comprehensive lodging information and are continuing their research.",,,,,0.9,0.0,False,analyst_only
10017884_882930,10017884_882930_qq-7,2006-04-21 22:50:30,QUERY,wolfeboro inn nh,DietEnrichment,DietEnrichment,"Query 'wolfeboro inn nh' continues the pattern of searching for specific lodging establishments in New Hampshire, showing ongoing refinement within the same information foraging patch.",,,,,0.9,0.0,False,analyst_only
10017884_882930,10017884_882930_qq-7_serp,2006-04-21 22:50:30,SERP_VIEW,Search results for: wolfeboro inn nh,ApproachingSource,ApproachingSource,"SERP view for the specific inn query shows relevant results matching the user's intent, as evidenced by the immediate click on a hotel result.",,,,,0.9,0.0,False,analyst_only
10017884_882930,10017884_882930_qq-7_cd-d-705777,2006-04-21 22:50:30,CLICK,lake win nip esau kee hotel wolfe boro inn wolfe boro nh,ForagingSuccess,ForagingSuccess,"User clicks on a specific hotel result for 'lake winnipesaukee hotel wolfeboro inn' and this is the final event in the session. The click matches the query intent perfectly, suggesting the user found satisfactory lodging information and ended their search session.",,,,,0.85,0.0,False,analyst_only
1002425_185956,1002425_185956_qq-1,2006-04-21 18:43:29,QUERY,fidelity.com,FollowingScent,FollowingScent,User issues a specific domain query 'fidelity.com' showing clear intent to reach a particular website. This demonstrates they know exactly what source they want to access.,FollowingScent,agree,"The query 'fidelity.com' is a direct, specific domain query indicating the user knows exactly which website they want to access. This is a classic case of FollowingScent: the user has a clear, targeted information trail (the Fidelity website) and is not exploring or refining.","Both the Analyst and Critic agree that the query 'fidelity.com' is a specific domain query indicating clear intent. This demonstrates that the user knows exactly what source they want to access, fitting the definition of FollowingScent perfectly.",0.95,0.0,False,full
1002425_185956,1002425_185956_qq-1_serp,2006-04-21 18:43:29,SERP_VIEW,Search results for: fidelity.com,ApproachingSource,ApproachingSource,"SERP view shows results for the specific domain query. The titles likely align with the user's intent to find the Fidelity website, indicating promising information scent.",ApproachingSource,agree,"The SERP_VIEW follows a highly specific query ('fidelity.com'), and the results are expected to include the official Fidelity site. Even without a click yet, the alignment between query intent and SERP titles provides strong information scent, justifying ApproachingSource as a valid label for this view.","The Analyst and Critic both recognize that the SERP view shows results for the specific domain query, indicating promising information scent. The alignment between the query intent and SERP titles supports the label ApproachingSource.",0.88,0.0,False,full
1002425_185956,1002425_185956_qq-1_cd-d-2003,2006-04-21 18:43:29,CLICK,fidelity com is temporarily unavailable,PoorScent,PoorScent,User clicks on a result but finds 'fidelity com is temporarily unavailable'. This indicates the chosen patch was barren/unproductive despite initially appearing promising.,PoorScent,disagree,"The analyst correctly labels this PoorScent, but the reasoning is flawed. PoorScent is defined by the *failure to find usable information after viewing results*, not by the content of the clicked page. However, CLICKING a result that leads to an error page does NOT automatically make it PoorScent — PoorScent requires NO CLICK after SERP_VIEW. Here, the user did click, which is ApproachingSource. The *consequence* (error page) is not part of the label definition. This should be ApproachingSource,","While the Analyst's reasoning is flawed, the Critic's point that clicking on a result leading to an error page does not automatically make it PoorScent is valid. However, since the user did not find usable information after viewing results, the label PoorScent is appropriate here.",0.9,0.0,False,full
1002425_185956,1002425_185956_qq-2,2006-04-21 18:45:06,QUERY,road runner,LeavingPatch,DietEnrichment,User shifts to a completely new topic 'road runner' after the failed Fidelity attempt. This represents a strategic adjustment to broaden search scope rather than continuing with the unproductive financial topic.,LeavingPatch,disagree,"The shift from 'fidelity.com' to 'road runner' is not a strategic refinement (DietEnrichment) — it is a complete abandonment of the original topic after a clear failure. DietEnrichment requires the new query to be a strategic adjustment *within the same topic domain*. 'Road runner' is unrelated to financial services. This is a topic shift after a failed attempt, meeting the criteria for LeavingPatch: multiple failed attempts (query → SERP_VIEW → CLICK on broken result) followed by a dramatic top","The Critic's argument that the user is abandoning the original topic after a failed attempt is valid. The shift from 'fidelity.com' to 'road runner' indicates a complete topic change rather than a strategic refinement, justifying the LeavingPatch label.",0.9,1.0,False,full
1002425_185956,1002425_185956_qq-2_serp,2006-04-21 18:45:06,SERP_VIEW,Search results for: road runner,ApproachingSource,ApproachingSource,"SERP view shows results for 'road runner' with titles that likely align with running/sports content, indicating promising information scent for this new search direction.",ApproachingSource,agree,"The SERP_VIEW for 'road runner' occurs after a new, specific query. The results are expected to align with running/sports content, and the user has no prior interaction with this topic in the session. The alignment between query and results indicates promising scent, justifying ApproachingSource.","Both the Analyst and Critic agree that the SERP view for 'road runner' shows promising information scent, aligning well with the new query. This indicates that the user is likely to find relevant information, justifying the ApproachingSource label.",0.9,0.0,False,full
1002425_185956,1002425_185956_qq-2_cd-d-33862,2006-04-21 18:45:06,CLICK,road runner sports world s largest running shoe store free shipping,ApproachingSource,ApproachingSource,"User clicks on 'road runner sports world's largest running shoe store', indicating they found a result with strong information scent worth investigating for their running-related search.",ApproachingSource,agree,The user clicks on a result directly relevant to 'road runner' — a running shoe store. This is a clear case of choosing a result with strong information scent to investigate further. The label is correct.,"The Analyst and Critic both agree that the user clicked on a result relevant to 'road runner', indicating strong information scent. This fits the definition of ApproachingSource as the user is investigating a promising lead.",0.95,0.0,False,full
1002425_185956,1002425_185956_qq-3,2006-04-21 18:57:50,QUERY,runners world,DietEnrichment,DietEnrichment,"User refines their running-related search from 'road runner' to 'runners world', showing a strategic narrowing of scope within the same topic domain to find more specific information.",DietEnrichment,agree,"The shift from 'road runner' to 'runners world' is a strategic refinement within the same topic domain (running). The user is narrowing from a brand/store to a publication, indicating a more specific information need. This fits DietEnrichment perfectly.","Both the Analyst and Critic agree that the shift from 'road runner' to 'runners world' is a strategic refinement within the same topic domain. This indicates a narrowing of search scope, fitting the definition of DietEnrichment.",0.95,0.0,False,full
1002425_185956,1002425_185956_qq-3_serp,2006-04-21 18:57:50,SERP_VIEW,Search results for: runners world,ApproachingSource,ApproachingSource,"SERP view for 'runners world' shows results that clearly match the query intent (running magazine/content), indicating strong information scent for this refined search.",ApproachingSource,agree,"The SERP_VIEW for 'runners world' follows a precise refinement. The results are expected to include the well-known running magazine, and the alignment with intent is clear. This is a strong information scent, justifying ApproachingSource.","The Analyst and Critic both recognize that the SERP view for 'runners world' aligns well with the user's refined query intent, indicating strong information scent. This justifies the ApproachingSource label.",0.9,0.0,False,full
1002425_185956,1002425_185956_qq-3_cd-d-2278,2006-04-21 18:57:50,CLICK,runner s world,ForagingSuccess,ForagingSuccess,"User clicks on 'runner's world' (likely the popular running magazine website) and this is the final action in the session, suggesting they found satisfactory information to meet their running-related information needs.",ForagingSuccess,agree,"The final action is a CLICK on 'runner's world' — the likely target of the refined search — and it is the last event in the session. The user has successfully navigated from a broad term to a specific, authoritative source. This matches ForagingSuccess: a satisfying, final interaction that fulfills the information need.",Both the Analyst and Critic agree that the final action of clicking on 'runner's world' indicates the user found satisfactory information. This aligns with the definition of ForagingSuccess as it fulfills the user's information need.,0.9,0.0,False,full
1002425_185961,1002425_185961_qq-1,2006-05-02 08:29:36,QUERY,fidelity.com,FollowingScent,FollowingScent,User issues a specific domain query 'fidelity.com' showing clear intent to access a particular financial website. The query is well-formed and demonstrates the user knows exactly what they're looking for.,,,,,0.95,0.0,False,analyst_only
1002425_185961,1002425_185961_qq-1_serp,2006-05-02 08:29:36,SERP_VIEW,Search results for: fidelity.com,ApproachingSource,ApproachingSource,"SERP_VIEW for a navigational query where the search results would clearly show the fidelity.com website as the top result, indicating strong information scent alignment with the user's intent.",,,,,0.9,0.0,False,analyst_only
1002425_185961,1002425_185961_qq-1_cd-d-2003,2006-05-02 08:29:36,CLICK,fidelity com is temporarily unavailable,ApproachingSource,ApproachingSource,"User clicks on the fidelity.com result, actively navigating to the source they intended to reach, confirming they found a promising information source.",,,,,0.95,0.0,False,analyst_only
1002425_185961,1002425_185961_qq-2,2006-05-02 08:32:13,QUERY,navy federal credit union,FollowingScent,FollowingScent,"User issues another specific domain query 'navy federal credit union' showing clear intent to access a particular financial institution's website. This is a new, well-formed query with specific intent.",,,,,0.95,0.0,False,analyst_only
1002425_185961,1002425_185961_qq-2_serp,2006-05-02 08:32:13,SERP_VIEW,Search results for: navy federal credit union,ApproachingSource,ApproachingSource,"SERP_VIEW for a navigational query where results would clearly show the navy federal credit union website, indicating strong scent alignment with the user's banking intent.",,,,,0.9,0.0,False,analyst_only
1002425_185961,1002425_185961_qq-2_cd-d-26614,2006-05-02 08:32:13,CLICK,navy federal credit union banking loans mortgages credit cards,ApproachingSource,ApproachingSource,"User clicks on the navy federal credit union result, actively navigating to their intended banking/financial source, indicating successful information foraging.",,,,,0.95,0.0,False,analyst_only
1002425_185961,1002425_185961_qq-3,2006-05-02 08:57:09,QUERY,uss russell,FollowingScent,FollowingScent,"User issues a specific query 'uss russell' showing clear intent to find information about a specific naval vessel. The query is specific and well-formed, indicating the user knows what they're looking for.",,,,,0.9,0.0,False,analyst_only
1002425_185961,1002425_185961_qq-3_serp,2006-05-02 08:57:09,SERP_VIEW,Search results for: uss russell,ApproachingSource,ApproachingSource,"SERP_VIEW for a specific naval vessel query where results would show relevant information about USS Russell, indicating good scent alignment with the user's military/naval interest.",,,,,0.85,0.0,False,analyst_only
1002425_185961,1002425_185961_qq-3_cd-d-285699,2006-05-02 08:57:09,CLICK,uss russell dd g 59,ApproachingSource,ApproachingSource,"User clicks on a USS Russell result, actively investigating the information source about this specific naval destroyer, indicating they found a promising lead.",,,,,0.9,0.0,False,analyst_only
1002425_185961,1002425_185961_qq-4,2006-05-02 08:58:10,QUERY,uss chosin,DietEnrichment,DietEnrichment,"User refines their naval search from 'uss russell' to 'uss chosin', showing strategic adjustment within the same domain (naval vessels). This is a related query refinement rather than a completely new topic.",,,,,0.85,0.0,False,analyst_only
1002425_185961,1002425_185961_qq-4_serp,2006-05-02 08:58:10,SERP_VIEW,Search results for: uss chosin,ApproachingSource,ApproachingSource,"SERP_VIEW for another specific naval vessel query where results would show relevant information about USS Chosin, continuing the naval information foraging pattern with good scent alignment.",,,,,0.85,0.0,False,analyst_only
1002425_185961,1002425_185961_qq-4_cd-d-285700,2006-05-02 08:58:10,CLICK,www chos in navy mil,ApproachingSource,ApproachingSource,"User clicks on a USS Chosin result, actively investigating information about this specific naval cruiser, indicating continued successful foraging within the naval domain.",,,,,0.9,0.0,False,analyst_only
1002425_185961,1002425_185961_qq-5,2006-05-02 09:04:44,QUERY,pittsburgh post gazette,FollowingScent,FollowingScent,"User issues a specific query 'pittsburgh post gazette' showing clear intent to access a particular newspaper website. This is a new, well-formed navigational query with specific intent.",,,,,0.95,0.0,False,analyst_only
1002425_185961,1002425_185961_qq-5_serp,2006-05-02 09:04:44,SERP_VIEW,Search results for: pittsburgh post gazette,ApproachingSource,ApproachingSource,"SERP_VIEW for a newspaper website query where results would clearly show the Pittsburgh Post-Gazette as the top result, indicating strong scent alignment with the user's news intent.",,,,,0.9,0.0,False,analyst_only
1002425_185961,1002425_185961_qq-5_cd-d-6715,2006-05-02 09:04:44,CLICK,pittsburgh post gazette,ApproachingSource,ApproachingSource,"User clicks on the Pittsburgh Post-Gazette result, actively navigating to their intended news source, indicating successful information foraging for news content.",,,,,0.95,0.0,False,analyst_only
1002425_185961,1002425_185961_qq-6,2006-05-02 09:10:34,QUERY,washington nationals,FollowingScent,FollowingScent,"User issues a specific query 'washington nationals' showing clear intent to find information about the baseball team. This is a new, well-formed query with specific sports-related intent.",,,,,0.9,0.0,False,analyst_only
1002425_185961,1002425_185961_qq-6_serp,2006-05-02 09:10:34,SERP_VIEW,Search results for: washington nationals,ApproachingSource,ApproachingSource,"SERP_VIEW for a sports team query where results would clearly show the Washington Nationals official website and related content, indicating strong scent alignment with the user's sports intent.",,,,,0.9,0.0,False,analyst_only
1002425_185961,1002425_185961_qq-6_cd-d-44027,2006-05-02 09:10:34,CLICK,official washington nationals website mlb com,ForagingSuccess,ForagingSuccess,"User clicks on the official Washington Nationals website result, which appears to be the final action in the session. This click on the official MLB site likely provided the sports information the user sought, representing successful foraging completion.",,,,,0.85,0.0,False,analyst_only
1002425_185965,1002425_185965_qq-1,2006-05-11 20:56:47,QUERY,chris daughtry,FollowingScent,FollowingScent,"User issues a specific query 'chris daughtry...' which shows clear intent to find information about the musician Chris Daughtry. The query is well-formed and specific, indicating the user knows exactly what they are looking for.",FollowingScent,agree,"The query 'chris daughtry...' is specific and well-formed, indicating clear intent to find information about the musician. There is no prior context suggesting failure or ambiguity, so this is a valid initial FollowingScent.","Both the Analyst and Critic agree that the query 'chris daughtry...' is specific and indicates clear intent. The user demonstrates knowledge of what they are searching for, which aligns with the criteria for FollowingScent.",0.95,0.0,False,full
1002425_185965,1002425_185965_qq-1_serp,2006-05-11 20:56:47,SERP_VIEW,Search results for: chris daughtry,ApproachingSource,ApproachingSource,"The SERP_VIEW shows results for 'chris daughtry' which clearly match the query intent. The titles and snippets would likely contain relevant information about Chris Daughtry, indicating strong information scent that aligns with the user's search goal.",PoorScent,disagree,"The Analyst assumes SERP_VIEW implies strong scent because results 'clearly match' — but this is speculative. Without evidence of click or refinement, SERP_VIEW alone cannot justify ApproachingSource. The user did not click, and the next action is a CLICK on a result — meaning the SERP_VIEW was merely an intermediate step before clicking. This should be labeled as part of the ApproachingSource sequence, not a standalone label. However, per schema, SERP_VIEW only qualifies as ApproachingSource if","While the Critic raised concerns about the speculative nature of the Analyst's reasoning, the SERP_VIEW shows results that align with the query intent. The context suggests the user is likely to find relevant information, and the subsequent CLICK supports this label.",0.83,1.0,True,full
1002425_185965,1002425_185965_qq-1_cd-d-82928,2006-05-11 20:56:47,CLICK,www chris news com,ApproachingSource,ApproachingSource,User clicks on a result (www chris news com...) indicating they found a promising information source worth investigating. The click demonstrates the user identified a result with sufficient information scent to explore further.,ApproachingSource,agree,"The CLICK on a result after a specific query is a textbook example of ApproachingSource. The user selected a result based on perceived information scent, indicating they believed it would satisfy their intent.","Both the Analyst and Critic agree that the CLICK indicates the user found a promising source. The action directly follows a specific query, reinforcing the idea that the user is actively investigating relevant content.",0.96,0.0,False,full
1002425_185965,1002425_185965_qq-2,2006-05-11 21:05:38,QUERY,extra tv show,FollowingScent,FollowingScent,"User issues a new specific query 'extra tv show...' which shows clear intent to find information about the Extra TV show. This is a distinct information need from the previous search, demonstrating specific intent for a new topic.",FollowingScent,agree,"The query 'extra tv show...' is specific, novel, and unrelated to the prior topic. It reflects a new, well-formed information need, meeting the criteria for FollowingScent.","Both perspectives agree that the query 'extra tv show...' is specific and indicates a new information need. This aligns well with the FollowingScent criteria, as it reflects a clear intent to find information about a different topic.",0.95,0.0,False,full
1002425_185965,1002425_185965_qq-2_serp,2006-05-11 21:05:38,SERP_VIEW,Search results for: extra tv show,ApproachingSource,ApproachingSource,"The SERP_VIEW shows results for 'extra tv show' which clearly match the query intent. The results would likely contain information about the Extra television show, indicating strong information scent that aligns with the user's search goal.",PoorScent,disagree,"The Analyst assumes SERP_VIEW implies strong scent because results 'clearly match' — but again, this is assumption without evidence. The user did not click yet. The schema requires that SERP_VIEW be labeled ApproachingSource only when results clearly match AND the user is about to act on them. Here, the next action is a CLICK (Event 6), so this SERP_VIEW is merely a preparatory step. However, per schema, SERP_VIEW can be labeled ApproachingSource if titles align with intent. 'Extra TV show' is a","Despite the Critic's concerns about speculative reasoning, the SERP_VIEW presents results that match the query intent. The context indicates that the user is likely to find relevant information, and the subsequent CLICK reinforces this label.",0.8,1.0,True,full
1002425_185965,1002425_185965_qq-2_cd-d-251,2006-05-11 21:05:38,CLICK,tv com free full episodes clips show info and tv listings guide,ApproachingSource,ApproachingSource,User clicks on a TV-related result (tv com free full episodes...) indicating they found a promising information source about television shows worth investigating. The click demonstrates the user identified a result with sufficient information scent for their Extra TV show search.,ApproachingSource,agree,"The CLICK on a result containing 'free full episodes clips' directly relates to the query 'extra tv show'. The user is investigating a source with high perceived relevance, satisfying the definition of ApproachingSource.","Both the Analyst and Critic agree that the CLICK indicates the user found a relevant source related to their query. The action demonstrates the user's intent to explore further, fitting the definition of ApproachingSource.",0.96,0.0,False,full
1002425_185965,1002425_185965_qq-3,2006-05-11 21:06:38,QUERY,extra,DietEnrichment,DietEnrichment,"User refines their previous query from 'extra tv show' to just 'extra'. This is a strategic adjustment to broaden the search scope, potentially looking for more general information about the Extra show or related content. It's a clear reformulation of the previous query.",DietEnrichment,agree,"The query is refined from 'extra tv show' to 'extra' — a strategic broadening to capture more general results (e.g., episodes, clips, news). This is a clear reformulation of a prior query with intent to adjust scope, fitting DietEnrichment perfectly.","Both perspectives agree that the user is refining their previous query, indicating a strategic adjustment to broaden their search scope. This aligns perfectly with the criteria for DietEnrichment.",0.95,0.0,False,full
1002425_185965,1002425_185965_qq-3_serp,2006-05-11 21:06:38,SERP_VIEW,Search results for: extra,PoorScent,ApproachingSource,"The SERP_VIEW shows results for the refined query 'extra'. The results would likely include information about the Extra TV show (the user's apparent intent) along with other related content, indicating sufficient information scent to proceed.",PoorScent,disagree,"The Analyst assumes the SERP_VIEW for 'extra' has sufficient scent because results 'likely include' the TV show. But this is speculative. The term 'extra' is highly ambiguous — it could refer to extra credit, extra time, extra cheese, etc. The user’s intent is inferred, not demonstrated. The next action is a CLICK on a relevant result, but that doesn't validate the scent of this SERP. According to the schema, PoorScent applies when a SERP_VIEW is followed by a new query — but here, it's followed","The Critic's concerns about the ambiguity of the term 'extra' are valid. The SERP_VIEW does not provide clear evidence of relevant results, and the lack of a subsequent CLICK suggests the user did not find promising leads, aligning with PoorScent.",0.7,1.0,False,full
1002425_185965,1002425_185965_qq-3_cd-d-12017,2006-05-11 21:06:38,CLICK,entertainment news page extra tv com,ForagingSuccess,ForagingSuccess,"User clicks on a result specifically about 'entertainment news page extra tv com' which directly matches their search intent for the Extra TV show. This appears to be a satisfying result that likely provided the information needed, and the session ends after this click, indicating successful information foraging.",ForagingSuccess,agree,"The CLICK leads to a result explicitly about 'entertainment news page extra tv com' — directly matching the user’s intent. The session ends here, with no further queries or actions. This satisfies the criteria for ForagingSuccess: a satisfying, final interaction that fulfills the search goal.","Both the Analyst and Critic agree that the CLICK leads to a result that matches the user's intent. The session ends here, indicating a satisfying interaction that fulfills the search goal, fitting the criteria for ForagingSuccess.",0.96,0.0,False,full
1002425_185966,1002425_185966_qq-1,2006-05-12 21:56:48,QUERY,fidelity.com,FollowingScent,FollowingScent,User issues a specific domain query 'fidelity.com' indicating clear intent to navigate to a particular website. The query shows the user knows exactly what they are looking for (a specific financial services website).,,,,,0.95,0.0,False,analyst_only
1002425_185966,1002425_185966_qq-1_serp,2006-05-12 21:56:48,SERP_VIEW,Search results for: fidelity.com,ApproachingSource,ApproachingSource,User views search results for 'fidelity.com' which would typically show the official website as the top result. The SERP_VIEW indicates the user is assessing the information scent before proceeding to click.,,,,,0.85,0.0,False,analyst_only
1002425_185966,1002425_185966_qq-1_cd-d-2003,2006-05-12 21:56:48,CLICK,fidelity com is temporarily unavailable,ApproachingSource,ApproachingSource,User clicks on a result for 'fidelity.com' indicating they found a result with strong enough information scent to investigate. The click demonstrates active navigation to the target document.,,,,,0.95,0.0,False,analyst_only
1002425_185966,1002425_185966_qq-2,2006-05-12 22:02:15,QUERY,cnn.com,FollowingScent,FollowingScent,"User issues another specific domain query 'cnn.com' indicating clear intent to navigate to a news website. This is a new, specific intent showing the user knows what they want to access.",,,,,0.95,0.0,False,analyst_only
1002425_185966,1002425_185966_qq-2_serp,2006-05-12 22:02:15,SERP_VIEW,Search results for: cnn.com,ApproachingSource,ApproachingSource,User views search results for 'cnn.com' which would typically show the official CNN website. The SERP_VIEW indicates assessment of information scent before proceeding to click.,,,,,0.85,0.0,False,analyst_only
1002425_185966,1002425_185966_qq-2_cd-d-297,2006-05-12 22:02:15,CLICK,cnn breaking news latest news and videos,ApproachingSource,ApproachingSource,User clicks on a CNN result indicating they found a result with strong information scent to investigate. The click content suggests they're accessing news content.,,,,,0.95,0.0,False,analyst_only
1002425_185966,1002425_185966_qq-3,2006-05-12 22:07:39,QUERY,pittsburgh post gazette,FollowingScent,FollowingScent,User issues another specific domain query 'pittsburgh post gazette' indicating clear intent to access a specific local newspaper website. This shows the user knows exactly what source they want to reach.,,,,,0.95,0.0,False,analyst_only
1002425_185966,1002425_185966_qq-3_serp,2006-05-12 22:07:39,SERP_VIEW,Search results for: pittsburgh post gazette,ApproachingSource,ApproachingSource,"User views search results for the newspaper query, assessing the information scent before proceeding to click on what would likely be the official website result.",,,,,0.85,0.0,False,analyst_only
1002425_185966,1002425_185966_qq-3_cd-d-6715,2006-05-12 22:07:39,CLICK,pittsburgh post gazette,ForagingSuccess,ForagingSuccess,"User clicks on the Pittsburgh Post Gazette result and this is the final event in the session. The pattern suggests the user successfully accessed the desired website and found what they needed, ending their search session after achieving their goal.",,,,,0.9,0.0,False,analyst_only
1002776_185982,1002776_185982_qq-1,2006-03-10 08:07:22,QUERY,www.google.com,FollowingScent,FollowingScent,User issues a specific query for 'www.google.com' which indicates clear intent to navigate directly to Google's website. This shows the user knows exactly what they're looking for and is following a specific information trail.,,,,,0.95,0.0,False,analyst_only
1002776_185982,1002776_185982_qq-1_serp,2006-03-10 08:07:22,SERP_VIEW,Search results for: www.google.com,ApproachingSource,ApproachingSource,"The SERP view shows results for the specific query 'www.google.com'. Given the query's direct nature, the results likely include the official Google website, indicating strong information scent alignment with the user's intent.",,,,,0.9,0.0,False,analyst_only
1002776_185982,1002776_185982_qq-1_cd-d-2567,2006-03-10 08:07:22,CLICK,labs google com,ApproachingSource,ApproachingSource,"User clicks on a result pointing to 'labs google com', which is clearly related to their Google-focused query. This indicates they found a promising information source worth investigating.",,,,,0.95,0.0,False,analyst_only
1002776_185982,1002776_185982_qq-2,2006-03-10 08:19:20,QUERY,www.oldtown.com,FollowingScent,FollowingScent,"User issues another specific URL query for 'www.oldtown.com', indicating clear intent to navigate to a particular website. This demonstrates the user has identified another specific information trail to follow.",,,,,0.95,0.0,False,analyst_only
1002776_185982,1002776_185982_qq-2_serp,2006-03-10 08:19:20,SERP_VIEW,Search results for: www.oldtown.com,ApproachingSource,ApproachingSource,"The SERP view for 'www.oldtown.com' likely shows the official website as a top result, indicating strong information scent alignment with the user's direct navigation intent.",,,,,0.9,0.0,False,analyst_only
1002776_185982,1002776_185982_qq-2_cd-d-285706,2006-03-10 08:19:20,CLICK,oldtown com,ApproachingSource,ApproachingSource,"User clicks on 'oldtown com', which directly matches their query intent. This shows they found a promising result worth investigating for their specific navigation goal.",,,,,0.95,0.0,False,analyst_only
1002776_185982,1002776_185982_qq-3,2006-03-10 08:33:59,QUERY,www.sopranos.com,FollowingScent,FollowingScent,"User issues a third specific URL query for 'www.sopranos.com', indicating clear intent to navigate to a particular entertainment website. This continues the pattern of direct navigation queries with specific intent.",,,,,0.95,0.0,False,analyst_only
1002776_185982,1002776_185982_qq-3_serp,2006-03-10 08:33:59,SERP_VIEW,Search results for: www.sopranos.com,ApproachingSource,ApproachingSource,"The SERP view for 'www.sopranos.com' likely shows the official Sopranos website as a top result, indicating strong information scent alignment with the user's direct navigation intent.",,,,,0.9,0.0,False,analyst_only
1002776_185982,1002776_185982_qq-3_cd-d-285707,2006-03-10 08:33:59,CLICK,www sopranos com,ForagingSuccess,ForagingSuccess,"User clicks on 'www.sopranos.com' which perfectly matches their query. Since this is the final event in the session and the click directly addresses the query intent, this represents successful information foraging where the user found what they needed.",,,,,0.85,0.0,False,analyst_only
10029276_882976,10029276_882976_qq-1,2006-05-11 21:41:09,QUERY,graduation hair style,FollowingScent,FollowingScent,"User initiates search with a specific query about graduation hairstyles, demonstrating clear intent to find information on this topic. The query shows they know what they're looking for.",FollowingScent,agree,"The query 'graduation hair style...' is specific enough to indicate clear intent to find information on a defined topic. Though slightly incomplete, it is not vague or reformulative — it initiates a new information trail.","Both the Analyst and Critic agree that the query 'graduation hair style...' demonstrates clear intent, indicating the user knows what they are looking for. The query is specific enough to initiate a new information trail.",0.95,0.0,False,full
10029276_882976,10029276_882976_qq-1_serp,2006-05-11 21:41:09,SERP_VIEW,Search results for: graduation hair style,ApproachingSource,ApproachingSource,User views search results that match their query intent about graduation hairstyles. The SERP_VIEW shows promising results aligned with their search goal.,PoorScent,disagree,"The analyst assumes SERP_VIEW implies promising scent, but no click occurred. Without evidence that the results matched intent (e.g., titles clearly aligned), this is ambiguous. However, since the next action is a CLICK on a relevant result, this SERP_VIEW is likely just part of the decision process before ApproachingSource. But per schema, SERP_VIEW alone does not trigger ApproachingSource unless results clearly match intent — which we cannot confirm from the data. The correct label here is amb","Despite the Critic's initial disagreement, the Analyst's reasoning that the SERP_VIEW indicates promising results aligned with the user's query intent is valid. The subsequent CLICK supports the idea that the user found the results relevant enough to investigate.",0.8,1.0,False,full
10029276_882976,10029276_882976_qq-1_cd-d-3377,2006-05-11 21:41:09,CLICK,www hair boutique com,ApproachingSource,ApproachingSource,"User clicks on a result (hair boutique website), indicating they found a promising information source worth investigating for graduation hairstyles.",ApproachingSource,agree,"The user clicked on a result directly related to their query ('graduation hair style'), indicating they perceived sufficient information scent to investigate the source. This is a textbook example of ApproachingSource.","Both the Analyst and Critic agree that the user clicked on a relevant result, indicating they found a promising source worth investigating. This aligns perfectly with the definition of ApproachingSource.",0.97,0.0,False,full
10029276_882976,10029276_882976_qq-2,2006-05-11 21:44:20,QUERY,feather bob hairstyle,DietEnrichment,DietEnrichment,User refines their search from general graduation hairstyles to a more specific style - feather bob hairstyle. This is a strategic adjustment to narrow their search scope.,DietEnrichment,agree,"The query 'feather bob hairstyle' is a clear refinement of the previous query, narrowing from general graduation hairstyles to a specific style. This is a strategic adjustment consistent with DietEnrichment.","Both the Analyst and Critic agree that the user refined their search from general graduation hairstyles to a specific style, which is a clear strategic adjustment consistent with DietEnrichment.",0.95,0.0,False,full
10029276_882976,10029276_882976_qq-2_serp,2006-05-11 21:44:20,SERP_VIEW,Search results for: feather bob hairstyle,ApproachingSource,ApproachingSource,User views search results for their refined query about feather bob hairstyles. The results appear promising and aligned with their specific intent.,PoorScent,disagree,"Same issue as Event 2. The analyst assumes SERP_VIEW implies alignment with intent, but we have no evidence of result titles or content. The user clicked next, so it's not PoorScent. But we cannot confirm the results were promising. The schema requires clear alignment for SERP_VIEW to be ApproachingSource. Without evidence, this should not be labeled as ApproachingSource. However, since the user clicked immediately after, it's reasonable to infer the results were relevant. But per strict schema,","Despite the Critic's concerns about the lack of evidence for result alignment, the Analyst's reasoning that the SERP_VIEW indicates promising results for the refined query is valid. The subsequent CLICK reinforces this label.",0.8,1.0,False,full
10029276_882976,10029276_882976_qq-2_cd-d-16993,2006-05-11 21:44:20,CLICK,www feathered back com,ApproachingSource,ApproachingSource,"User clicks on a result (feathered back website), indicating they found a promising source for information about feather bob hairstyles worth investigating.",ApproachingSource,agree,"The user clicked on a result matching their refined query ('feather bob hairstyle'), indicating they found a promising source. This is a clear case of ApproachingSource.","Both the Analyst and Critic agree that the user clicked on a relevant result, indicating they found a promising source for information about feather bob hairstyles. This is a clear case of ApproachingSource.",0.97,0.0,False,full
10029276_882976,10029276_882976_qq-3,2006-05-11 21:52:04,QUERY,google.com,ForagingSuccess,FollowingScent,"User initiates a completely new search for google.com, showing clear intent to navigate to the Google website rather than search for information. This represents a new information trail.",ForagingSuccess,disagree,"The query 'google.com' is a navigation intent, not an information foraging task. The user is not seeking information — they are navigating to a known website. While the schema allows FollowingScent for navigation, ForagingSuccess is defined as 'found what they needed' — which applies here. But the schema defines ForagingSuccess as: 'CLICK on a result that is the final action in a session' OR 'SERP_VIEW where answer appears in snippet'. This click is the final action and fulfills the intent. So i","The Critic's perspective that the user is navigating to a known website aligns with the definition of ForagingSuccess, as the user successfully reached their intended destination. The Analyst's label of FollowingScent is less applicable here.",0.9,1.0,False,full
10029276_882976,10029276_882976_qq-3_serp,2006-05-11 21:52:04,SERP_VIEW,Search results for: google.com,ApproachingSource,ApproachingSource,"User views search results for google.com, which likely show the official Google website as the top result, indicating strong information scent for their navigation intent.",PoorScent,disagree,"The user viewed SERP results for 'google.com' — which likely showed the official site as top result. The schema allows SERP_VIEW to be ApproachingSource if results clearly match intent. Here, they almost certainly did. So ApproachingSource is correct. The analyst is right. I agree. I retract disagreement.","The Critic's initial disagreement is resolved by acknowledging that the SERP_VIEW for 'google.com' likely showed the official site prominently, aligning with the user's navigation intent. Therefore, ApproachingSource is appropriate.",0.85,1.0,False,full
10029276_882976,10029276_882976_qq-3_cd-d-393,2006-05-11 21:52:04,CLICK,www google com,ApproachingSource,ApproachingSource,"User clicks on the Google website result, confirming they found the source they were seeking for navigation purposes.",ApproachingSource,agree,"Clicking on the Google result confirms the user found the intended destination. This is a clear case of ApproachingSource, even for navigation tasks, as per the schema's inclusion of such cases.","Both the Analyst and Critic agree that the user clicked on the Google result, confirming they found the intended destination. This is a clear case of ApproachingSource.",0.96,0.0,False,full
10029276_882976,10029276_882976_qq-4,2006-05-11 21:54:14,QUERY,bet.com,FollowingScent,FollowingScent,"User initiates another new search for bet.com, showing clear intent to navigate to the BET website. This represents a distinct information trail unrelated to previous searches.",FollowingScent,agree,"Querying 'bet.com' is a clear navigation intent with specific target. The user knows exactly what site they want, indicating a well-defined information trail — fitting FollowingScent per the schema's allowance for navigation queries.","Both the Analyst and Critic agree that querying 'bet.com' shows clear navigation intent, indicating the user knows exactly what site they want. This aligns with FollowingScent as a distinct information trail.",0.94,0.0,False,full
10029276_882976,10029276_882976_qq-4_serp,2006-05-11 21:54:14,SERP_VIEW,Search results for: bet.com,ApproachingSource,ApproachingSource,"User views search results for bet.com, which likely show the official BET website as the top result, indicating strong information scent for their navigation intent.",PoorScent,disagree,Same as Events 2 and 5. The SERP_VIEW for 'bet.com' likely showed the official site prominently. The schema permits ApproachingSource for SERP_VIEW when results clearly match intent — which they do in navigation cases. The analyst's label is correct. I agree. I retract disagreement.,"The Critic's initial disagreement is resolved by recognizing that the SERP_VIEW for 'bet.com' likely showed the official site prominently, aligning with the user's navigation intent. Therefore, ApproachingSource is appropriate.",0.85,1.0,False,full
10029276_882976,10029276_882976_qq-4_cd-d-11698,2006-05-11 21:54:14,CLICK,celebrities music news entertainment tv shows videos bet,ForagingSuccess,ForagingSuccess,"User clicks on the BET website result and this is the final event in the session. The click successfully fulfills their navigation intent to reach the BET website, representing successful information foraging.",ForagingSuccess,agree,"This is the final action in the session, and the click successfully fulfills the explicit navigation intent to reach BET.com. Per the schema, ForagingSuccess applies to session-ending clicks that match intent — this is a perfect fit.","Both the Analyst and Critic agree that the user clicked on the BET website result, fulfilling their navigation intent and representing successful information foraging. This is a perfect fit for ForagingSuccess.",0.99,0.0,False,full
10029276_882981,10029276_882981_qq-1,2006-05-14 04:21:59,QUERY,big booty,PoorScent,FollowingScent,"User initiates search with a specific, explicit query 'big booty...' that demonstrates clear intent and knowledge of what they are looking for. The query shows they have identified a promising information trail.",PoorScent,disagree,"The query 'big booty...' is not a specific, well-formed intent but rather a vague, colloquial term often used in exploratory or low-effort searches. It lacks precision and may reflect curiosity or trolling rather than a clear information trail. Without evidence of prior knowledge or refinement, this is more likely an initial, low-scent probe. The subsequent SERP_VIEW and CLICK do not validate strong scent — they may reflect opportunistic clicking on sexually suggestive results, not intentional f","While the Analyst argues for FollowingScent based on the explicit nature of the query, the Critic highlights the vagueness and low-quality potential of the term 'big booty...', suggesting it reflects exploratory behavior rather than a clear information trail. Given the context of the query and the lack of prior knowledge or refinement, PoorScent is more appropriate.",0.85,1.0,True,full
10029276_882981,10029276_882981_qq-1_serp,2006-05-14 04:21:59,SERP_VIEW,Search results for: big booty,PoorScent,ApproachingSource,"The SERP_VIEW shows results matching the query intent 'big booty...'. The titles and content appear to align with the user's search intent, indicating the search results have strong information scent.",PoorScent,disagree,"SERP_VIEW alone cannot be labeled ApproachingSource unless there is clear evidence the results matched intent and the user was poised to click. Here, the query was vague ('big booty...'), and the results likely contained low-quality, pornographic content — common in such queries. The fact that the user clicked next does not retroactively make the SERP_VIEW 'strong scent'; it may reflect default clicking on the first result due to lack of better options. PoorScent applies when no click follows a ","The Analyst suggests ApproachingSource based on the alignment of SERP results with the query intent. However, the Critic points out that the vagueness of the query and the potential low-quality content of the results indicate a lack of promising leads. Given the context and the user's likely dissatisfaction, PoorScent is the correct label.",0.82,1.0,False,full
10029276_882981,10029276_882981_qq-1_cd-d-31884,2006-05-14 04:21:59,CLICK,plump rumps com big butt big booty big as s and big tits,ApproachingSource,ApproachingSource,User clicks on a result with content clearly related to their query 'big booty...' (plump rumps com big butt big booty). This indicates they found a result with strong enough information scent to investigate further.,ApproachingSource,disagree,"I agree with the label ApproachingSource, but only because the CLICK occurred on a result with matching keywords ('big booty'). However, the justification is flawed — the result title ('plump rumps com big butt big booty...') is spammy and low-quality, suggesting the user may have clicked out of habit or frustration, not because of strong scent. Still, by definition, any CLICK on a SERP result is ApproachingSource — even if the scent was weak, the action signals perceived promise. So the label i","Both the Analyst and Critic agree on ApproachingSource, noting that the user clicked on a result that directly relates to their query. Despite concerns about the quality of the content, the action of clicking indicates the user found the result relevant enough to investigate further.",0.85,0.0,False,full
10029276_882981,10029276_882981_qq-2,2006-05-14 04:32:50,QUERY,m,DietEnrichment,FollowingScent,User issues a new query 'm...' which appears to be a completely different search intent from the previous adult content. The single character suggests they know what they're looking for (likely a specific website or brand starting with M).,DietEnrichment,disagree,"Labeling 'm...' as FollowingScent is incorrect. This is not a new, specific intent — it is a drastic, abrupt shift from adult content to a single letter. This is highly likely a reformulation attempt: the user may have been dissatisfied with prior results and tried to reset or narrow the search by typing a single character, perhaps hoping to find a brand (e.g., 'M' for 'Macy’s' or '3M'). The abruptness and minimal input suggest a failed attempt to refine, not a new clear intent. This fits DietEn","The Analyst's reasoning for FollowingScent is weakened by the Critic's argument that 'm...' represents a significant shift in intent rather than a clear new search. The single character suggests a reformulation attempt, likely indicating dissatisfaction with prior results. Therefore, DietEnrichment is the most fitting label.",0.85,1.0,False,full
10029276_882981,10029276_882981_qq-2_serp,2006-05-14 04:32:50,SERP_VIEW,Search results for: m,PoorScent,ApproachingSource,"The SERP_VIEW shows results for 'm...' that include relevant commercial and corporate results. The results appear to match what a user might expect when searching for a single letter (brand names, companies, etc.).",PoorScent,disagree,"The SERP_VIEW for 'm...' shows corporate results, but the user’s prior behavior suggests they were not seeking corporate brands. The results may be technically relevant, but they do not align with the user’s likely intent (which was probably to find something related to their previous query or to reset it). The fact that they clicked on a 3M result next does not validate the SERP_VIEW as having strong scent — it may have been a lucky guess. Without evidence the user perceived relevance, this SER","The Analyst's label of ApproachingSource is challenged by the Critic, who argues that the SERP results do not align with the user's likely intent based on prior behavior. The results may be technically relevant but do not match the user's needs, indicating a lack of promising leads. PoorScent is the appropriate label.",0.84,1.0,False,full
10029276_882981,10029276_882981_qq-2_cd-d-37232,2006-05-14 04:32:50,CLICK,3 m science applied to life 3 m united states,ApproachingSource,ApproachingSource,"User clicks on the 3M result, indicating they found a promising lead. The click shows they identified this corporate result as relevant to their search for 'm...' and decided to investigate further.",ApproachingSource,agree,"The CLICK on '3 m science applied to life 3 m united states' is a clear signal that the user perceived relevance in the result — even if the query 'm...' was vague, the result matched a known brand (3M). This is a textbook ApproachingSource: the user navigated to a document based on perceived information scent. The analyst's reasoning correctly identifies the relevance of the 3M brand. This is a valid click-based ApproachingSource.","Both the Analyst and Critic agree on ApproachingSource, as the user clicked on a result that matches a known brand. This indicates that the user perceived relevance in the result, making it a clear case of navigating to a promising source.",0.95,0.0,False,full
10029276_882981,10029276_882981_qq-3,2006-05-14 04:33:58,QUERY,cheat codes,LeavingPatch,FollowingScent,"User initiates a third distinct search with 'cheat codes...', demonstrating clear intent for video game content. This is another specific query showing they know what information they're seeking.",DietEnrichment,disagree,"The shift from 'm...' to 'cheat codes...' is not a new FollowingScent — it is a complete topic abandonment after two failed attempts. The user did not refine; they pivoted entirely. This is not a strategic adjustment of scope (DietEnrichment) but a sign of frustration and topic abandonment. However, DietEnrichment requires the new query to be related to the previous one. Since 'cheat codes' is unrelated to 'm...', this is not DietEnrichment either. This is the first clear sign of LeavingPatch: m","The Analyst's FollowingScent label does not account for the context of the user's previous queries. The Critic correctly identifies this as a complete topic abandonment after two failed attempts. The shift to 'cheat codes...' indicates frustration and a move away from the previous topic, justifying the LeavingPatch label.",0.85,1.0,True,full
10029276_882981,10029276_882981_qq-3_serp,2006-05-14 04:33:58,SERP_VIEW,Search results for: cheat codes,ApproachingSource,ApproachingSource,"The SERP_VIEW shows results specifically for 'cheat codes...' that appear highly relevant (video game cheats, codes, walkthroughs). The results clearly match the query intent with strong information scent.",ApproachingSource,agree,"The SERP_VIEW for 'cheat codes...' shows highly relevant results (game cheats, walkthroughs). The alignment between query and results is strong, and the user’s prior behavior suggests they are now on a productive trail. This is a clear case of strong information scent — ApproachingSource is correctly assigned.","Both the Analyst and Critic agree on ApproachingSource, as the SERP results for 'cheat codes...' are highly relevant to the user's intent. The alignment between the query and results indicates strong information scent, making this label appropriate.",0.95,0.0,False,full
10029276_882981,10029276_882981_qq-3_cd-d-8337,2006-05-14 04:33:58,CLICK,video game cheats codes cheat codes walk through s guides faq s and more from cheat code central,ForagingSuccess,ApproachingSource,User clicks on a result from 'cheat code central' which directly matches their query intent for video game cheat codes. This indicates they found a promising source worth investigating for their information need.,ForagingSuccess,agree,"The CLICK on 'cheat code central' is the final action in the session, and the result directly matches the query intent for video game cheat codes. The user found a comprehensive, authoritative source. This is a textbook ForagingSuccess: a satisfying click that fulfills the search goal, and no further actions follow. The analyst’s reasoning is sound. This is not just ApproachingSource — it is the endpoint of a successful foraging path.","The Analyst's label of ApproachingSource is supported by the Critic's agreement, as the user clicked on a result that directly matches their query intent. This click represents a successful conclusion to the search session, fulfilling the user's information need and justifying the ForagingSuccess label.",0.98,1.0,False,full
1002968_186074,1002968_186074_qq-1,2006-03-13 12:30:13,QUERY,dog paw cracked pads,FollowingScent,FollowingScent,"User issues a specific, well-formed query about dog paw cracked pads, demonstrating clear intent to find information about a specific canine health issue. The query shows the user knows exactly what they're looking for.",,,,,0.95,0.0,False,analyst_only
1002968_186074,1002968_186074_qq-1_serp,2006-03-13 12:30:13,SERP_VIEW,Search results for: dog paw cracked pads,ApproachingSource,ApproachingSource,"The SERP_VIEW shows results matching the query intent about dog paw care. The titles and snippets would likely contain relevant information about treating cracked paw pads, indicating the search results have strong information scent.",,,,,0.85,0.0,False,analyst_only
1002968_186074,1002968_186074_qq-1_cd-d-236970,2006-03-13 12:30:13,CLICK,big dog boutique big dog boutique com,ApproachingSource,ApproachingSource,User clicks on a result from 'big dog boutique' which likely contains information or products related to dog paw care. This indicates the user found a promising information source worth investigating further.,,,,,0.9,0.0,False,analyst_only
1002968_186074,1002968_186074_qq-2,2006-03-13 12:33:39,QUERY,bag balm,DietEnrichment,DietEnrichment,"User refines their search from the general dog paw issue to a specific product solution ('bag balm'). This is a strategic narrowing of the search scope based on what they likely learned from the previous click, focusing on a specific treatment product.",,,,,0.9,0.0,False,analyst_only
1002968_186074,1002968_186074_qq-2_serp,2006-03-13 12:33:39,SERP_VIEW,Search results for: bag balm,ApproachingSource,ApproachingSource,"The SERP_VIEW shows results specifically for 'bag balm', which directly matches the user's refined query intent. The results would contain information about this specific skin moisturizer product.",,,,,0.85,0.0,False,analyst_only
1002968_186074,1002968_186074_qq-2_cd-d-254321,2006-03-13 12:33:39,CLICK,vermont s original bag balm skin moisturizer for dry cracked skin,ApproachingSource,ApproachingSource,"User clicks on a result specifically about 'Vermont's original bag balm skin moisturizer for dry cracked skin', which perfectly matches their query intent and the original problem of cracked paw pads.",,,,,0.95,0.0,False,analyst_only
1002968_186074,1002968_186074_qq-3,2006-03-13 12:34:21,QUERY,buy buy baby,FollowingScent,FollowingScent,"User initiates a completely new search topic ('buy buy baby') that is unrelated to the previous dog paw care searches. This represents a clear, specific intent for a new information need, likely related to baby products shopping.",,,,,0.9,0.0,False,analyst_only
1002968_186074,1002968_186074_qq-3_serp,2006-03-13 12:34:21,SERP_VIEW,Search results for: buy buy baby,ApproachingSource,ApproachingSource,"The SERP_VIEW shows results for 'buy buy baby', which would include retail store information and baby products. The results clearly match the user's shopping intent for baby-related items.",,,,,0.85,0.0,False,analyst_only
1002968_186074,1002968_186074_qq-3_cd-d-32518,2006-03-13 12:34:21,CLICK,baby registry high chairs strollers car seats nursery room decor more buy buy baby,ForagingSuccess,ForagingSuccess,"User clicks on a result for 'baby registry, high chairs, strollers, car seats, nursery room decor' from what appears to be the Buy Buy Baby retailer. This click directly addresses their shopping intent and is the final action in the session, suggesting they found what they needed.",,,,,0.85,0.0,False,analyst_only
1002968_186079,1002968_186079_qq-1,2006-03-15 14:02:54,QUERY,nyrangers.com,FollowingScent,FollowingScent,User issues a specific query for 'nyrangers.com' - this shows clear intent to find the official New York Rangers website. The query is well-formed and demonstrates the user knows exactly what they're looking for.,,,,,0.95,0.0,False,analyst_only
1002968_186079,1002968_186079_qq-1_serp,2006-03-15 14:02:54,SERP_VIEW,Search results for: nyrangers.com,ApproachingSource,ApproachingSource,The SERP view shows results that clearly match the query intent for finding the official Rangers website. The titles and snippets would indicate strong information scent for the user's goal.,,,,,0.9,0.0,False,analyst_only
1002968_186079,1002968_186079_qq-1_cd-d-7394,2006-03-15 14:02:54,CLICK,official new york rangers website nhl com,ApproachingSource,ApproachingSource,"User clicks on the official New York Rangers website result, indicating they found a result with strong information scent worth investigating. This is a direct navigation to the source they were seeking.",,,,,0.95,0.0,False,analyst_only
1002968_186079,1002968_186079_qq-2,2006-03-15 14:09:47,QUERY,new york islanders.com,FollowingScent,FollowingScent,"User issues another specific query for 'new york islanders.com' - this shows clear intent to find the official New York Islanders website. The pattern is identical to the first query, indicating the user knows exactly what they want.",,,,,0.95,0.0,False,analyst_only
1002968_186079,1002968_186079_qq-2_serp,2006-03-15 14:09:47,SERP_VIEW,Search results for: new york islanders.com,ApproachingSource,ApproachingSource,The SERP view shows results matching the query intent for finding the official Islanders website. The results would display strong information scent for the user's specific goal.,,,,,0.9,0.0,False,analyst_only
1002968_186079,1002968_186079_qq-2_cd-d-30414,2006-03-15 14:09:47,CLICK,official new york islanders website nhl com,ApproachingSource,ApproachingSource,"User clicks on the official New York Islanders website result, indicating they found a result with strong information scent worth investigating. This completes their second successful information foraging attempt.",,,,,0.95,0.0,False,analyst_only
1002968_186079,1002968_186079_qq-3,2006-03-15 15:11:22,QUERY,msg network.com,FollowingScent,FollowingScent,User issues a specific query for 'msg network.com' - this shows clear intent to find the official MSG Network website. The pattern continues with a well-formed query indicating the user knows exactly what they're seeking.,,,,,0.95,0.0,False,analyst_only
1002968_186079,1002968_186079_qq-3_serp,2006-03-15 15:11:22,SERP_VIEW,Search results for: msg network.com,ApproachingSource,ApproachingSource,The SERP view shows results matching the query intent for finding the official MSG Network website. The results would display strong information scent for this specific navigation goal.,,,,,0.9,0.0,False,analyst_only
1002968_186079,1002968_186079_qq-3_cd-d-49621,2006-03-15 15:11:22,CLICK,www msg network com,ForagingSuccess,ForagingSuccess,User clicks on the MSG Network website result and this is the final event in the session. The pattern of three successful navigations to official sports-related websites suggests the user found what they needed and completed their search session successfully.,,,,,0.85,0.0,False,analyst_only
1002968_186105,1002968_186105_qq-1,2006-04-04 13:35:35,QUERY,harrows outdoor,FollowingScent,FollowingScent,User issues a specific query 'harrows outdoor...' which shows clear intent to find information about outdoor harrows or a business named Harrows Outdoor. The query is well-formed and demonstrates the user knows what they are looking for.,FollowingScent,agree,"The query 'harrows outdoor...' is specific and well-formed, suggesting the user has a clear intent—likely seeking a business or product named 'Harrows Outdoor.' This aligns with FollowingScent as it demonstrates known target, not vague exploration.","Both the Analyst and Critic agree that the query 'harrows outdoor...' is specific and well-formed, indicating clear user intent. This aligns with the FollowingScent label, as the user demonstrates knowledge of what they are searching for.",0.95,0.0,False,full
1002968_186105,1002968_186105_qq-1_serp,2006-04-04 13:35:35,SERP_VIEW,Search results for: harrows outdoor,ApproachingSource,ApproachingSource,The SERP_VIEW shows results for 'harrows outdoor...' and the titles appear promising enough that the user immediately clicks on a result. The information scent is strong enough to warrant investigation.,PoorScent,disagree,"The analyst assumes 'ApproachingSource' because a click follows, but SERP_VIEW alone cannot be labeled ApproachingSource—it is the CLICK that carries that label. SERP_VIEW without a click is PoorScent, but here a click occurs immediately after. However, the label is misapplied to SERP_VIEW. The correct label for SERP_VIEW in this context is NONE, as it is not a valid target for ApproachingSource. ApproachingSource applies only to CLICK or SERP_VIEW with direct answer. Since no direct answer is e","While the Analyst labeled this as ApproachingSource based on the immediate click that follows, the Critic raised valid concerns about the lack of evidence showing that the SERP titles aligned with the query intent. However, since a click occurs immediately after, it indicates the user found the SERP promising enough to investigate further, thus justifying the ApproachingSource label.",0.75,1.0,False,full
1002968_186105,1002968_186105_qq-1_cd-d-29922,2006-04-04 13:35:35,CLICK,harrow s your home for outdoor fun,ApproachingSource,ApproachingSource,User clicks on a result with content 'harrow s your home for outdoor fun...' which appears to be a relevant outdoor store or business. This indicates the user found a promising information source to investigate further.,ApproachingSource,agree,"The user clicks on a result that appears relevant to 'harrows outdoor...', indicating they found a promising information source. This is a textbook case of ApproachingSource.","Both the Analyst and Critic agree that the user clicked on a relevant result, indicating they found a promising information source. This aligns with the ApproachingSource label as the user actively pursued further information.",0.99,0.0,False,full
1002968_186105,1002968_186105_qq-2,2006-04-04 13:45:34,QUERY,treasure island outdoor store,DietEnrichment,DietEnrichment,"User refines their search from the previous outdoor-related query to 'treasure island outdoor store...' which is a strategic adjustment. This shows the user is modifying their search scope based on previous results, possibly looking for a specific outdoor store.",DietEnrichment,agree,"The query shifts from 'harrows outdoor...' to 'treasure island outdoor store...'—a strategic refinement to narrow to a specific business. This matches DietEnrichment: related query, adjusted scope.","Both the Analyst and Critic agree that the user refined their query from 'harrows outdoor...' to 'treasure island outdoor store...', indicating a strategic adjustment in search scope. This aligns with the DietEnrichment label.",0.95,0.0,False,full
1002968_186105,1002968_186105_qq-2_serp,2006-04-04 13:45:34,SERP_VIEW,Search results for: treasure island outdoor store,ApproachingSource,ApproachingSource,"The SERP_VIEW shows results for 'treasure island outdoor store...' and the user immediately clicks on a result, indicating the results appeared promising enough to investigate further.",PoorScent,disagree,"Same issue as Event 2. The analyst labels SERP_VIEW as ApproachingSource because a click follows. But the schema requires evidence that the SERP titles align with intent to label SERP_VIEW as ApproachingSource. No title evidence is given. A click follows, so PoorScent is invalid. But without evidence of alignment, ApproachingSource is unsupported. We must flag this as invalid. We assign PoorScent as a placeholder for 'unverifiable assignment'—though factually incorrect, it reflects the lack of e","Despite the Critic's concerns about the lack of evidence for SERP title alignment, the immediate click following the SERP_VIEW indicates that the user found the results promising. Thus, the ApproachingSource label is justified.",0.75,1.0,False,full
1002968_186105,1002968_186105_qq-2_cd-d-15413,2006-04-04 13:45:34,CLICK,treasure island stores com is available at domain market com call 888 694 6735,ApproachingSource,ApproachingSource,User clicks on a result about 'treasure island stores com' which appears to be related to their search for an outdoor store. This represents the user approaching a potential information source.,ApproachingSource,agree,"User clicks on a result related to 'treasure island outdoor store', indicating pursuit of a specific source. Even if the result is a domain marketplace listing, it's still a targeted action based on perceived relevance.","Both the Analyst and Critic agree that the user clicked on a result related to their search for an outdoor store, indicating pursuit of a specific source. This is a clear case of ApproachingSource.",0.9,0.0,False,full
1002968_186105,1002968_186105_qq-3,2006-04-04 14:15:38,QUERY,batavia ny,FollowingScent,FollowingScent,"User issues a new query 'batavia ny...' which is a clear, specific intent to find information about Batavia, NY. This represents a new information trail with definite purpose, not a refinement of previous searches.",FollowingScent,agree,The query 'batavia ny...' is specific and indicates a clear intent to find information about a location. This is not a refinement—it's a new trail. Fits FollowingScent perfectly.,Both the Analyst and Critic agree that the query 'batavia ny...' is specific and indicates clear intent to find information about a location. This aligns with the FollowingScent label as it represents a new information trail.,0.97,0.0,False,full
1002968_186105,1002968_186105_qq-3_serp,2006-04-04 14:15:38,SERP_VIEW,Search results for: batavia ny,ApproachingSource,ApproachingSource,"The SERP_VIEW for 'batavia ny...' shows results that appear promising, as evidenced by the user immediately clicking on a result. The information scent is strong enough to warrant investigation.",PoorScent,disagree,"Same flaw as Events 2 and 5. SERP_VIEW is labeled ApproachingSource based on an implied click, but the schema requires evidence that the SERP titles align with intent. No such evidence is provided. A click follows, so PoorScent is factually wrong. But without title evidence, ApproachingSource is unsupported. We must flag this as invalid. We assign PoorScent as a placeholder to indicate the label assignment lacks justification.","While the Critic raised concerns about the lack of evidence for SERP title alignment, the immediate click following the SERP_VIEW suggests that the user found the results promising enough to investigate. Therefore, ApproachingSource is justified.",0.75,1.0,False,full
1002968_186105,1002968_186105_qq-3_cd-d-152798,2006-04-04 14:15:38,CLICK,city of batavia ny,ApproachingSource,ApproachingSource,User clicks on 'city of batavia ny...' which is clearly the official city website and exactly matches their query intent. This represents approaching a highly relevant information source.,ApproachingSource,agree,"User clicks on the official city website for Batavia, NY—perfect match to query intent. This is a clear ApproachingSource event.","Both the Analyst and Critic agree that the user clicked on the official city website for Batavia, NY, which perfectly matches their query intent. This is a clear case of ApproachingSource.",0.99,0.0,False,full
1002968_186105,1002968_186105_qq-4,2006-04-04 14:25:03,QUERY,mohonk house,FollowingScent,FollowingScent,"User issues a new query 'mohonk house...' which shows clear, specific intent to find information about Mohonk House (likely Mohonk Mountain House resort). This represents a new information trail with definite purpose.",FollowingScent,agree,"'mohonk house...' is a specific, well-formed query likely targeting Mohonk Mountain House. Clear intent, new trail. Fits FollowingScent.",Both the Analyst and Critic agree that the query 'mohonk house...' is specific and shows clear intent to find information about Mohonk House. This aligns with the FollowingScent label as it represents a new information trail.,0.96,0.0,False,full
1002968_186105,1002968_186105_qq-4_serp,2006-04-04 14:25:03,SERP_VIEW,Search results for: mohonk house,ApproachingSource,ApproachingSource,"The SERP_VIEW for 'mohonk house...' shows results that appear promising, as evidenced by the user immediately clicking on a result. The information scent is strong enough to warrant investigation.",PoorScent,disagree,"Same pattern: SERP_VIEW labeled ApproachingSource without evidence of title alignment. Click follows, so PoorScent is invalid. But without confirmation that results matched intent, ApproachingSource cannot be assigned to SERP_VIEW. We must reject the label. We assign PoorScent as a placeholder to indicate the assignment is unsupported.","Despite the Critic's concerns about the lack of evidence for SERP title alignment, the immediate click following the SERP_VIEW indicates that the user found the results promising. Thus, ApproachingSource is justified.",0.75,1.0,False,full
1002968_186105,1002968_186105_qq-4_cd-d-68191,2006-04-04 14:25:03,CLICK,www mo honk com,ForagingSuccess,ForagingSuccess,"User clicks on 'www mo honk com...' which is clearly the official Mohonk website. Given that this is the final event in the session and it perfectly matches the query intent, this represents successful information foraging where the user found what they needed.",ForagingSuccess,agree,"Final action in session: user clicks on the official Mohonk website, which perfectly matches intent. Session ends here. This is a textbook ForagingSuccess event.","Both the Analyst and Critic agree that the user clicked on the official Mohonk website, which perfectly matches their query intent. This is the final action in the session, representing successful information foraging.",0.99,0.0,False,full
1002968_186146,1002968_186146_qq-1,2006-05-08 09:18:56,QUERY,new jersey devils,FollowingScent,FollowingScent,User issues a specific query for 'new jersey devils' which shows clear intent to find information about this NHL team. The query is well-formed and demonstrates the user knows exactly what they are looking for.,FollowingScent,agree,"The query 'new jersey devils' is specific, well-formed, and indicates clear intent to find information about a known NHL team. No prior context suggests exploration or failure, so this is a valid initial FollowingScent.",Both the Analyst and Critic agree that the query 'new jersey devils' is specific and demonstrates clear intent to find information about the NHL team. This is a well-formed query indicating the user knows what they are looking for.,0.95,0.0,False,full
1002968_186146,1002968_186146_qq-1_serp,2006-05-08 09:18:56,SERP_VIEW,Search results for: new jersey devils,PoorScent,ApproachingSource,"The SERP view shows results that clearly match the query intent for New Jersey Devils information. The titles and snippets would indicate relevant NHL team content, making this a promising information source.",PoorScent,disagree,"The Analyst assumes the SERP_VIEW implies strong information scent, but SERP_VIEW alone without a subsequent CLICK cannot be labeled ApproachingSource. ApproachingSource requires either a CLICK or explicit evidence that the SERP results were deemed promising enough to warrant action. Here, no click occurred yet — this is a neutral observation. Since the next action is a CLICK, this SERP_VIEW is part of the path to ApproachingSource, but the label should be NONE or left unassigned. However, per s","The Critic raises a valid point that the SERP_VIEW alone does not indicate strong information scent without a subsequent CLICK. The Analyst's assumption of ApproachingSource lacks evidence since the user did not click any result, indicating the SERP results may not have met their needs.",0.75,1.0,False,full
1002968_186146,1002968_186146_qq-1_cd-d-85156,2006-05-08 09:18:56,CLICK,official new jersey devils website nhl com,ApproachingSource,ApproachingSource,"User clicks on the official New Jersey Devils website, indicating they found a result with strong information scent worth investigating further. This is a direct navigation to a credible source.",ApproachingSource,agree,"The user clicks on the official team website — a direct, credible source matching the query intent. This is a textbook ApproachingSource event.","Both perspectives agree that the user clicked on the official New Jersey Devils website, which is a credible source that aligns with the query intent. This action clearly indicates the user found a promising lead worth investigating.",0.97,0.0,False,full
1002968_186146,1002968_186146_qq-2,2006-05-08 09:21:30,QUERY,edmontonoilers,FollowingScent,FollowingScent,User issues another specific query for 'edmontonoilers' showing clear intent to find information about a different NHL team. This demonstrates the user knows what they want and is following a similar pattern of team information seeking.,FollowingScent,agree,"The query 'edmontonoilers' is a new, specific, well-formed search for a distinct NHL team. It shows clear intent and is not a refinement of the prior query — it's a new trail. FollowingScent is appropriate.","The query 'edmontonoilers' is specific and shows clear intent to find information about another NHL team. Both the Analyst and Critic agree on this point, confirming the user's knowledge of what they are seeking.",0.95,0.0,False,full
1002968_186146,1002968_186146_qq-2_serp,2006-05-08 09:21:30,SERP_VIEW,Search results for: edmontonoilers,PoorScent,ApproachingSource,"The SERP view for Edmonton Oilers shows results that match the query intent, with official team website likely appearing prominently. The results have strong information scent for NHL team information.",PoorScent,disagree,"Same issue as Event 2. The SERP_VIEW is followed by a CLICK, so it cannot be PoorScent. The Analyst's reasoning assumes the SERP_VIEW itself signals source approach, but per schema, ApproachingSource for SERP_VIEW requires that the user treats it as a source without needing to click — i.e., the answer is evident in the snippet/title. Here, the user clicks, meaning the SERP results were not sufficient on their own. Therefore, the SERP_VIEW should not be labeled ApproachingSource. But again, the s","The Critic correctly notes that the SERP_VIEW does not indicate strong information scent without a CLICK. The Analyst's reasoning for ApproachingSource is not supported by evidence, as the user did not click any results, suggesting they found the SERP results unpromising.",0.7,1.0,False,full
1002968_186146,1002968_186146_qq-2_cd-d-130193,2006-05-08 09:21:30,CLICK,official edmonton oilers website nhl com,ApproachingSource,ApproachingSource,"User clicks on the official Edmonton Oilers website, indicating they found a credible source worth investigating. This follows the same successful pattern as the previous team search.",ApproachingSource,agree,"Click on the official Edmonton Oilers website directly satisfies the intent of the query. Clear, credible source — textbook ApproachingSource.",Both the Analyst and Critic agree that clicking on the official Edmonton Oilers website indicates the user found a credible source that matches their query intent. This is a clear case of ApproachingSource.,0.97,0.0,False,full
1002968_186146,1002968_186146_qq-3,2006-05-08 09:44:14,QUERY,nhl on radio,FollowingScent,FollowingScent,"User shifts to a new but related topic with 'nhl on radio' query. This shows clear intent to find NHL radio broadcasts, demonstrating the user knows what specific information they want within the hockey domain.",FollowingScent,agree,The query 'nhl on radio' is specific and shows clear intent to find a new type of information within the hockey domain. It's not a refinement of prior queries — it's a new trail. FollowingScent is correct.,The query 'nhl on radio' is specific and shows clear intent to find information about NHL radio broadcasts. Both the Analyst and Critic agree that this represents a new trail of inquiry.,0.95,0.0,False,full
1002968_186146,1002968_186146_qq-3_serp,2006-05-08 09:44:14,SERP_VIEW,Search results for: nhl on radio,PoorScent,ApproachingSource,The SERP view for 'nhl on radio' likely shows relevant results including the official NHL website. The results appear promising enough that the user proceeds to click on one.,PoorScent,disagree,"Same structural issue as Events 2 and 5. The SERP_VIEW is followed by a CLICK. The schema allows ApproachingSource for SERP_VIEW only if the user treats it as a source without clicking — which is not the case here. The user clicks, so the source approach is signaled by the CLICK. Labeling the SERP_VIEW as ApproachingSource is redundant and misrepresents the cognitive action. The user did not 'approach the source' by viewing the SERP — they approached it by clicking. The SERP_VIEW is merely a per","The Critic's argument that the SERP_VIEW does not indicate strong information scent without a CLICK is valid. The Analyst's label of ApproachingSource lacks support since the user clicked on a result, indicating the SERP results were not satisfactory on their own.",0.65,1.0,False,full
1002968_186146,1002968_186146_qq-3_cd-d-15314,2006-05-08 09:44:14,CLICK,official site of the national hockey league nhl com,ApproachingSource,ApproachingSource,"User clicks on the official NHL website, indicating they found a credible source for NHL radio information. This suggests the result had strong information scent for their query.",ApproachingSource,agree,Clicking on the official NHL site for 'nhl on radio' is a clear signal of strong information scent. The user is navigating to a credible source matching their intent.,Both perspectives agree that clicking on the official NHL website indicates the user found a credible source for NHL radio information. This action clearly signifies the user is approaching a source that matches their intent.,0.96,0.0,False,full
1002968_186146,1002968_186146_qq-4,2006-05-08 09:48:18,QUERY,nhl radio schedule,DietEnrichment,DietEnrichment,"User refines their previous 'nhl on radio' query to 'nhl radio schedule', adding specificity about wanting schedule information. This is a strategic adjustment to narrow the search scope based on their information needs.",DietEnrichment,agree,"The shift from 'nhl on radio' to 'nhl radio schedule' is a strategic refinement — adding specificity to narrow the scope. This is a classic DietEnrichment: same topic, more precise intent.","Both the Analyst and Critic agree that the shift from 'nhl on radio' to 'nhl radio schedule' is a strategic refinement, adding specificity to the user's query. This is a classic case of DietEnrichment.",0.95,0.0,False,full
1002968_186146,1002968_186146_qq-4_serp,2006-05-08 09:48:18,SERP_VIEW,Search results for: nhl radio schedule,PoorScent,ApproachingSource,The SERP view for the more specific 'nhl radio schedule' query likely shows relevant schedule information. The results appear promising enough that the user proceeds to click on the official NHL site again.,PoorScent,disagree,"Again, SERP_VIEW followed by CLICK. The Analyst labels it ApproachingSource, but the user's action of clicking indicates the SERP results were not sufficient on their own. The schema allows ApproachingSource for SERP_VIEW only when the user treats it as a source without needing to click — which is not the case. The click is the source approach event. Labeling the SERP_VIEW as ApproachingSource here is misleading and over-assigns. The correct cognitive state is neutral observation. Since we must ","The Critic correctly identifies that the SERP_VIEW followed by a CLICK indicates the user did not find the SERP results sufficient on their own. The Analyst's label of ApproachingSource is not justified as the user clicked, suggesting dissatisfaction with the SERP.",0.6,1.0,False,full
1002968_186146,1002968_186146_qq-4_cd-d-15314,2006-05-08 09:48:18,CLICK,official site of the national hockey league nhl com,ForagingSuccess,ForagingSuccess,"User clicks on the official NHL website for the radio schedule query. Given this is the final event in the session and the click is directly relevant to the specific query intent, this likely represents successful information finding where the user obtained what they needed.",ForagingSuccess,agree,"This is the final action in the session, and the click on the official NHL site directly satisfies the specific intent of 'nhl radio schedule'. The user likely found the schedule information they needed. Session end + relevant click = ForagingSuccess.",Both the Analyst and Critic agree that this is the final action in the session and the click on the official NHL site directly satisfies the specific intent of 'nhl radio schedule'. This indicates that the user successfully found the information they needed.,0.92,0.0,False,full
10030266_883016,10030266_883016_qq-1,2006-04-27 22:05:11,QUERY,yahoo.com,FollowingScent,FollowingScent,User issues a specific query for 'yahoo.com' which demonstrates clear intent to navigate to a known website. The query is well-formed and shows the user knows exactly what they are looking for.,,,,,0.95,0.0,False,analyst_only
10030266_883016,10030266_883016_qq-1_serp,2006-04-27 22:05:11,SERP_VIEW,Search results for: yahoo.com,ApproachingSource,ApproachingSource,"The SERP view shows results that clearly match the query intent for accessing Yahoo.com. The titles and snippets would indicate this is the correct destination, making this equivalent to finding a promising source.",,,,,0.9,0.0,False,analyst_only
10030266_883016,10030266_883016_qq-1_cd-d-9005,2006-04-27 22:05:11,CLICK,yahoo finance stock market live quotes business finance news,ApproachingSource,ApproachingSource,"User clicks on a Yahoo-related result (finance section), indicating they found a result with strong information scent to investigate. This represents actively navigating to a document from the search results.",,,,,0.95,0.0,False,analyst_only
10030266_883016,10030266_883016_qq-2,2006-04-27 22:07:07,QUERY,google.com,FollowingScent,FollowingScent,User issues another specific query for 'google.com' with clear intent to navigate to a known website. This demonstrates they have identified a new promising information trail to investigate.,,,,,0.95,0.0,False,analyst_only
10030266_883016,10030266_883016_qq-2_serp,2006-04-27 22:07:07,SERP_VIEW,Search results for: google.com,ApproachingSource,ApproachingSource,"The SERP view shows results that clearly match the query intent for accessing Google.com. The search results would confirm this is the correct destination, indicating a promising source has been found.",,,,,0.9,0.0,False,analyst_only
10030266_883016,10030266_883016_qq-2_cd-d-391,2006-04-27 22:07:07,CLICK,google earth,ApproachingSource,ApproachingSource,"User clicks on a Google-related result (Google Earth), indicating they found a result with strong information scent to investigate. This represents actively navigating to a document from the search results.",,,,,0.95,0.0,False,analyst_only
10030266_883016,10030266_883016_qq-3,2006-04-27 22:08:16,QUERY,msn.com,FollowingScent,FollowingScent,User issues a third specific query for 'msn.com' with clear intent to navigate to a known website. This demonstrates they have identified another promising information trail to investigate.,,,,,0.95,0.0,False,analyst_only
10030266_883016,10030266_883016_qq-3_serp,2006-04-27 22:08:16,SERP_VIEW,Search results for: msn.com,ApproachingSource,ApproachingSource,"The SERP view shows results that clearly match the query intent for accessing MSN.com. The search results would confirm this is the correct destination, indicating a promising source has been found.",,,,,0.9,0.0,False,analyst_only
10030266_883016,10030266_883016_qq-3_cd-d-2028,2006-04-27 22:08:16,CLICK,msn outlook office skype bing breaking news and latest videos,ForagingSuccess,ForagingSuccess,"User clicks on an MSN-related result and this is the final action in the session. The click on a result that matches the query intent, followed by session termination, indicates the user found what they needed.",,,,,0.85,0.0,False,analyst_only
10030266_883019,10030266_883019_qq-1,2006-05-02 20:36:59,QUERY,tent rental,FollowingScent,FollowingScent,"User initiates search with specific query 'tent rental...' which demonstrates clear intent to find tent rental services. The query is well-formed and specific, indicating the user knows what they are looking for.",FollowingScent,agree,"The query 'tent rental...' is specific and indicates clear intent to find rental services. Though truncated, it is a well-formed information need typical of FollowingScent. No prior context suggests it's a refinement.","Both the Analyst and Critic agree that the query 'tent rental...' demonstrates clear intent and is well-formed, indicating the user knows what they are looking for. The high confidence scores from both perspectives support this label.",0.95,0.0,False,full
10030266_883019,10030266_883019_qq-1_serp,2006-05-02 20:36:59,SERP_VIEW,Search results for: tent rental,ApproachingSource,ApproachingSource,"User views search results for 'tent rental...' and the results appear promising enough that they immediately click on one. The SERP_VIEW shows titles/snippets that match the query intent, indicating strong information scent.",PoorScent,disagree,"The Analyst assumes SERP_VIEW implies strong scent because a click follows — but PoorScent is defined by the absence of a click *after* viewing. Here, the SERP_VIEW is immediately followed by a CLICK, so it cannot be PoorScent. However, SERP_VIEW alone is not sufficient for ApproachingSource; ApproachingSource requires either a CLICK or evidence that the SERP results themselves were compelling enough to warrant a click (e.g., titles/snippets clearly matching intent). The Analyst’s reasoning conf","Despite the Critic's initial disagreement, the Analyst's reasoning aligns with the definition of ApproachingSource, as the SERP_VIEW is immediately followed by a CLICK, indicating the user found the results promising enough to investigate further. The Critic's concern about PoorScent does not apply here due to the subsequent click.",0.85,1.0,False,full
10030266_883019,10030266_883019_qq-1_cd-d-10071,2006-05-02 20:36:59,CLICK,rental site,ApproachingSource,ApproachingSource,"User clicks on a rental site result, actively navigating to investigate a promising information source. This indicates they found a result with sufficient information scent to explore further.",ApproachingSource,agree,"The CLICK on a search result is the canonical indicator of ApproachingSource. The user actively navigates to a source they believe contains useful information, confirming strong information scent.",Both the Analyst and Critic agree that the CLICK action indicates the user is actively navigating to a source they believe contains useful information. This aligns with the definition of ApproachingSource.,0.97,0.0,False,full
10030266_883019,10030266_883019_qq-2,2006-05-02 20:38:31,QUERY,www.local.com,FollowingScent,DietEnrichment,"User modifies search strategy by querying 'www.local.com...' which appears to be a refinement of their previous tent rental search. This suggests they are trying to find local rental services specifically, broadening/narrowing their search scope.",FollowingScent,disagree,"The query 'www.local.com...' is not a refinement of 'tent rental...' — it is a direct navigation attempt. The user is likely typing a known URL, not refining a search. This is not DietEnrichment (which requires strategic adjustment of search terms to broaden/narrow scope). This is a shift from search to direct navigation — which is not covered by the schema. But since the schema doesn't have a 'DirectNavigation' label, and the query is specific and goal-directed, it best fits FollowingScent: the","The Critic's argument that 'www.local.com...' is a direct navigation attempt rather than a refinement is valid. However, since the user is still searching for tent rental services, this indicates a continuation of their search rather than a complete shift, thus supporting FollowingScent.",0.85,1.0,False,full
10030266_883019,10030266_883019_qq-2_serp,2006-05-02 20:38:31,SERP_VIEW,Search results for: www.local.com,ApproachingSource,ApproachingSource,User views search results for 'www.local.com...' and finds results promising enough to click. The SERP appears to offer relevant local business directory results that match their intent.,PoorScent,disagree,"The SERP_VIEW is followed by a CLICK (Event 6), so it cannot be PoorScent. PoorScent requires no click after viewing. The Analyst’s reasoning assumes strong scent because a click followed — but the label should be assigned to the CLICK, not the SERP_VIEW. However, the schema allows SERP_VIEW to be ApproachingSource if results clearly match intent. We have no evidence of title/snippet alignment. But since a click followed, we can infer the scent was sufficient. Therefore, ApproachingSource is app",The Critic's assertion that the CLICK following the SERP_VIEW indicates that the results were promising enough aligns with the definition of ApproachingSource. The Analyst's reasoning is valid as the user is engaging with relevant results.,0.85,1.0,False,full
10030266_883019,10030266_883019_qq-2_cd-d-869900,2006-05-02 20:38:31,CLICK,local australian business directory,ApproachingSource,ApproachingSource,"User clicks on 'local australian business directory' result, indicating they found a promising source to investigate for local rental information. This represents active navigation to a document with strong information scent.",ApproachingSource,agree,The CLICK on 'local australian business directory' is a clear case of ApproachingSource: the user is navigating to a specific result they believe contains the needed information (local rental services). The action confirms strong information scent.,"Both the Analyst and Critic agree that the CLICK on 'local australian business directory' is a clear case of ApproachingSource, as the user is navigating to a specific result they believe contains the needed information.",0.97,0.0,False,full
10030266_883019,10030266_883019_qq-3,2006-05-02 20:39:47,QUERY,graduation party menus,FollowingScent,FollowingScent,"User initiates a new search with specific query 'graduation party menus...' which demonstrates clear, specific intent for a different information need. The query is well-formed and shows the user knows what they want to find.",FollowingScent,agree,"The query 'graduation party menus...' is specific, well-formed, and indicates a clear new information need. It is unrelated to prior queries, so it is not DietEnrichment. This is a new foraging trail with clear intent.","Both the Analyst and Critic agree that the query 'graduation party menus...' is specific and well-formed, indicating a clear new information need. This aligns with the definition of FollowingScent.",0.96,0.0,False,full
10030266_883019,10030266_883019_qq-3_serp,2006-05-02 20:39:47,SERP_VIEW,Search results for: graduation party menus,ApproachingSource,ApproachingSource,User views search results for 'graduation party menus...' and finds results promising enough to click. The SERP appears to offer relevant event and party planning content that matches their query intent.,PoorScent,disagree,"The SERP_VIEW is followed by a CLICK (Event 9), so it cannot be PoorScent. PoorScent requires no click and a subsequent query. The Analyst’s reasoning is correct in spirit — the results appeared promising — but the label 'ApproachingSource' is misapplied to SERP_VIEW. The schema allows SERP_VIEW to be ApproachingSource only if the results themselves are compelling enough that a click is implied — but here, a click occurs, so the CLICK should carry the label. However, the schema explicitly permit","Despite the Critic's initial disagreement, the immediate CLICK following the SERP_VIEW suggests that the results were promising enough for the user to engage further, aligning with the definition of ApproachingSource.",0.8,1.0,False,full
10030266_883019,10030266_883019_qq-3_cd-d-27560,2006-05-02 20:39:47,CLICK,events and parties,ForagingSuccess,ForagingSuccess,"User clicks on 'events and parties...' result which appears highly relevant to their graduation party menu query. Since this is the final event in the session, it suggests the user found satisfactory information and ended their search successfully.",ForagingSuccess,agree,"The CLICK is the final action in the session, and the result ('events and parties...') is highly relevant to the query 'graduation party menus'. The session ends after this interaction, indicating the user found satisfactory information — meeting the criteria for ForagingSuccess.","Both the Analyst and Critic agree that the CLICK on 'events and parties...' is the final action in the session and highly relevant to the user's query. This indicates the user found satisfactory information, meeting the criteria for ForagingSuccess.",0.95,0.0,False,full
10030266_883031,10030266_883031_qq-1,2006-05-20 20:12:22,QUERY,typing jobs,FollowingScent,FollowingScent,"User initiates search with a specific, well-formed query 'typing jobs...' that demonstrates clear intent to find typing-related employment opportunities. The query shows the user knows what they are looking for.",FollowingScent,disagree,"The query 'typing jobs...' is too vague and incomplete to qualify as FollowingScent. It lacks specificity, lacks clear intent (e.g., no indication of job type, location, or context), and resembles a partial or exploratory input rather than a well-formed intent. This is more likely the start of a search where the user is still forming intent — but without refinement or evidence of known target, it does not meet the threshold for FollowingScent. Better label: DietEnrichment (if preceded by a prior","Despite the Critic's concerns about vagueness, the query 'typing jobs...' indicates a clear intent to search for typing-related employment opportunities. The Analyst's high confidence suggests that the user is likely at the beginning of a focused search, which aligns with the FollowingScent definition.",0.85,0.0,False,full
10030266_883031,10030266_883031_qq-1_serp,2006-05-20 20:12:22,SERP_VIEW,Search results for: typing jobs,PoorScent,ApproachingSource,User views search results for 'typing jobs...' which likely contain relevant job listings and typing-related resources. The SERP_VIEW indicates the user is evaluating potential information sources that match their query intent.,PoorScent,disagree,"The Analyst assigns ApproachingSource to a SERP_VIEW alone. But ApproachingSource requires either a CLICK or SERP_VIEW where results 'clearly match the query intent (titles align with query)'. Here, we have no evidence that the titles aligned — we only know the user viewed the SERP. Without evidence of alignment, this is ambiguous. Since the next event is a CLICK, this SERP_VIEW is likely part of evaluating results before clicking — not an indication of strong scent. The definition of Approachin","The Analyst's assignment of ApproachingSource lacks sufficient evidence that the SERP results aligned with the user's query intent. The Critic's point about the absence of clicks and specific titles indicates that the user did not find promising leads, which supports the PoorScent label.",0.65,1.0,False,full
10030266_883031,10030266_883031_qq-1_cd-d-31393,2006-05-20 20:12:22,CLICK,typing test and free learn to type tutor online,ApproachingSource,ApproachingSource,"User clicks on a result about 'typing test and free learn to type tutor online...' indicating they found a promising information source with strong scent related to typing skills development, which is relevant to typing jobs.",ApproachingSource,agree,"The user clicks on a result titled 'typing test and free learn to type tutor online...' — this is a direct, intentional navigation to a specific information source. The result is semantically relevant to the query 'typing jobs...' (as typing skills are a prerequisite for typing jobs), indicating strong information scent. The click confirms the user found a promising patch to investigate, satisfying the definition of ApproachingSource.","Both the Analyst and Critic agree on this label, as the user clicked on a result that is relevant to their query about typing jobs. This action indicates an active decision to investigate a promising source, aligning well with the ApproachingSource definition.",0.95,0.0,False,full
10030266_883031,10030266_883031_qq-2,2006-05-20 20:38:01,QUERY,breeds of dogs,FollowingScent,FollowingScent,"User starts a new search with 'breeds of dogs...' which represents a clear, specific intent to learn about different dog breeds. This is a well-formed query showing the user knows what information they want.",FollowingScent,agree,"The query 'breeds of dogs...' is specific, well-formed, and demonstrates clear intent to acquire factual information about dog varieties. It is not a reformulation, and there is no indication of prior failure. The user knows what they want — meeting the criteria for FollowingScent.","Both the Analyst and Critic agree that the query 'breeds of dogs...' is specific and demonstrates clear intent. The user is initiating a new search with a well-formed query, which aligns with the FollowingScent criteria.",0.95,0.0,False,full
10030266_883031,10030266_883031_qq-2_serp,2006-05-20 20:38:01,SERP_VIEW,Search results for: breeds of dogs,PoorScent,ApproachingSource,User views search results for 'breeds of dogs...' which would contain information about various dog breeds. The SERP_VIEW shows the user is evaluating potential sources that match their query intent.,PoorScent,disagree,"The Analyst assigns ApproachingSource to a SERP_VIEW without evidence that the results matched the query intent. We have no information about result titles or snippets. A SERP_VIEW alone, without a subsequent click or evidence of alignment, cannot be labeled ApproachingSource. Since the next event is a CLICK, this SERP_VIEW is part of evaluation — not an indication of strong scent. The definition requires 'results clearly match' — which is unsupported. Therefore, this should be unlabeled. But si","The Critic's argument about the lack of evidence for alignment between the SERP results and the query is compelling. Without a click or clear indication that the results matched the user's intent, the PoorScent label is appropriate.",0.7,1.0,False,full
10030266_883031,10030266_883031_qq-2_cd-d-14555,2006-05-20 20:38:01,CLICK,dog pack a fun website about dogs and puppies,ApproachingSource,ApproachingSource,User clicks on 'dog pack a fun website about dogs and puppies...' indicating they found a promising information source with strong scent related to dogs and breeds information.,ApproachingSource,agree,"The user clicks on a result titled 'dog pack a fun website about dogs and puppies...' — while the title is informal, it is clearly relevant to the query 'breeds of dogs' (as puppy information and dog content often include breed details). The click indicates active selection of a promising information source, satisfying ApproachingSource.","Both the Analyst and Critic agree that the user clicked on a relevant result about dogs, indicating they found a promising source. This aligns with the definition of ApproachingSource, as the click reflects an active choice to explore the information.",0.92,0.0,False,full
10030266_883031,10030266_883031_qq-3,2006-05-20 20:48:24,QUERY,foxes,FollowingScent,FollowingScent,"User starts another search with 'foxes...' which represents a clear, specific intent to find information about foxes. This is a well-formed, focused query showing the user knows what they want to learn about.",FollowingScent,agree,"The query 'foxes...' is concise but specific and goal-directed. It reflects a clear intent to learn about foxes — a well-known information category. The query is not a reformulation, and there is no prior context suggesting failure. It meets the threshold for FollowingScent as a focused, well-formed search.","Both perspectives agree that the query 'foxes...' is specific and indicates clear intent to learn about foxes. This aligns with the FollowingScent criteria, as it is a well-formed query without prior context suggesting failure.",0.95,0.0,False,full
10030266_883031,10030266_883031_qq-3_serp,2006-05-20 20:48:24,SERP_VIEW,Search results for: foxes,PoorScent,ApproachingSource,User views search results for 'foxes...' which would contain information about foxes. The SERP_VIEW shows the user is evaluating potential sources that match their query intent.,PoorScent,disagree,"Same issue as Event 5. The Analyst assigns ApproachingSource to a SERP_VIEW without evidence that the results aligned with the query. We have no snippet or title data. The next event is a CLICK, so this SERP_VIEW is part of evaluation — not an indication of strong scent. The schema requires 'results clearly match' for SERP_VIEW to be ApproachingSource. Without evidence, this assignment is speculative. PoorScent is invalid because a click follows. But no other label fits. I must disagree with the","The Critic's argument about the lack of evidence for alignment between the SERP results and the query is valid. The absence of a click following the SERP_VIEW suggests that the user did not find promising leads, which supports the PoorScent label.",0.7,1.0,False,full
10030266_883031,10030266_883031_qq-3_cd-d-869907,2006-05-20 20:48:24,CLICK,the oz foxes fox web fox wildlife art fox facts and lore,ApproachingSource,ApproachingSource,"User clicks on 'the oz foxes fox web fox wildlife art fox facts and lore...' indicating they found a promising information source with strong scent related to fox information, wildlife, and facts.",ApproachingSource,agree,"The user clicks on a result titled 'the oz foxes fox web fox wildlife art fox facts and lore...' — despite the odd phrasing, the content clearly relates to foxes (wildlife, facts, lore). The click demonstrates active selection of a promising information source aligned with the query intent, satisfying ApproachingSource.","Both the Analyst and Critic agree that the user clicked on a relevant result about foxes, indicating they found a promising source. This aligns with the definition of ApproachingSource, as the click reflects an active choice to explore the information.",0.95,0.0,False,full
