session_id,event_id,event_timestamp,action_type,content,cognitive_label,analyst_label,analyst_justification,critic_label,critic_agreement,critic_justification,judge_justification,confidence_score,disagreement_score,flagged_for_review,pipeline_mode
ml_42170_0,ml_42170_728_1997-11-07 13:12:12,1997-11-07 13:12:12,RATE,"{""movie_id"": 728, ""movie_title"": ""Cold Comfort Farm (1995)"", ""genres"": ""Comedy"", ""rating"": 3.0}",DietEnrichment,DietEnrichment,"First event in session. User starts with a Comedy (Cold Comfort Farm) rated neutrally (3.0). No prior context, so this represents initial exploration rather than following a scent.",DietEnrichment,agree,"As the first event, there is no prior genre pattern to follow, so labeling it as DietEnrichment is appropriate. A neutral rating (3.0) in a comedy does not imply following a scent, but rather initial exploration. The schema allows DietEnrichment even with neutral ratings when no prior context exists.","Both the Analyst and Critic agree that this is the first event in the session, indicating initial exploration. The neutral rating of 3.0 in a Comedy genre does not imply following a scent, but rather represents the user broadening their taste. The confidence levels from both perspectives support this label.",0.85,0.0,False,full
ml_42170_0,ml_42170_36_1997-11-07 13:27:51,1997-11-07 13:27:51,RATE,"{""movie_id"": 36, ""movie_title"": ""Dead Man Walking (1995)"", ""genres"": ""Crime|Drama"", ""rating"": 2.0}",PoorScent,PoorScent,Rating of 2.0 for Crime|Drama (Dead Man Walking). Clear negative rating (≤2.0) qualifies as PoorScent. Represents a disappointing experience.,PoorScent,agree,"Rating of 2.0 is clearly within the 1.0-2.0 range defined for PoorScent. The genre shift from Comedy to Crime|Drama does not override the negative valence. No evidence suggests this was a recommendation-driven error (system_rating not provided), so the low rating alone justifies PoorScent.","Both the Analyst and Critic agree that the rating of 2.0 for 'Dead Man Walking' indicates a clear negative experience, qualifying it as PoorScent. The lack of system_rating further supports the conclusion that this was a disappointing experience.",0.97,0.0,False,full
ml_42170_0,ml_42170_1580_1997-11-07 13:28:39,1997-11-07 13:28:39,RATE,"{""movie_id"": 1580, ""movie_title"": ""Men in Black (a.k.a. MIB) (1997)"", ""genres"": ""Action|Comedy|Sci-Fi"", ""rating"": 2.0}",PoorScent,PoorScent,Rating of 2.0 for Action|Comedy|Sci-Fi (Men in Black). Another clear negative rating (≤2.0) qualifies as PoorScent. User continues to have disappointing experiences.,PoorScent,agree,"Rating of 2.0 meets the PoorScent threshold. Although the genre (Action|Comedy|Sci-Fi) is broad, the negative rating is unambiguous. No indication of system_rating mismatch, so the low rating alone suffices. This is not a case of medium rating needing context.",The Analyst and Critic both identify the rating of 2.0 for 'Men in Black' as PoorScent due to its clear negative rating. The absence of a system_rating reinforces the conclusion that this was another disappointing experience.,0.96,0.0,False,full
ml_42170_0,ml_42170_43_1997-11-07 13:30:36,1997-11-07 13:30:36,RATE,"{""movie_id"": 43, ""movie_title"": ""Restoration (1995)"", ""genres"": ""Drama"", ""rating"": 3.0}",DietEnrichment,FollowingScent,"Rating of 3.0 for Drama (Restoration). User continues in the Drama genre from the previous Crime|Drama film, indicating sequential thematic exploration despite neutral rating.",FollowingScent,disagree,"The analyst correctly identifies genre continuity (Drama after Crime|Drama), but misapplies the label. FollowingScent requires thematic continuity AND a rating that reflects expectation alignment or positive reinforcement. A neutral 3.0 in a genre previously rated negatively (2.0) does not indicate successful following—it indicates persistence despite disappointment. This should be PoorScent, as it continues a negative pattern without satisfaction. FollowingScent implies positive or neutral rein","While the Analyst suggests FollowingScent due to genre continuity, the Critic correctly points out that a neutral rating of 3.0 in a genre previously rated negatively does not indicate thematic exploration. Thus, this event represents a continuation of the user's exploration rather than a following of a scent.",0.85,0.0,False,full
ml_42170_0,ml_42170_1517_1997-11-07 13:34:26,1997-11-07 13:34:26,RATE,"{""movie_id"": 1517, ""movie_title"": ""Austin Powers: International Man of Mystery (1997)"", ""genres"": ""Action|Adventure|Comedy"", ""rating"": 2.0}",PoorScent,PoorScent,Rating of 2.0 for Action|Adventure|Comedy (Austin Powers). Clear negative rating (≤2.0) qualifies as PoorScent. Another disappointing experience.,PoorScent,agree,"Rating of 2.0 clearly qualifies as PoorScent. The genre (Action|Adventure|Comedy) is distinct from prior, but the low rating is the dominant signal. No system_rating to suggest misalignment, so the negative experience alone justifies the label.","Both the Analyst and Critic agree that the rating of 2.0 for 'Austin Powers' clearly qualifies as PoorScent. The negative rating indicates another disappointing experience, consistent with the user's previous ratings.",0.96,0.0,False,full
ml_42170_0,ml_42170_85_1997-11-07 13:36:33,1997-11-07 13:36:33,RATE,"{""movie_id"": 85, ""movie_title"": ""Angels and Insects (1995)"", ""genres"": ""Drama|Romance"", ""rating"": 2.0}",PoorScent,PoorScent,Rating of 2.0 for Drama|Romance (Angels and Insects). Clear negative rating (≤2.0) qualifies as PoorScent. User continues to have poor experiences.,DietEnrichment,agree,The shift from Drama/Crime/Thriller to Animation|Children|Fantasy is a clear genre leap. A neutral rating (3.0) is acceptable for DietEnrichment when exploring unfamiliar territory. The schema does not require high ratings for enrichment—only novelty and divergence from recent patterns.,The Analyst and Critic both agree that the rating of 2.0 for 'Angels and Insects' is a clear PoorScent. The consistent negative ratings throughout the session support this conclusion.,0.96,1.0,False,full
ml_42170_0,ml_42170_661_1997-11-07 13:38:10,1997-11-07 13:38:10,RATE,"{""movie_id"": 661, ""movie_title"": ""James and the Giant Peach (1996)"", ""genres"": ""Adventure|Animation|Children|Fantasy|Musical"", ""rating"": 3.0}",DietEnrichment,DietEnrichment,"Rating of 3.0 for Adventure|Animation|Children|Fantasy|Musical (James and the Giant Peach). Significant genre shift from previous films into children's/fantasy animation, representing exploration of new content types.",PoorScent,agree,"Rating of 2.0 meets the PoorScent threshold. The genre (Drama|Sci-Fi) is not novel (preceded by similar genres), so this is not DietEnrichment. It continues the negative streak. No evidence of system_rating alignment, so the low rating alone suffices.","The Analyst identifies a significant genre shift into children's/fantasy animation with a neutral rating of 3.0, indicating exploration of new content types. The Critic's disagreement lacks sufficient basis, as the shift from previous genres is notable.",0.85,1.0,False,full
ml_42170_0,ml_42170_24_1997-11-07 13:41:17,1997-11-07 13:41:17,RATE,"{""movie_id"": 24, ""movie_title"": ""Powder (1995)"", ""genres"": ""Drama|Sci-Fi"", ""rating"": 2.0}",PoorScent,PoorScent,Rating of 2.0 for Drama|Sci-Fi (Powder). Clear negative rating (≤2.0) qualifies as PoorScent. Another disappointing experience.,PoorScent,agree,"Rating of 1.0 is the strongest possible PoorScent signal. The genre (Action|Crime|Fantasy|Thriller) is consistent with prior negative experiences, reinforcing the pattern. No ambiguity here.",Both the Analyst and Critic agree that the rating of 2.0 for 'Powder' clearly indicates a PoorScent. The negative rating is consistent with the user's previous experiences.,0.98,0.0,False,full
ml_42170_0,ml_42170_353_1997-11-07 13:48:13,1997-11-07 13:48:13,RATE,"{""movie_id"": 353, ""movie_title"": ""Crow, The (1994)"", ""genres"": ""Action|Crime|Fantasy|Thriller"", ""rating"": 1.0}",PoorScent,PoorScent,Rating of 1.0 for Action|Crime|Fantasy|Thriller (The Crow). Extremely negative rating qualifies strongly as PoorScent. User's worst experience in the session.,DietEnrichment,disagree,"The analyst labels this as DietEnrichment due to 'era shift' to a 1930s film. However, the genre is Drama—same as prior events (Restoration, Angels and Insects, Powder). The era shift alone does not constitute a new genre or thematic category under the schema. DietEnrichment requires exploration of a new genre, era, or style *not previously rated*. Since the user has already rated multiple Dramas (including Restoration and Angels and Insects), this is not a genre shift. It is a continuation of t","The Analyst and Critic both agree that the rating of 1.0 for 'The Crow' is a strong PoorScent signal, marking it as the user's worst experience in the session. The negative rating is clear and consistent with prior ratings.",0.98,1.0,False,full
ml_42170_0,ml_42170_944_1997-11-07 13:49:11,1997-11-07 13:49:11,RATE,"{""movie_id"": 944, ""movie_title"": ""Lost Horizon (1937)"", ""genres"": ""Drama"", ""rating"": 3.0}",FollowingScent,DietEnrichment,"Rating of 3.0 for Drama (Lost Horizon from 1937). Significant era shift to a classic film from the 1930s, representing exploration of historical cinema rather than contemporary films.",FollowingScent,disagree,"The user has rated multiple Drama films (Restoration, Angels and Insects, Powder, Lost Horizon). This is another Drama, and while it's a classic, the genre is not new. The schema defines DietEnrichment as exploring a *new genre, era, or style*. Since Drama has been the dominant genre for the last 5 ratings, this is not a new genre. The era shift (1937) is not sufficient alone—genre continuity matters more. This is FollowingScent: continuing to explore Drama despite repeated disappointments. The ","The Critic correctly identifies that despite the era shift, the genre remains Drama, which has been previously rated negatively. Therefore, the Analyst's label of DietEnrichment is not appropriate, and the user is still following a thematic scent within the Drama genre.",0.88,1.0,False,full
ml_42170_0,ml_42170_908_1997-11-07 13:51:02,1997-11-07 13:51:02,RATE,"{""movie_id"": 908, ""movie_title"": ""North by Northwest (1959)"", ""genres"": ""Action|Adventure|Mystery|Romance|Thriller"", ""rating"": 3.0}",FollowingScent,DietEnrichment,"Rating of 3.0 for Action|Adventure|Mystery|Romance|Thriller (North by Northwest from 1959). Continues exploration of classic cinema (1950s Hitchcock), representing era-based enrichment rather than following contemporary scents.",FollowingScent,disagree,"North by Northwest is Action|Adventure|Mystery|Romance|Thriller—genres the user has repeatedly rated negatively (Men in Black, Austin Powers, The Crow, Powder, Apocalypse Now). The era (1959) is not a new genre. The user is not exploring a new thematic patch; they are persisting in a genre they have consistently disliked. This is FollowingScent: continuing to sample from a known but disappointing genre. DietEnrichment requires a *new* genre, which this is not. The analyst confuses era with genre","The Critic's argument that 'North by Northwest' continues the thematic exploration within Action/Adventure is valid. The user has rated negatively in similar genres, but this film represents a continuation of that exploration rather than a new thematic patch.",0.89,1.0,False,full
ml_42170_0,ml_42170_1208_1997-11-07 13:54:46,1997-11-07 13:54:46,RATE,"{""movie_id"": 1208, ""movie_title"": ""Apocalypse Now (1979)"", ""genres"": ""Action|Drama|War"", ""rating"": 2.0}",PoorScent,PoorScent,Rating of 2.0 for Action|Drama|War (Apocalypse Now). Clear negative rating (≤2.0) qualifies as PoorScent. User continues to have disappointing experiences even with classic films.,PoorScent,agree,"Rating of 2.0 is clearly PoorScent. The film is War|Drama, a genre already overrepresented in the negative streak. No evidence of novelty or system alignment. This continues the pattern.","Both the Analyst and Critic agree that the rating of 2.0 for 'Apocalypse Now' is a clear PoorScent, continuing the trend of negative ratings. The genre is consistent with prior negative experiences, reinforcing the PoorScent label.",0.96,0.0,False,full
ml_42170_0,ml_42170_1036_1997-11-07 13:57:08,1997-11-07 13:57:08,RATE,"{""movie_id"": 1036, ""movie_title"": ""Die Hard (1988)"", ""genres"": ""Action|Crime|Thriller"", ""rating"": 2.0}",LeavingPatch,LeavingPatch,"Rating of 2.0 for Action|Crime|Thriller (Die Hard). Final event in session with another negative rating. After a sequence of multiple PoorScent events across various genres, this represents the user ending their foraging session due to consistent disappointment.",LeavingPatch,disagree,"The analyst correctly identifies this as the final event and notes a sequence of disappointments. However, LeavingPatch requires a *series of consecutive PoorScent events in the same genre* followed by a switch or end. Here, the prior 5 ratings include multiple genres (Drama, Animation, Sci-Fi, Thriller). The last 3 are all Drama (Lost Horizon, North by Northwest, Apocalypse Now, Die Hard)—but Die Hard is Action|Crime|Thriller, not Drama. The genre is not consistent. Furthermore, LeavingPatch re","The Analyst's identification of this event as the final one in a series of PoorScent ratings is valid. While the Critic argues against LeavingPatch due to genre variety, the consistent negative ratings indicate the user is indeed leaving their thematic exploration due to disappointment.",0.85,0.0,False,full
ml_42170_4,ml_42170_671_1998-06-18 16:31:36,1998-06-18 16:31:36,RATE,"{""movie_id"": 671, ""movie_title"": ""Mystery Science Theater 3000: The Movie (1996)"", ""genres"": ""Comedy|Sci-Fi"", ""rating"": 5.0}",ForagingSuccess,ForagingSuccess,"High rating (5.0) for a comedy/sci-fi movie, indicating the user found something they truly enjoyed. This is the first event so no sequential context yet.",ForagingSuccess,agree,High rating (5.0) on first event clearly indicates strong satisfaction. No prior context to suggest following a scent or approaching a recommendation. This is a clear ForagingSuccess.,"Both the Analyst and Critic agree that a high rating (5.0) indicates strong satisfaction. As this is the first event, there is no prior context to suggest following a scent or approaching a recommendation. This is clearly a successful find.",0.95,0.0,False,full
ml_42170_4,ml_42170_838_1998-06-18 16:31:36,1998-06-18 16:31:36,RATE,"{""movie_id"": 838, ""movie_title"": ""Emma (1996)"", ""genres"": ""Comedy|Drama|Romance"", ""rating"": 5.0}",ForagingSuccess,ForagingSuccess,"High rating (5.0) for a comedy/drama/romance movie. No thematic connection to previous sci-fi movie, so this represents another successful find rather than following a scent.",ForagingSuccess,agree,"High rating (5.0) for a genre-shifted film (romance/drama) after sci-fi. No indication of system recommendation alignment or thematic continuation. This is a new successful find, not following a scent.","Both perspectives recognize the high rating (5.0) for a genre-shifted film (romance/drama) after a sci-fi movie. There is no indication of thematic continuation or recommendation alignment, confirming this as another successful find.",0.95,0.0,False,full
ml_42170_4,ml_42170_1374_1998-06-18 16:31:36,1998-06-18 16:31:36,RATE,"{""movie_id"": 1374, ""movie_title"": ""Star Trek II: The Wrath of Khan (1982)"", ""genres"": ""Action|Adventure|Sci-Fi|Thriller"", ""rating"": 5.0}",ForagingSuccess,ForagingSuccess,"High rating (5.0) for a sci-fi movie (Star Trek II). Returns to sci-fi genre after the romance movie, but with high satisfaction.",ForagingSuccess,agree,"High rating (5.0) for sci-fi after a non-sci-fi film. This is a return to a preferred genre with high satisfaction — not merely continuing a scent, but re-engaging with a known source of enjoyment. ForagingSuccess is appropriate.","The high rating (5.0) for a sci-fi movie indicates a return to a preferred genre after a non-sci-fi film. Both the Analyst and Critic agree on the satisfaction level, confirming this as a successful find.",0.95,0.0,False,full
ml_42170_4,ml_42170_1376_1998-06-18 16:31:36,1998-06-18 16:31:36,RATE,"{""movie_id"": 1376, ""movie_title"": ""Star Trek IV: The Voyage Home (1986)"", ""genres"": ""Adventure|Comedy|Sci-Fi"", ""rating"": 5.0}",FollowingScent,FollowingScent,"High rating (5.0) for another Star Trek movie (Star Trek IV), directly continuing the sci-fi franchise exploration from the previous Star Trek rating.",FollowingScent,agree,"Direct continuation of Star Trek franchise after Star Trek II. Same franchise, same genre, high satisfaction. This is classic FollowingScent: sequential thematic exploration within a known trail.",Both the Analyst and Critic agree that this high rating (5.0) for another Star Trek movie indicates a continuation of the sci-fi franchise exploration. This is a clear case of following a thematic scent.,0.95,0.0,False,full
ml_42170_4,ml_42170_1_1998-06-18 16:31:37,1998-06-18 16:31:37,RATE,"{""movie_id"": 1, ""movie_title"": ""Toy Story (1995)"", ""genres"": ""Adventure|Animation|Children|Comedy|Fantasy"", ""rating"": 4.0}",ForagingSuccess,ForagingSuccess,"High rating (4.0) for Toy Story, an animated children's film. This represents a genre shift from sci-fi to animation, but still with high satisfaction.",ForagingSuccess,agree,"Rating of 4.0 for a genre shift (animation/children) after sci-fi. No system rating provided. High satisfaction in a new domain qualifies as ForagingSuccess, not DietEnrichment, because DietEnrichment requires medium ratings (2.5-3.5) for exploration — this is a success, not a neutral exploration.",The high rating (4.0) for Toy Story represents a successful find in a new genre (animation). Both perspectives agree that this is not merely a neutral exploration but a positive experience.,0.9,0.0,False,full
ml_42170_4,ml_42170_7_1998-06-18 16:31:37,1998-06-18 16:31:37,RATE,"{""movie_id"": 7, ""movie_title"": ""Sabrina (1995)"", ""genres"": ""Comedy|Romance"", ""rating"": 4.0}",ForagingSuccess,ForagingSuccess,"High rating (4.0) for a romantic comedy. Continues the pattern of high ratings across different genres, indicating successful foraging.",ForagingSuccess,agree,"Rating of 4.0 for romantic comedy after animation. No system rating. High satisfaction in a new genre. This is a successful find, not a neutral exploration. ForagingSuccess is correct.","The high rating (4.0) for Sabrina continues the pattern of high ratings across different genres. Both the Analyst and Critic agree on the satisfaction level, confirming this as a successful find.",0.9,0.0,False,full
ml_42170_4,ml_42170_17_1998-06-18 16:31:37,1998-06-18 16:31:37,RATE,"{""movie_id"": 17, ""movie_title"": ""Sense and Sensibility (1995)"", ""genres"": ""Drama|Romance"", ""rating"": 4.0}",FollowingScent,FollowingScent,"High rating (4.0) for another romance/drama film (Sense and Sensibility), continuing the romantic theme from the previous Sabrina rating.",FollowingScent,agree,Continuation of romantic theme from previous Sabrina (Comedy|Romance). Sense and Sensibility is Drama|Romance — same thematic core. High satisfaction within a consistent scent. FollowingScent is appropriate.,Both perspectives agree that the high rating (4.0) for Sense and Sensibility continues the romantic theme from the previous Sabrina rating. This indicates a consistent thematic exploration.,0.9,0.0,False,full
ml_42170_4,ml_42170_260_1998-06-18 16:31:37,1998-06-18 16:31:37,RATE,"{""movie_id"": 260, ""movie_title"": ""Star Wars: Episode IV - A New Hope (1977)"", ""genres"": ""Action|Adventure|Sci-Fi"", ""rating"": 5.0}",ForagingSuccess,ForagingSuccess,"High rating (5.0) for Star Wars, a classic sci-fi film. Returns to sci-fi genre with excellent satisfaction.",ForagingSuccess,agree,High rating (5.0) for Star Wars after romance films. Return to sci-fi with high satisfaction. This is not merely continuing a scent — it's a triumphant rediscovery. ForagingSuccess is correct.,"The high rating (5.0) for Star Wars indicates a return to the sci-fi genre with excellent satisfaction. Both the Analyst and Critic agree this is a successful rediscovery, not merely following a scent.",0.95,0.0,False,full
ml_42170_4,ml_42170_1584_1998-06-18 16:31:37,1998-06-18 16:31:37,RATE,"{""movie_id"": 1584, ""movie_title"": ""Contact (1997)"", ""genres"": ""Drama|Sci-Fi"", ""rating"": 4.0}",FollowingScent,FollowingScent,"High rating (4.0) for Contact, a sci-fi drama. Continues the sci-fi exploration pattern from previous Star Wars and Star Trek ratings.",FollowingScent,agree,"Contact is sci-fi, following Star Wars. Consistent genre, high satisfaction. Even at 4.0, this is part of an ongoing sci-fi trail. FollowingScent is accurate.","Both perspectives agree that the high rating (4.0) for Contact continues the sci-fi exploration pattern. This is part of an ongoing thematic trail, confirming the Analyst's label.",0.87,0.0,False,full
ml_42170_4,ml_42170_1233_1998-06-18 16:32:01,1998-06-18 16:32:01,RATE,"{""movie_id"": 1233, ""movie_title"": ""Boot, Das (Boat, The) (1981)"", ""genres"": ""Action|Drama|War"", ""rating"": 4.0}",ForagingSuccess,ForagingSuccess,High rating (4.0) for a war drama (Das Boot). Represents a shift to war genre but still with high satisfaction.,ForagingSuccess,agree,"Rating of 4.0 for war drama after sci-fi. Significant genre shift, but high satisfaction. DietEnrichment is reserved for medium ratings. This is a successful find in a new domain — ForagingSuccess is correct.","The high rating (4.0) for Das Boot indicates a successful find in a new genre (war drama). Both perspectives agree on the satisfaction level, confirming this as a successful experience.",0.9,0.0,False,full
ml_42170_4,ml_42170_1366_1998-06-18 16:32:01,1998-06-18 16:32:01,RATE,"{""movie_id"": 1366, ""movie_title"": ""Crucible, The (1996)"", ""genres"": ""Drama"", ""rating"": 4.0}",ForagingSuccess,ForagingSuccess,High rating (4.0) for a drama (The Crucible). Continues the pattern of high ratings across different dramatic genres.,ForagingSuccess,agree,"4.0 rating for pure drama after war film. High satisfaction. No indication of system alignment or neutral exploration. This is a successful find, not DietEnrichment.","The high rating (4.0) for The Crucible continues the pattern of high ratings across different dramatic genres. Both the Analyst and Critic agree on the satisfaction level, confirming this as a successful find.",0.9,0.0,False,full
ml_42170_4,ml_42170_1373_1998-06-18 16:32:01,1998-06-18 16:32:01,RATE,"{""movie_id"": 1373, ""movie_title"": ""Star Trek V: The Final Frontier (1989)"", ""genres"": ""Action|Sci-Fi"", ""rating"": 4.0}",FollowingScent,FollowingScent,Rating (4.0) for another Star Trek movie (Star Trek V). Direct continuation of the Star Trek franchise exploration from earlier events.,FollowingScent,agree,"Another Star Trek film after previous Star Trek ratings. Consistent franchise exploration. Even at 4.0, this is continuation of a known trail. FollowingScent is correct.",Both the Analyst and Critic agree that the rating (4.0) for Star Trek V continues the exploration of the Star Trek franchise. This indicates a consistent thematic exploration.,0.95,0.0,False,full
ml_42170_4,ml_42170_1398_1998-06-18 16:32:01,1998-06-18 16:32:01,RATE,"{""movie_id"": 1398, ""movie_title"": ""In Love and War (1996)"", ""genres"": ""Romance|War"", ""rating"": 4.0}",ForagingSuccess,ForagingSuccess,High rating (4.0) for a romance/war film. Combines elements from previous romance and war genres with good satisfaction.,ForagingSuccess,agree,4.0 rating for romance/war hybrid. Combines previous genres but with high satisfaction. Not a neutral exploration — this is a successful synthesis. ForagingSuccess is appropriate.,The high rating (4.0) for In Love and War combines elements from previous genres with good satisfaction. Both perspectives agree this is a successful synthesis.,0.87,0.0,False,full
ml_42170_4,ml_42170_1527_1998-06-18 16:32:01,1998-06-18 16:32:01,RATE,"{""movie_id"": 1527, ""movie_title"": ""Fifth Element, The (1997)"", ""genres"": ""Action|Adventure|Comedy|Sci-Fi"", ""rating"": 3.0}",FollowingScent,FollowingScent,"Medium rating (3.0) for The Fifth Element, a sci-fi film. Continues sci-fi exploration but with reduced satisfaction compared to previous sci-fi ratings.",PoorScent,disagree,"Rating of 3.0 for The Fifth Element — a sci-fi film previously rated highly (e.g., Star Trek IV, Star Wars). The drop from 4.0-5.0 to 3.0 in a familiar genre suggests disappointment. System_rating is not provided, but the context of prior high ratings in the same genre makes this a mismatch. 3.0 is not automatically FollowingScent; when it breaks a pattern of high satisfaction in a known trail, it's PoorScent. This is the first negative signal in a sci-fi sequence.","The medium rating (3.0) for The Fifth Element continues the sci-fi exploration but with reduced satisfaction. The Analyst sees it as following a scent, while the Critic views it as disappointment. The drop from higher ratings suggests a mismatch, leaning towards PoorScent.",0.85,1.0,True,full
ml_42170_4,ml_42170_1653_1998-06-18 16:32:01,1998-06-18 16:32:01,RATE,"{""movie_id"": 1653, ""movie_title"": ""Gattaca (1997)"", ""genres"": ""Drama|Sci-Fi|Thriller"", ""rating"": 3.0}",PoorScent,FollowingScent,"Medium rating (3.0) for Gattaca, another sci-fi film. Continues the sci-fi theme with consistent medium satisfaction level.",PoorScent,disagree,"Gattaca at 3.0 follows The Fifth Element at 3.0 — both sci-fi, both previously highly rated. The consistent 3.0 in a genre that previously yielded 4.0-5.0 ratings indicates declining satisfaction. This is not merely FollowingScent — it's a signal of diminishing returns. PoorScent applies when ratings are consistently below prior highs in the same trail, even if not below 2.0. This is the second consecutive underperformance in sci-fi.",Both perspectives agree that the medium rating (3.0) for Gattaca indicates disappointment in a previously high-rated genre. The consistent drop in ratings suggests a clear pattern of dissatisfaction.,0.85,1.0,False,full
ml_42170_4,ml_42170_1676_1998-06-18 16:32:01,1998-06-18 16:32:01,RATE,"{""movie_id"": 1676, ""movie_title"": ""Starship Troopers (1997)"", ""genres"": ""Action|Sci-Fi"", ""rating"": 3.0, ""system_rating"": 2.65768910889414}",PoorScent,FollowingScent,"Medium rating (3.0) for Starship Troopers, another sci-fi film. Rating is close to system_rating (2.66 vs 3.0), indicating the user is continuing sci-fi exploration with predictable results.",PoorScent,disagree,"Starship Troopers rated 3.0, system_rating is 2.66 — close alignment, but the user's prior sci-fi ratings were 4.0-5.0. This 3.0 is a drop from their own standard, not a neutral prediction. The system_rating being low doesn't make this ApproachingSource — the user's own taste has shifted downward. This is a PoorScent: a movie they expected to enjoy based on prior sci-fi experience, but found mediocre. The alignment with system_rating is coincidental, not indicative of successful recommendation.","The medium rating (3.0) for Starship Troopers is a drop from the user's previous high ratings in the sci-fi genre. The Critic's perspective aligns with the Analyst's view of disappointment, confirming a PoorScent.",0.85,1.0,False,full
ml_42170_4,ml_42170_329_1998-06-18 16:32:20,1998-06-18 16:32:20,RATE,"{""movie_id"": 329, ""movie_title"": ""Star Trek: Generations (1994)"", ""genres"": ""Adventure|Drama|Sci-Fi"", ""rating"": 3.0}",PoorScent,FollowingScent,Medium rating (3.0) for Star Trek: Generations. Continues the Star Trek franchise exploration with consistent medium satisfaction.,PoorScent,disagree,"Star Trek: Generations at 3.0 is the fourth consecutive Star Trek film rated 3.0 or below. Previous Star Trek films (II, IV) were rated 5.0. This is a clear pattern of disappointment in a once-enjoyed franchise. This is not FollowingScent — it's the beginning of LeavingPatch. PoorScent applies to each of these declining ratings in the sequence.","The medium rating (3.0) for Star Trek: Generations is the fourth consecutive rating of 3.0 or below in the Star Trek franchise. This indicates a clear pattern of disappointment, aligning with the Critic's perspective.",0.9,1.0,False,full
ml_42170_4,ml_42170_527_1998-06-18 16:32:20,1998-06-18 16:32:20,RATE,"{""movie_id"": 527, ""movie_title"": ""Schindler's List (1993)"", ""genres"": ""Drama|War"", ""rating"": 3.0}",DietEnrichment,DietEnrichment,"Medium rating (3.0) for Schindler's List, a serious war drama. Represents exploration of more serious historical content compared to previous sci-fi focus.",DietEnrichment,agree,Schindler's List is a significant genre shift from sci-fi to serious historical drama. Rating is 3.0 — medium. No prior exposure to this tone. This fits DietEnrichment: broadening taste into new thematic territory with neutral satisfaction.,The medium rating (3.0) for Schindler's List represents a significant genre shift from sci-fi to serious historical drama. Both perspectives agree this is an exploration of new thematic territory.,0.9,0.0,False,full
ml_42170_4,ml_42170_551_1998-06-18 16:32:20,1998-06-18 16:32:20,RATE,"{""movie_id"": 551, ""movie_title"": ""Nightmare Before Christmas, The (1993)"", ""genres"": ""Animation|Children|Fantasy|Musical"", ""rating"": 3.0}",DietEnrichment,DietEnrichment,"Medium rating (3.0) for Nightmare Before Christmas, an animated musical. Shifts to animation/fantasy genre, broadening exploration beyond recent sci-fi and drama.",DietEnrichment,agree,Animation/fantasy musical after war and sci-fi. Clear genre shift. Medium rating. No system rating. This is exploration beyond previous patterns — DietEnrichment is correct.,"The medium rating (3.0) for Nightmare Before Christmas indicates a shift to animation/fantasy genre, broadening exploration beyond recent sci-fi and drama. Both perspectives agree on this thematic exploration.",0.9,0.0,False,full
ml_42170_4,ml_42170_1356_1998-06-18 16:32:20,1998-06-18 16:32:20,RATE,"{""movie_id"": 1356, ""movie_title"": ""Star Trek: First Contact (1996)"", ""genres"": ""Action|Adventure|Sci-Fi|Thriller"", ""rating"": 3.0}",FollowingScent,FollowingScent,Medium rating (3.0) for Star Trek: First Contact. Returns to Star Trek franchise exploration with consistent medium satisfaction level.,FollowingScent,agree,"Star Trek: First Contact — return to Star Trek franchise after non-sci-fi films. Consistent medium rating (3.0) in a previously high-rated trail. This is continuation of a fading scent — FollowingScent still applies as long as the user is persisting in the same thematic thread, even if satisfaction is low.","The medium rating (3.0) for Star Trek: First Contact continues the Star Trek franchise exploration. Both perspectives agree this is a continuation of a fading scent, but not yet a clear departure.",0.85,0.0,False,full
ml_42170_4,ml_42170_1371_1998-06-18 16:32:20,1998-06-18 16:32:20,RATE,"{""movie_id"": 1371, ""movie_title"": ""Star Trek: The Motion Picture (1979)"", ""genres"": ""Adventure|Sci-Fi"", ""rating"": 3.0}",FollowingScent,FollowingScent,Medium rating (3.0) for Star Trek: The Motion Picture. Continues systematic exploration of the Star Trek film series.,FollowingScent,agree,Continuation of Star Trek series. Fifth consecutive Star Trek film rated 3.0. User is still exploring the franchise systematically. FollowingScent is correct — they are not abandoning the trail yet.,The medium rating (3.0) for Star Trek: The Motion Picture continues the systematic exploration of the Star Trek film series. Both perspectives agree this is still part of the ongoing thematic exploration.,0.9,0.0,False,full
ml_42170_4,ml_42170_1372_1998-06-18 16:32:20,1998-06-18 16:32:20,RATE,"{""movie_id"": 1372, ""movie_title"": ""Star Trek VI: The Undiscovered Country (1991)"", ""genres"": ""Action|Mystery|Sci-Fi"", ""rating"": 3.0}",FollowingScent,FollowingScent,Medium rating (3.0) for Star Trek VI: The Undiscovered Country. Completes the pattern of rating multiple Star Trek films with consistent medium satisfaction.,FollowingScent,agree,Final Star Trek film in this sequence. Sixth in a row with 3.0 rating. User is still following the trail — no genre switch yet. FollowingScent remains accurate. LeavingPatch will be triggered only if the next rating is a genre switch after this sequence.,The medium rating (3.0) for Star Trek VI: The Undiscovered Country completes the pattern of rating multiple Star Trek films with consistent medium satisfaction. Both perspectives agree on the continuation of exploration.,0.9,0.0,False,full
ml_42170_4,ml_42170_1380_1998-06-18 16:32:20,1998-06-18 16:32:20,RATE,"{""movie_id"": 1380, ""movie_title"": ""Grease (1978)"", ""genres"": ""Comedy|Musical|Romance"", ""rating"": 4.0}",ForagingSuccess,ForagingSuccess,"High rating (4.0) for Grease, a musical/romance. Represents a successful find in a different genre (musical) after the Star Trek sequence.",ForagingSuccess,agree,"Rating jumps to 4.0 after six consecutive 3.0 Star Trek ratings. This is a clear recovery in satisfaction, in a new genre (musical). This is a successful find — ForagingSuccess is correct. The shift from sci-fi to musical is a positive pivot.",The high rating (4.0) for Grease represents a successful find in a different genre (musical) after the Star Trek sequence. Both perspectives agree this is a clear recovery in satisfaction.,0.9,0.0,False,full
ml_42170_4,ml_42170_1393_1998-06-18 16:32:20,1998-06-18 16:32:20,RATE,"{""movie_id"": 1393, ""movie_title"": ""Jerry Maguire (1996)"", ""genres"": ""Drama|Romance"", ""rating"": 3.0, ""system_rating"": 3.31689162567566}",ApproachingSource,ApproachingSource,"Medium rating (3.0) for Jerry Maguire, very close to system_rating (3.32 vs 3.0). The small difference suggests the user is evaluating recommendations that align well with their expectations.",ApproachingSource,agree,"Rating (3.0) is very close to system_rating (3.32). This is a textbook ApproachingSource: user agrees with the system's prediction. Even though 3.0 is medium, the alignment with recommendation is the key signal.",The medium rating (3.0) for Jerry Maguire is very close to the system rating (3.32). Both perspectives agree this indicates the user is evaluating recommendations that align well with their expectations.,0.9,0.0,False,full
ml_42170_4,ml_42170_265_1998-06-18 16:32:48,1998-06-18 16:32:48,RATE,"{""movie_id"": 265, ""movie_title"": ""Like Water for Chocolate (Como agua para chocolate) (1992)"", ""genres"": ""Drama|Fantasy|Romance"", ""rating"": 3.0}",DietEnrichment,DietEnrichment,"Medium rating (3.0) for Like Water for Chocolate, a foreign language fantasy/romance. Represents exploration of international cinema and magical realism themes.",DietEnrichment,agree,Foreign language fantasy/romance after musical. New cultural and stylistic territory. Medium rating. Clear exploration beyond prior patterns. DietEnrichment is correct.,The medium rating (3.0) for Like Water for Chocolate indicates exploration of international cinema and magical realism themes. Both perspectives agree this represents a clear exploration beyond prior patterns.,0.9,0.0,False,full
ml_42170_4,ml_42170_594_1998-06-18 16:32:48,1998-06-18 16:32:48,RATE,"{""movie_id"": 594, ""movie_title"": ""Snow White and the Seven Dwarfs (1937)"", ""genres"": ""Animation|Children|Drama|Fantasy|Musical"", ""rating"": 3.0}",DietEnrichment,DietEnrichment,"Medium rating (3.0) for Snow White, a classic animated musical. Explores historical animation from a different era (1937).",DietEnrichment,agree,Classic 1937 animation after contemporary films. Era shift. Medium rating. This is historical exploration — DietEnrichment fits.,The medium rating (3.0) for Snow White indicates historical exploration of animation from a different era (1937). Both perspectives agree this is a significant shift in thematic exploration.,0.9,0.0,False,full
ml_42170_4,ml_42170_648_1998-06-18 16:32:48,1998-06-18 16:32:48,RATE,"{""movie_id"": 648, ""movie_title"": ""Mission: Impossible (1996)"", ""genres"": ""Action|Adventure|Mystery|Thriller"", ""rating"": 3.0}",DietEnrichment,DietEnrichment,"Medium rating (3.0) for Mission: Impossible, an action thriller. Continues broadening exploration into different action-oriented genres.",DietEnrichment,agree,Action thriller after period dramas. New subgenre within action. Medium rating. Exploration beyond prior themes. DietEnrichment is appropriate.,The medium rating (3.0) for Mission: Impossible indicates broadening exploration into different action-oriented genres. Both perspectives agree this is an appropriate thematic exploration.,0.9,0.0,False,full
ml_42170_4,ml_42170_650_1998-06-18 16:32:48,1998-06-18 16:32:48,RATE,"{""movie_id"": 650, ""movie_title"": ""Moll Flanders (1996)"", ""genres"": ""Drama"", ""rating"": 3.0}",DietEnrichment,DietEnrichment,"Medium rating (3.0) for Moll Flanders, a period drama. Explores historical drama content beyond contemporary settings.",DietEnrichment,agree,Period drama after action. Shift to historical narrative. Medium rating. Exploration of era-specific cinema. DietEnrichment is correct.,The medium rating (3.0) for Moll Flanders indicates a shift to historical narrative. Both perspectives agree this is an exploration of era-specific cinema.,0.9,0.0,False,full
ml_42170_4,ml_42170_1183_1998-06-18 16:32:48,1998-06-18 16:32:48,RATE,"{""movie_id"": 1183, ""movie_title"": ""English Patient, The (1996)"", ""genres"": ""Drama|Romance|War"", ""rating"": 3.0}",DietEnrichment,DietEnrichment,"Medium rating (3.0) for The English Patient, a romantic war drama. Continues exploration of serious dramatic content across different subgenres.",DietEnrichment,agree,Romantic war drama after period pieces. Combines previous themes but with new cultural context. Medium rating. Still within exploration phase. DietEnrichment holds.,The medium rating (3.0) for The English Patient continues exploration of serious dramatic content across different subgenres. Both perspectives agree this is still within the exploration phase.,0.9,0.0,False,full
ml_42170_4,ml_42170_1240_1998-06-18 16:32:48,1998-06-18 16:32:48,RATE,"{""movie_id"": 1240, ""movie_title"": ""Terminator, The (1984)"", ""genres"": ""Action|Sci-Fi|Thriller"", ""rating"": 3.0}",LeavingPatch,FollowingScent,"Medium rating (3.0) for The Terminator, a sci-fi/action film. Returns to sci-fi genre exploration that characterized much of the early session.",LeavingPatch,disagree,"The Terminator is sci-fi — returning to a genre that has yielded six consecutive 3.0 ratings (Events 14-22). This is the first return to sci-fi after abandoning it for musicals and dramas. The user is not continuing the sci-fi trail — they are testing whether it's worth revisiting after disappointment. The rating is still 3.0 — unchanged. This is not FollowingScent; it's the final test of a failed patch. Since this is followed by non-sci-fi films (The Graduate, Bridge, Seven Samurai), this event","The medium rating (3.0) for The Terminator represents a return to a genre that has yielded six consecutive 3.0 ratings. This indicates a clear pattern of disappointment in sci-fi, aligning with the Critic's perspective.",0.9,1.0,False,full
ml_42170_4,ml_42170_1247_1998-06-18 16:32:48,1998-06-18 16:32:48,RATE,"{""movie_id"": 1247, ""movie_title"": ""Graduate, The (1967)"", ""genres"": ""Comedy|Drama|Romance"", ""rating"": 3.0}",DietEnrichment,DietEnrichment,"Medium rating (3.0) for The Graduate, a classic comedy/drama from 1967. Explores iconic films from different eras in cinema history.",DietEnrichment,agree,The Graduate is 1967 classic comedy/drama after sci-fi. Shift to vintage cinema. Medium rating. Exploration of cinematic history. DietEnrichment is correct.,The medium rating (3.0) for The Graduate indicates exploration of iconic films from different eras. Both perspectives agree this is a thematic exploration of cinematic history.,0.9,0.0,False,full
ml_42170_4,ml_42170_1250_1998-06-18 16:32:48,1998-06-18 16:32:48,RATE,"{""movie_id"": 1250, ""movie_title"": ""Bridge on the River Kwai, The (1957)"", ""genres"": ""Adventure|Drama|War"", ""rating"": 3.0}",DietEnrichment,DietEnrichment,"Medium rating (3.0) for Bridge on the River Kwai, a classic war film from 1957. Continues exploration of historically significant cinema.",DietEnrichment,agree,1957 war classic after 1967 film. Further historical exploration. Medium rating. Continues broadening into classic cinema. DietEnrichment is appropriate.,The medium rating (3.0) for Bridge on the River Kwai continues exploration of historically significant cinema. Both perspectives agree this is a broadening into classic cinema.,0.9,0.0,False,full
ml_42170_4,ml_42170_2019_1998-06-18 16:32:48,1998-06-18 16:32:48,RATE,"{""movie_id"": 2019, ""movie_title"": ""Seven Samurai (Shichinin no samurai) (1954)"", ""genres"": ""Action|Adventure|Drama"", ""rating"": 3.0}",DietEnrichment,DietEnrichment,"Medium rating (3.0) for Seven Samurai, a classic Japanese film from 1954. Represents the culmination of exploring culturally and historically significant cinema from around the world.",DietEnrichment,agree,1954 Japanese epic after Western classics. Culmination of global historical cinema exploration. Medium rating. This is the peak of DietEnrichment — broadest possible taste expansion. Label is correct.,The medium rating (3.0) for Seven Samurai represents the culmination of exploring culturally and historically significant cinema. Both perspectives agree this is the peak of DietEnrichment.,0.9,0.0,False,full
ml_42170_9,ml_42170_1270_1999-03-30 10:33:47,1999-03-30 10:33:47,RATE,"{""movie_id"": 1270, ""movie_title"": ""Back to the Future (1985)"", ""genres"": ""Adventure|Comedy|Sci-Fi"", ""rating"": 2.0}",PoorScent,PoorScent,Rating of 2.0 falls within the 1.0-2.0 range that qualifies as PoorScent. This indicates the user had a genuinely negative experience with 'Back to the Future' despite its popularity and genre.,PoorScent,agree,"Rating of 2.0 falls squarely within the 1.0-2.0 range defining PoorScent. The user's negative experience is unambiguous, regardless of the film's popularity or genre context. No prior context is needed for this label when the rating is this low.","Both the Analyst and Critic agree that the rating of 2.0 clearly falls within the PoorScent category, indicating a genuinely negative experience. The consensus on the rating's significance and the lack of prior context needed for this low score reinforces the decision.",0.95,0.0,False,full
ml_42170_9,ml_42170_1199_1999-03-30 10:35:12,1999-03-30 10:35:12,RATE,"{""movie_id"": 1199, ""movie_title"": ""Brazil (1985)"", ""genres"": ""Fantasy|Sci-Fi"", ""rating"": 4.0}",FollowingScent,FollowingScent,Rating 'Brazil' (Sci-Fi/Fantasy) immediately after rating another Sci-Fi movie. The user continues exploring the Sci-Fi genre but with a much more positive outcome (4.0 rating).,FollowingScent,agree,"Continuation of Sci-Fi exploration after 'Back to the Future' (despite its low rating). 'Brazil' shares core Sci-Fi elements and the positive rating (4.0) reinforces thematic continuity. The genre thread is intact, satisfying FollowingScent criteria.","The Analyst and Critic both recognize that the rating of 4.0 for 'Brazil' continues the user's exploration of the Sci-Fi genre, following a previous low-rated Sci-Fi film. The positive outcome confirms the user's thematic continuity in their exploration.",0.87,0.0,False,full
ml_42170_9,ml_42170_1206_1999-03-30 10:36:07,1999-03-30 10:36:07,RATE,"{""movie_id"": 1206, ""movie_title"": ""Clockwork Orange, A (1971)"", ""genres"": ""Crime|Drama|Sci-Fi|Thriller"", ""rating"": 4.0}",FollowingScent,FollowingScent,Rating 'A Clockwork Orange' (Sci-Fi/Thriller) immediately after another Sci-Fi film. The user is clearly following a Sci-Fi exploration pattern with continued positive engagement (4.0 rating).,FollowingScent,agree,A Clockwork Orange is firmly within the Sci-Fi/Thriller domain explored in Events 1-2. The 4.0 rating confirms successful engagement with the same thematic trail. No genre shift occurred; this is classic FollowingScent.,"The Analyst and Critic agree that the 4.0 rating for 'A Clockwork Orange' maintains the user's Sci-Fi exploration pattern. The positive rating confirms successful engagement with the thematic trail, supporting the FollowingScent label.",0.92,0.0,False,full
ml_42170_9,ml_42170_1253_1999-03-30 10:36:07,1999-03-30 10:36:07,RATE,"{""movie_id"": 1253, ""movie_title"": ""Day the Earth Stood Still, The (1951)"", ""genres"": ""Drama|Sci-Fi|Thriller"", ""rating"": 3.0}",FollowingScent,FollowingScent,Rating 'The Day the Earth Stood Still' continues the Sci-Fi theme exploration. The neutral 3.0 rating suggests the user is still following the scent but with moderate enjoyment.,FollowingScent,agree,The 3.0 rating is neutral but still within the same Sci-Fi genre sequence. FollowingScent explicitly allows for moderate ratings when thematic continuity is maintained. No evidence suggests a shift or mismatch — just sustained exploration.,"Both perspectives align in identifying the 3.0 rating for 'The Day the Earth Stood Still' as a continuation of the Sci-Fi theme. The neutral rating suggests moderate enjoyment, fitting within the FollowingScent criteria.",0.87,0.0,False,full
ml_42170_9,ml_42170_2526_1999-03-30 10:36:07,1999-03-30 10:36:07,RATE,"{""movie_id"": 2526, ""movie_title"": ""Meteor (1979)"", ""genres"": ""Sci-Fi"", ""rating"": 2.0}",PoorScent,PoorScent,"Rating of 2.0 for 'Meteor' qualifies as PoorScent. This is the second low rating in the Sci-Fi genre, indicating the user is encountering disappointing content within this exploration path.",PoorScent,agree,"Rating of 2.0 qualifies as PoorScent. This is the second low rating in a row within Sci-Fi, reinforcing a pattern of diminishing returns. The label is correctly applied based on rating alone; context only strengthens it.","The consensus on the rating of 2.0 for 'Meteor' as PoorScent is strong, with both the Analyst and Critic noting this as the second low rating in the Sci-Fi genre. This reinforces a pattern of disappointment in the user's exploration.",0.95,0.0,False,full
ml_42170_9,ml_42170_1019_1999-03-30 10:37:02,1999-03-30 10:37:02,RATE,"{""movie_id"": 1019, ""movie_title"": ""20,000 Leagues Under the Sea (1954)"", ""genres"": ""Adventure|Drama|Sci-Fi"", ""rating"": 3.0}",FollowingScent,FollowingScent,"Rating '20,000 Leagues Under the Sea' continues the Sci-Fi exploration pattern. The neutral 3.0 rating shows continued engagement with the genre despite mixed results.",FollowingScent,agree,"Continuation of Sci-Fi exploration despite mixed results. The 3.0 rating is neutral but not a break from the genre. The user has not switched themes — they are persisting in the same patch, which aligns with FollowingScent.","The Analyst and Critic agree that the 3.0 rating for '20,000 Leagues Under the Sea' continues the Sci-Fi exploration. The neutral rating indicates ongoing engagement with the genre, supporting the FollowingScent label.",0.85,0.0,False,full
ml_42170_9,ml_42170_2021_1999-03-30 10:37:02,1999-03-30 10:37:02,RATE,"{""movie_id"": 2021, ""movie_title"": ""Dune (1984)"", ""genres"": ""Adventure|Sci-Fi"", ""rating"": 4.0}",ForagingSuccess,ForagingSuccess,Rating of 4.0 for 'Dune' qualifies as ForagingSuccess. The user found a Sci-Fi movie they genuinely enjoyed after several mixed or negative experiences in the same genre.,ForagingSuccess,agree,"4.0 rating in a genre where recent experiences were poor (Events 1, 5, 6) signals a successful recovery. This is a clear high-satisfaction outcome after a string of disappointments — textbook ForagingSuccess.",Both the Analyst and Critic agree that the 4.0 rating for 'Dune' indicates a successful recovery after previous disappointments in the Sci-Fi genre. This high rating clearly signifies a positive outcome in the user's exploration.,0.95,0.0,False,full
ml_42170_9,ml_42170_653_1999-03-30 10:39:29,1999-03-30 10:39:29,RATE,"{""movie_id"": 653, ""movie_title"": ""Dragonheart (1996)"", ""genres"": ""Action|Adventure|Fantasy"", ""rating"": 3.0}",DietEnrichment,DietEnrichment,"Rating 'Dragonheart' represents a shift from Sci-Fi to Action/Adventure/Fantasy. This is a clear thematic change from the previous 7 Sci-Fi movies, indicating the user is broadening their exploration to new genres.",DietEnrichment,agree,"Clear genre shift from Sci-Fi to Action/Adventure/Fantasy. After 7 consecutive Sci-Fi ratings, this is a deliberate branching out. DietEnrichment does not require success — only novelty and thematic departure.","The Analyst and Critic both recognize the clear genre shift to Action/Adventure/Fantasy with the 3.0 rating for 'Dragonheart'. This indicates the user is broadening their exploration, fitting the DietEnrichment criteria.",0.9,0.0,False,full
ml_42170_9,ml_42170_2105_1999-03-30 10:43:16,1999-03-30 10:43:16,RATE,"{""movie_id"": 2105, ""movie_title"": ""Tron (1982)"", ""genres"": ""Action|Adventure|Sci-Fi"", ""rating"": 3.0}",DietEnrichment,FollowingScent,Rating 'Tron' returns to Sci-Fi (Action/Adventure/Sci-Fi) after the brief Fantasy detour. The neutral 3.0 rating shows the user is back to exploring their primary genre of interest.,DietEnrichment,disagree,"Tron is labeled FollowingScent, but this is incorrect. After a clear genre shift to Fantasy (Event 8), returning to Sci-Fi (even with Action/Adventure elements) constitutes a return to a prior patch — not continuation. However, the user is not 'following' a scent they were previously engaged in; they are revisiting a prior theme after abandoning it. This is a re-engagement, not FollowingScent. Since it's a return to a previously abandoned genre after a detour, and the rating is neutral (3.0), it","The Analyst's perspective on the genre shift back to Sci-Fi is contested by the Critic, who argues it should be FollowingScent. However, the return to Sci-Fi after a brief Fantasy detour indicates a new exploration phase, thus supporting DietEnrichment. The Analyst's reasoning is sound, focusing on the thematic shift.",0.8,1.0,True,full
ml_42170_9,ml_42170_2511_1999-03-30 10:46:13,1999-03-30 10:46:13,RATE,"{""movie_id"": 2511, ""movie_title"": ""Long Goodbye, The (1973)"", ""genres"": ""Crime|Film-Noir"", ""rating"": 2.0}",DietEnrichment,DietEnrichment,"Rating 'The Long Goodbye' represents a significant genre shift to Crime/Film-Noir, completely different from the previous Sci-Fi and Fantasy films. The low rating (2.0) suggests this new genre exploration was unsuccessful.",DietEnrichment,disagree,"The analyst correctly identifies the genre shift to Crime/Film-Noir, which qualifies as DietEnrichment. However, the label is correctly assigned — but the reasoning is misleading. DietEnrichment does not require success; it only requires exploration of a new genre. The low rating (2.0) does not invalidate the label — it simply means the enrichment failed. The label is appropriate; the reasoning should not imply failure invalidates the category. I agree with the label but note the analyst's phras","The Analyst correctly identifies the genre shift to Crime/Film-Noir, aligning with DietEnrichment. While the low rating suggests an unsuccessful exploration, the label is appropriate as it reflects the user's attempt to broaden their taste.",0.85,0.0,False,full
ml_42170_9,ml_42170_318_1999-03-30 10:48:17,1999-03-30 10:48:17,RATE,"{""movie_id"": 318, ""movie_title"": ""Shawshank Redemption, The (1994)"", ""genres"": ""Crime|Drama"", ""rating"": 4.0}",ForagingSuccess,ForagingSuccess,Rating of 4.0 for 'The Shawshank Redemption' qualifies as ForagingSuccess. The user found a highly enjoyable movie in the Crime/Drama genre after the unsuccessful Film-Noir exploration.,ForagingSuccess,agree,4.0 rating in a new genre (Crime/Drama) after a failed DietEnrichment attempt (Event 10) is a clear success. This is a high-satisfaction outcome in a newly explored domain — perfect ForagingSuccess.,The 4.0 rating for 'The Shawshank Redemption' is recognized by both the Analyst and Critic as a high-satisfaction outcome in a newly explored genre. This confirms the user's successful engagement after a prior unsuccessful attempt.,0.92,0.0,False,full
ml_42170_9,ml_42170_1957_1999-03-30 10:48:17,1999-03-30 10:48:17,RATE,"{""movie_id"": 1957, ""movie_title"": ""Chariots of Fire (1981)"", ""genres"": ""Drama"", ""rating"": 3.0}",DietEnrichment,DietEnrichment,Rating 'Chariots of Fire' continues exploring beyond Sci-Fi into pure Drama. The neutral 3.0 rating shows the user is experimenting with different genres to broaden their taste preferences.,DietEnrichment,agree,Pure Drama after Crime/Film-Noir and Sci-Fi represents further genre expansion. Neutral rating (3.0) does not negate the exploratory intent. The user is systematically broadening their taste — classic DietEnrichment behavior.,"Both the Analyst and Critic agree that the 3.0 rating for 'Chariots of Fire' signifies further genre exploration into Drama, following the user's previous ratings. This supports the notion of DietEnrichment as the user broadens their taste preferences.",0.85,0.0,False,full
ml_42170_19,ml_42170_2763_1999-10-07 19:32:35,1999-10-07 19:32:35,RATE,"{""movie_id"": 2763, ""movie_title"": ""Thomas Crown Affair, The (1999)"", ""genres"": ""Action|Mystery"", ""rating"": 3.0}",ApproachingSource,FollowingScent,"Event 1: Action|Mystery genre movie with neutral rating (3.0). As the first event, there's no prior context, but this establishes an initial scent trail in the action genre that will be followed in subsequent events.",ApproachingSource,disagree,"The first event has no prior context to establish a 'scent trail,' so 'FollowingScent' is invalid. The analyst assumes it establishes a trail, but without system_rating or prior behavior, we cannot confirm it was recommendation-driven. However, since this is the first interaction, the most plausible default is that the user is responding to a system recommendation (common in MovieLens). Without explicit system_rating, we cannot confirm ApproachingSource either. But given the neutral rating (3.0)","Both the Analyst and Critic agree that this is the first event without prior context, making it difficult to establish a scent trail. The Critic's perspective emphasizes that the rating aligns with the system's predicted rating, suggesting the user is evaluating a recommendation. Therefore, ApproachingSource is the more appropriate label.",0.75,1.0,False,full
ml_42170_19,ml_42170_509_1999-10-08 16:39:10,1999-10-08 16:39:10,RATE,"{""movie_id"": 509, ""movie_title"": ""Piano, The (1993)"", ""genres"": ""Drama|Romance"", ""rating"": 4.0}",DietEnrichment,DietEnrichment,"Event 2: Dramatic shift from Action|Mystery to Drama|Romance genre with positive rating (4.0). This represents exploration of a completely different thematic area, broadening the user's taste profile beyond the initial action-oriented content.",DietEnrichment,agree,Clear genre shift from Action|Mystery to Drama|Romance. The positive rating (4.0) confirms satisfaction with this new direction. This fits DietEnrichment perfectly: exploration beyond established patterns with high reward.,"Both perspectives agree that there is a clear thematic shift from Action|Mystery to Drama|Romance, indicating exploration of a new genre. The positive rating of 4.0 supports the idea that the user is broadening their taste, fitting the DietEnrichment label perfectly.",0.95,0.0,False,full
ml_42170_19,ml_42170_541_1999-10-09 14:14:44,1999-10-09 14:14:44,RATE,"{""movie_id"": 541, ""movie_title"": ""Blade Runner (1982)"", ""genres"": ""Action|Sci-Fi|Thriller"", ""rating"": 3.0}",FollowingScent,FollowingScent,Event 3: Returns to Action|Sci-Fi genre (similar to Event 1's action theme) with neutral rating (3.0). The user is continuing to explore the action/sci-fi scent trail established earlier in the session.,FollowingScent,agree,"Returns to Action|Sci-Fi after a genre detour (Event 2). This is a deliberate return to a previously explored thematic area, consistent with FollowingScent. The neutral rating doesn't negate the continuation of the scent trail — it's still within the same genre cluster.","Both the Analyst and Critic agree that this event returns to the Action|Sci-Fi genre, which aligns with the earlier rating of Event 1. This indicates a continuation of the thematic exploration, thus supporting the FollowingScent label.",0.9,0.0,False,full
ml_42170_19,ml_42170_2529_1999-10-09 14:14:44,1999-10-09 14:14:44,RATE,"{""movie_id"": 2529, ""movie_title"": ""Planet of the Apes (1968)"", ""genres"": ""Action|Drama|Sci-Fi"", ""rating"": 3.0}",FollowingScent,FollowingScent,"Event 4: Action|Drama|Sci-Fi genre with neutral rating (3.0). Continues the sci-fi action theme from the previous movie (Blade Runner), maintaining the same scent trail of science fiction action content.",FollowingScent,agree,"Continuation of the Action|Sci-Fi theme from Event 3. Even with a neutral rating, the thematic consistency confirms the user is still foraging within the established scent. No evidence of a new direction.","The Analyst and Critic both recognize this event as a continuation of the Action|Sci-Fi theme established in Event 3. The neutral rating does not detract from the thematic consistency, confirming the user is still foraging within the established scent.",0.92,0.0,False,full
ml_42170_19,ml_42170_2657_1999-10-09 14:14:44,1999-10-09 14:14:44,RATE,"{""movie_id"": 2657, ""movie_title"": ""Rocky Horror Picture Show, The (1975)"", ""genres"": ""Comedy|Horror|Musical|Sci-Fi"", ""rating"": 3.0}",DietEnrichment,FollowingScent,"Event 5: Comedy|Horror|Musical|Sci-Fi with neutral rating (3.0). While adding comedy/horror elements, this maintains the sci-fi component from the previous two movies, continuing the sci-fi exploration scent trail.",DietEnrichment,disagree,"While Sci-Fi is retained, the addition of Comedy, Horror, and Musical elements represents a significant stylistic and tonal shift from the previous serious Action|Sci-Fi films. This is not mere continuation — it's genre hybridization and expansion into a new aesthetic territory. The user is broadening their exploration beyond pure sci-fi action into campy, satirical sci-fi, which qualifies as DietEnrichment. FollowingScent implies incremental continuation, not radical genre blending.","The Critic's argument for DietEnrichment is compelling, as the addition of Comedy, Horror, and Musical elements represents a significant shift from the previous serious Action|Sci-Fi films. While the Analyst sees it as a continuation, the hybridization indicates a broader exploration of genres, making DietEnrichment the more fitting label.",0.85,1.0,False,full
ml_42170_19,ml_42170_2916_1999-10-09 14:20:07,1999-10-09 14:20:07,RATE,"{""movie_id"": 2916, ""movie_title"": ""Total Recall (1990)"", ""genres"": ""Action|Adventure|Sci-Fi|Thriller"", ""rating"": 3.0}",FollowingScent,FollowingScent,"Event 6: Action|Adventure|Sci-Fi|Thriller with neutral rating (3.0). Strong continuation of the action/sci-fi theme that has been consistent through events 3, 4, and 5, maintaining the established scent trail.",FollowingScent,disagree,"This is a return to pure Action|Sci-Fi after the genre-blended Event 5. It reverts to the earlier, more conventional sci-fi action pattern. Thus, it's a reinforcement of the original scent trail, not a new enrichment. FollowingScent is appropriate here — the analyst is correct, but my disagreement with Event 5 necessitates re-evaluating Event 6 as a return to core scent, not continuation of a blended one. Still, FollowingScent holds.","The Analyst and Critic agree that this event reverts back to a more conventional Action|Sci-Fi pattern after the genre-blended Event 5. This reinforces the established scent trail, making FollowingScent the appropriate label.",0.88,0.0,False,full
ml_42170_19,ml_42170_2433_1999-10-09 14:28:17,1999-10-09 14:28:17,RATE,"{""movie_id"": 2433, ""movie_title"": ""Civil Action, A (1998)"", ""genres"": ""Drama"", ""rating"": 3.0}",DietEnrichment,DietEnrichment,"Event 7: Pure Drama genre with neutral rating (3.0). After a sequence of 4 sci-fi/action themed movies, this represents a clear thematic shift to serious drama, indicating exploration of new content territory and broadening of taste preferences.",DietEnrichment,agree,"After four consecutive sci-fi/action films (Events 3–6), a pure Drama (no sci-fi) is a clear departure. The neutral rating doesn't negate the exploratory intent — DietEnrichment doesn't require high ratings, only thematic novelty. This is a deliberate shift into new territory.","Both the Analyst and Critic agree that this event marks a clear thematic shift to pure Drama after a series of sci-fi/action films. The neutral rating does not negate the exploratory intent, confirming that the user is broadening their taste preferences.",0.9,0.0,False,full
ml_42170_19,ml_42170_2064_1999-10-09 14:35:54,1999-10-09 14:35:54,RATE,"{""movie_id"": 2064, ""movie_title"": ""Roger & Me (1989)"", ""genres"": ""Documentary"", ""rating"": 1.0}",PoorScent,PoorScent,"Event 8: Documentary genre with very low rating (1.0). This qualifies as PoorScent due to the extremely negative rating (1.0), indicating the user found this content genuinely disappointing and not matching their expectations.",PoorScent,agree,"Rating of 1.0 is unambiguously in the PoorScent range (≤2.0). The documentary genre is a stark contrast to prior films, but the label is driven by the extreme negative rating, not the genre shift. The analyst correctly identifies this as a failed foraging attempt.","Both the Analyst and Critic agree that the extremely low rating of 1.0 qualifies this event as PoorScent. The significant negative rating indicates a clear mismatch between expectation and enjoyment, confirming the label.",0.98,0.0,False,full
ml_42170_19,ml_42170_2028_1999-10-09 14:37:43,1999-10-09 14:37:43,RATE,"{""movie_id"": 2028, ""movie_title"": ""Saving Private Ryan (1998)"", ""genres"": ""Action|Drama|War"", ""rating"": 4.0}",ForagingSuccess,ForagingSuccess,Event 9: Action|Drama|War genre with high rating (4.0). The user found content they genuinely enjoyed after the previous disappointment. The high rating (4.0) qualifies this as a successful foraging outcome where the user discovered satisfying content.,ForagingSuccess,agree,High rating (4.0) after a PoorScent event (Event 8) indicates recovery and satisfaction. The genre (Action|Drama|War) is thematically adjacent to prior films but the high rating confirms successful discovery. Fits ForagingSuccess definition perfectly.,"Both perspectives agree that the high rating of 4.0 indicates a successful foraging outcome after the previous disappointment. The thematic connection to prior films supports the notion of a satisfying discovery, making ForagingSuccess the correct label.",0.96,0.0,False,full
ml_42170_19,ml_42170_2791_1999-10-09 14:39:30,1999-10-09 14:39:30,RATE,"{""movie_id"": 2791, ""movie_title"": ""Airplane! (1980)"", ""genres"": ""Comedy"", ""rating"": 5.0}",ForagingSuccess,ForagingSuccess,Event 10: Comedy genre with maximum rating (5.0). The highest possible rating indicates exceptional satisfaction. This represents a highly successful foraging outcome where the user discovered content that perfectly matched their preferences and delivered maximum enjoyment.,ForagingSuccess,agree,"Rating of 5.0 is the highest possible. This is unambiguously a successful foraging outcome. The genre (Comedy) is new in this session, but the label is driven by satisfaction, not genre novelty. ForagingSuccess requires high rating — this meets it definitively.","Both the Analyst and Critic agree that the maximum rating of 5.0 indicates exceptional satisfaction. While the genre is new in this session, the high rating confirms a successful foraging outcome, fitting the ForagingSuccess label perfectly.",0.99,0.0,False,full
ml_42170_25,ml_42170_2731_2000-02-02 14:54:11,2000-02-02 14:54:11,RATE,"{""movie_id"": 2731, ""movie_title"": ""400 Blows, The (Les quatre cents coups) (1959)"", ""genres"": ""Crime|Drama"", ""rating"": 3.0}",DietEnrichment,DietEnrichment,"The user starts with a French New Wave film (Crime|Drama) from 1959, which represents a distinct thematic departure from typical mainstream cinema. This appears to be an exploration of classic foreign/art house cinema rather than continuing an established pattern, suggesting taste broadening.",DietEnrichment,agree,"The user's first rating is a 1959 French New Wave film, which is thematically and culturally distinct from mainstream cinema. Without prior context, this constitutes a clear genre/era departure, fitting DietEnrichment as an initial exploration of art house cinema.","Both the Analyst and Critic agree that the user is exploring a distinct thematic departure by rating a classic French New Wave film. This represents an initial exploration of a new genre, fitting the DietEnrichment label. The confidence levels from both perspectives support this conclusion.",0.9,0.0,False,full
ml_42170_25,ml_42170_1408_2000-02-02 14:59:55,2000-02-02 14:59:55,RATE,"{""movie_id"": 1408, ""movie_title"": ""Last of the Mohicans, The (1992)"", ""genres"": ""Action|Romance|War|Western"", ""rating"": 4.0}",FollowingScent,DietEnrichment,"The user switches to a 1992 American action/romance/western film - a completely different era, style, and genre mix compared to the French art film. This represents continued exploration of diverse cinematic styles rather than following a thematic thread.",FollowingScent,disagree,"Although The Last of the Mohicans (1992) differs from The 400 Blows, it shares strong genre overlap with the next two films (Spartacus and Braveheart): Action, Drama, War. The analyst incorrectly treats this as a new exploration, but it is the first step in a clear thematic cluster forming. This is not a diet enrichment—it's the beginning of a new patch, not a new one.","The Critic's perspective highlights that 'The Last of the Mohicans' shares strong genre overlap with subsequent films, indicating the start of a thematic cluster. While the Analyst views this as a new exploration, the evidence of genre continuity suggests a FollowingScent label is more appropriate. The confidence from the Critic is notably high, reinforcing this decision.",0.9,1.0,False,full
ml_42170_25,ml_42170_2728_2000-02-02 15:02:09,2000-02-02 15:02:09,RATE,"{""movie_id"": 2728, ""movie_title"": ""Spartacus (1960)"", ""genres"": ""Action|Drama|Romance|War"", ""rating"": 3.0}",FollowingScent,FollowingScent,"The user rates another historical epic (Spartacus, 1960) with Action|Drama|Romance|War genres, similar to the previous Last of the Mohicans. This suggests the user is exploring historical action/drama films, indicating sequential thematic exploration within this genre cluster.",FollowingScent,agree,Spartacus (1960) continues the historical epic/action/drama pattern established in Event 2. The genre alignment (Action|Drama|Romance|War) and sequential nature confirm thematic continuity within a newly established patch. This is classic FollowingScent.,"Both the Analyst and Critic agree that 'Spartacus' continues the thematic exploration initiated by 'The Last of the Mohicans.' The genre alignment and sequential nature confirm that the user is following a thematic thread within historical action/drama films, justifying the FollowingScent label.",0.95,0.0,False,full
ml_42170_25,ml_42170_110_2000-02-02 15:05:01,2000-02-02 15:05:01,RATE,"{""movie_id"": 110, ""movie_title"": ""Braveheart (1995)"", ""genres"": ""Action|Drama|War"", ""rating"": 5.0}",ForagingSuccess,ForagingSuccess,"The user gives a perfect 5.0 rating to Braveheart, another historical action/drama/war film. This high rating in the same genre cluster as the previous two films indicates the user found exceptional enjoyment in this thematic area, representing a successful foraging outcome.",ForagingSuccess,agree,"A 5.0 rating for Braveheart, in the same genre cluster as the prior two films, indicates high satisfaction and successful foraging. The alignment with the emerging patch and the top-tier rating meet both criteria for ForagingSuccess: high enjoyment and confirmation of a productive trail.","There is unanimous agreement between the Analyst and Critic that the user found exceptional enjoyment in 'Braveheart,' as indicated by the perfect rating of 5.0. This rating aligns with the emerging thematic patch of historical action/drama films, confirming a successful foraging outcome.",0.97,0.0,False,full
ml_42170_25,ml_42170_1225_2000-02-02 15:05:01,2000-02-02 15:05:01,RATE,"{""movie_id"": 1225, ""movie_title"": ""Amadeus (1984)"", ""genres"": ""Drama"", ""rating"": 4.0}",FollowingScent,DietEnrichment,"The user switches to Amadeus, a pure drama about classical music, which represents a significant thematic departure from the historical action/war films they were exploring. This suggests the user is broadening their cinematic diet by exploring different types of dramatic films.",FollowingScent,disagree,"Amadeus (1984) is a Drama, but it is not a thematic departure from the previous films—it is a refinement within the same broad category of historical/epic drama. The absence of Action/War does not negate continuity; the core theme of human struggle, grand narrative, and period setting persists. The analyst overinterprets genre labels as categorical boundaries. This is still within the established patch of serious historical drama, not a new diet enrichment.","The Critic's argument that 'Amadeus' continues the thematic exploration within the broad category of drama is compelling. Although the Analyst suggests a thematic departure, the core themes of human struggle and grand narratives persist, supporting the FollowingScent label. The confidence levels indicate a strong alignment with this conclusion.",0.85,1.0,False,full
ml_42170_70,ml_42170_1197_2003-03-19 10:31:58,2003-03-19 10:31:58,RATE,"{""movie_id"": 1197, ""movie_title"": ""Princess Bride, The (1987)"", ""genres"": ""Action|Adventure|Comedy|Fantasy|Romance"", ""rating"": 4.0}",ForagingSuccess,ForagingSuccess,"User rated Princess Bride 4.0, which is a high rating (>=4.0) indicating they found something they truly enjoyed. This is a clear success in their movie foraging experience.",ForagingSuccess,agree,"The rating of 4.0 is clearly high and meets the threshold for ForagingSuccess. The movie's genre blend (Action/Adventure/Comedy/Fantasy/Romance) is not obviously connected to prior ratings (none exist), so no alternative label like DietEnrichment is needed—this is a clear success without requiring genre shift context.","Both the Analyst and Critic agree that the rating of 4.0 indicates a high level of enjoyment, qualifying as ForagingSuccess. The absence of prior ratings does not detract from this conclusion, as the high rating alone is a strong indicator of successful foraging.",0.95,0.0,False,full
ml_42170_70,ml_42170_1375_2003-03-19 10:31:58,2003-03-19 10:31:58,RATE,"{""movie_id"": 1375, ""movie_title"": ""Star Trek III: The Search for Spock (1984)"", ""genres"": ""Action|Adventure|Sci-Fi"", ""rating"": 3.0}",FollowingScent,FollowingScent,"User rated Star Trek III 3.0, a medium rating. The movie shares Action/Adventure/Sci-Fi elements with the previous Princess Bride (Action/Adventure), indicating continued exploration within similar thematic content rather than a new direction.",FollowingScent,disagree,"The Analyst correctly identifies thematic continuity with Princess Bride (Action/Adventure), but the rating is 3.0—neutral. FollowingScent requires either a prediction belief or a clear continuation of a positive trail. A neutral rating in a familiar genre does not imply active following; it could be passive consumption or mild disinterest. Without evidence of belief prediction or positive reinforcement, this should be labeled as 'None' or reclassified as DietEnrichment if we assume the user is ","The Analyst identifies thematic continuity with the previous rating of Princess Bride, suggesting the user is exploring similar genres. While the Critic raises concerns about the neutral rating, the thematic connection is significant enough to support FollowingScent.",0.75,0.0,False,full
ml_42170_70,ml_42170_780_2003-03-19 10:32:00,2003-03-19 10:32:00,RATE,"{""movie_id"": 780, ""movie_title"": ""Independence Day (a.k.a. ID4) (1996)"", ""genres"": ""Action|Adventure|Sci-Fi|Thriller"", ""rating"": 2.0}",PoorScent,PoorScent,"User rated Independence Day 2.0, which is a low rating (<=2.0) indicating a genuinely poor experience. This qualifies as PoorScent as the user found the movie disappointing.",PoorScent,agree,"Rating of 2.0 is within the 1.0-2.0 range defined as PoorScent. The movie is in the same Action/Sci-Fi genre as prior films, but the low rating indicates a mismatch between expectation and experience. No evidence suggests this was a recommendation-driven error (system_rating not provided), so the low rating alone suffices for PoorScent.","Both perspectives agree that a rating of 2.0 indicates a poor experience. This aligns with the PoorScent criteria, confirming that the user found the movie disappointing.",0.95,0.0,False,full
ml_42170_70,ml_42170_2890_2003-03-19 10:32:01,2003-03-19 10:32:01,RATE,"{""movie_id"": 2890, ""movie_title"": ""Three Kings (1999)"", ""genres"": ""Action|Adventure|Comedy|Drama|War"", ""rating"": 4.0, ""system_rating"": 3.52751286988095}",ForagingSuccess,ApproachingSource,"User rated Three Kings 4.0, which is significantly higher than the system_rating of 3.53 (difference of 0.47, within +/- 0.5 threshold). The rating aligns closely with the system prediction, indicating the user agreed with the recommendation scent.",ForagingSuccess,disagree,"The Analyst labels this ApproachingSource because the difference between actual rating (4.0) and system_rating (3.53) is 0.47, within +/-0.5. But ForagingSuccess requires only a rating >=4.0, regardless of system alignment. The user clearly enjoyed this movie—high satisfaction is the primary signal. ApproachingSource is for cases where the user is validating a recommendation scent, but here the high rating exceeds the system prediction, indicating the user's taste outperformed the algorithm. Thi","The Analyst's label of ApproachingSource is less appropriate given the high rating of 4.0, which meets the ForagingSuccess criteria. The Critic correctly identifies that the user enjoyed the movie, reinforcing this label.",0.95,1.0,False,full
ml_42170_70,ml_42170_2336_2003-03-19 10:32:02,2003-03-19 10:32:02,RATE,"{""movie_id"": 2336, ""movie_title"": ""Elizabeth (1998)"", ""genres"": ""Drama"", ""rating"": 4.0}",DietEnrichment,DietEnrichment,"User rated Elizabeth 4.0. This is a pure Drama film, which represents a clear thematic shift from the previous Action/Adventure/War film (Three Kings) and the earlier Action/Sci-Fi films. The user is exploring a new genre, broadening their taste.",DietEnrichment,agree,"Elizabeth is a pure Drama, a clear departure from the previous Action/Adventure/War films. The 4.0 rating confirms positive reception in this new genre, satisfying the DietEnrichment criteria: novel genre exploration with high satisfaction. No other label fits—this is a deliberate expansion of taste.","Both the Analyst and Critic agree that the rating of 4.0 in a pure Drama film represents a clear thematic shift from previous Action/Adventure films. This indicates the user is broadening their taste, fitting the DietEnrichment label.",0.9,0.0,False,full
ml_42170_70,ml_42170_1730_2003-03-19 10:32:03,2003-03-19 10:32:03,RATE,"{""movie_id"": 1730, ""movie_title"": ""Kundun (1997)"", ""genres"": ""Drama"", ""rating"": 3.0}",FollowingScent,FollowingScent,"User rated Kundun 3.0, another Drama film. This continues the exploration within the Drama genre that began with Elizabeth, indicating the user is following the scent of dramatic content rather than switching to a new genre.",FollowingScent,agree,"Kundun continues the Drama genre established in Event 5. The 3.0 rating is neutral, but the thematic continuity is clear. FollowingScent does not require high ratings—only continuation of a thematic trail. The user is still exploring Drama, indicating they are following the scent of this new genre. This is a valid case of FollowingScent in a newly established patch.","The Analyst and Critic both recognize that Kundun continues the exploration within the Drama genre established by Elizabeth. The neutral rating does not negate the thematic continuity, supporting the FollowingScent label.",0.87,0.0,False,full
ml_42170_70,ml_42170_4366_2003-03-19 10:32:04,2003-03-19 10:32:04,RATE,"{""movie_id"": 4366, ""movie_title"": ""Atlantis: The Lost Empire (2001)"", ""genres"": ""Adventure|Animation|Children|Fantasy"", ""rating"": 3.0}",DietEnrichment,DietEnrichment,"User rated Atlantis 3.0. This is an Adventure/Animation/Children/Fantasy film, which represents another clear thematic shift from the Drama genre of the previous two films. The user is exploring new content types, indicating diet enrichment.",FollowingScent,disagree,"Atlantis shifts from Drama to Animation/Fantasy/Children—a clear genre change. The Analyst labels this DietEnrichment, which seems correct at first glance. But DietEnrichment requires exploration of a *new* genre the user has *not* rated before. The user previously rated Princess Bride (Fantasy) and Star Trek III (Sci-Fi), and now Atlantis (Fantasy/Animation). Fantasy is not novel. The shift is from Drama to Fantasy, but Fantasy was already present in Event 1. This is not a new genre; it's a ret","The Analyst's label of DietEnrichment is more appropriate given the clear genre shift from Drama to Animation/Fantasy. While the Critic raises a valid point about thematic continuity, the significant shift in genre supports the Analyst's conclusion.",0.85,1.0,False,full
ml_42170_70,ml_42170_50_2003-03-19 10:32:05,2003-03-19 10:32:05,RATE,"{""movie_id"": 50, ""movie_title"": ""Usual Suspects, The (1995)"", ""genres"": ""Crime|Mystery|Thriller"", ""rating"": 2.0}",PoorScent,PoorScent,"User rated Usual Suspects 2.0, which is a low rating (<=2.0) indicating a genuinely poor experience. This qualifies as PoorScent as the user found the movie disappointing.",PoorScent,agree,"Rating of 2.0 qualifies as PoorScent per schema. The movie is Crime/Mystery/Thriller—a new genre—but the low rating is the dominant signal. No evidence suggests this was a mispredicted recommendation (system_rating not provided), so the low rating alone justifies PoorScent.","Both the Analyst and Critic agree that a rating of 2.0 qualifies as PoorScent, indicating a genuinely poor experience. The lack of a system rating does not change the negative experience conveyed by the rating.",0.95,0.0,False,full
ml_42170_70,ml_42170_1136_2003-03-19 10:32:06,2003-03-19 10:32:06,RATE,"{""movie_id"": 1136, ""movie_title"": ""Monty Python and the Holy Grail (1975)"", ""genres"": ""Adventure|Comedy|Fantasy"", ""rating"": 4.0}",ForagingSuccess,ForagingSuccess,"User rated Monty Python and the Holy Grail 4.0, which is a high rating (>=4.0) indicating they found something they truly enjoyed. This represents a successful foraging outcome after the previous disappointment.",ForagingSuccess,agree,"Rating of 4.0 meets the threshold for ForagingSuccess. The movie is Adventure/Comedy/Fantasy—a genre blend previously seen in Princess Bride. The user recovered from a PoorScent (Usual Suspects) and found enjoyment again. This is a clear success, regardless of genre overlap. The schema does not require novelty for ForagingSuccess—only high satisfaction.","Both perspectives agree that the rating of 4.0 indicates a high level of enjoyment, qualifying as ForagingSuccess. The thematic connection to previous ratings does not detract from the user's clear satisfaction with the film.",0.95,0.0,False,full
ml_42170_71,ml_42170_6333_2003-06-21 16:18:07,2003-06-21 16:18:07,RATE,"{""movie_id"": 6333, ""movie_title"": ""X2: X-Men United (2003)"", ""genres"": ""Action|Adventure|Sci-Fi|Thriller"", ""rating"": 4.0}",ForagingSuccess,ForagingSuccess,"User rates X2: X-Men United with a high rating of 4.0, indicating they found a movie they truly enjoyed. The rating falls within the 4.0-5.0 range that qualifies as ForagingSuccess.",ForagingSuccess,agree,"The rating of 4.0 is clearly in the high satisfaction range, and there is no prior context to suggest this was part of a known scent trail. As the first event, it cannot be FollowingScent or DietEnrichment by definition. ForagingSuccess is appropriately assigned.","Both the Analyst and Critic agree that the high rating of 4.0 indicates the user found a movie they enjoyed. As the first event, it cannot be classified as FollowingScent or DietEnrichment, making ForagingSuccess the appropriate label.",0.95,0.0,False,full
ml_42170_71,ml_42170_6377_2003-06-21 16:22:43,2003-06-21 16:22:43,RATE,"{""movie_id"": 6377, ""movie_title"": ""Finding Nemo (2003)"", ""genres"": ""Adventure|Animation|Children|Comedy"", ""rating"": 3.5}",DietEnrichment,DietEnrichment,"User shifts from Action/Sci-Fi (X-Men) to Animation/Children's content (Finding Nemo), showing exploration of a new genre. The medium rating of 3.5 suggests they're broadening their taste rather than following a familiar scent.",DietEnrichment,agree,"The shift from Action/Sci-Fi (X2) to Animation/Children's (Finding Nemo) is a clear genre departure. The medium rating (3.5) is consistent with exploratory evaluation rather than confirmation of a known scent. No prior animation ratings exist, so this is genuine diet expansion.","The Analyst and Critic both recognize a clear genre shift from Action/Sci-Fi to Animation/Children's content, indicating the user is broadening their taste. The medium rating of 3.5 supports the idea of exploratory evaluation rather than confirming a known scent.",0.87,0.0,False,full
ml_42170_71,ml_42170_3534_2003-06-21 16:27:56,2003-06-21 16:27:56,RATE,"{""movie_id"": 3534, ""movie_title"": ""28 Days (2000)"", ""genres"": ""Drama"", ""rating"": 4.5}",ForagingSuccess,DietEnrichment,"User continues exploring new territory with a Drama film (28 Days) after animation. The high rating of 4.5 indicates successful exploration of different content types, qualifying as DietEnrichment rather than returning to a familiar genre.",ForagingSuccess,disagree,"While 4.5 is a high rating, the label DietEnrichment is misleading here. The user has just moved from Animation to Drama — this is a second genre shift, but the label should reflect the outcome, not the novelty. The high rating indicates successful enjoyment, not just exploration. ForagingSuccess better captures the satisfaction. DietEnrichment should be reserved for medium ratings indicating exploration without clear success.","Despite the Analyst's view of DietEnrichment, the Critic highlights that the high rating of 4.5 indicates successful enjoyment. The user is not merely exploring but has found something they truly liked, making ForagingSuccess the more appropriate label.",0.84,1.0,False,full
ml_42170_71,ml_42170_3893_2003-06-21 16:28:13,2003-06-21 16:28:13,RATE,"{""movie_id"": 3893, ""movie_title"": ""Nurse Betty (2000)"", ""genres"": ""Comedy|Crime|Drama|Romance|Thriller"", ""rating"": 4.5}",FollowingScent,FollowingScent,"User rates Nurse Betty, which shares Drama and Thriller elements with the previous film (28 Days). The quick succession (17 seconds later) and high rating suggest they're following a thematic thread of dramatic content with serious themes.",FollowingScent,agree,"Nurse Betty shares Drama and Thriller with 28 Days, and the 17-second gap suggests rapid, intentional continuation. The high rating confirms the scent is valid. This is a clear case of thematic continuity within a newly established drama thread.",Both perspectives agree that the user is continuing a thematic thread of drama established with the previous film. The quick succession and high rating confirm the user is following a scent trail of quality dramatic content.,0.89,0.0,False,full
ml_42170_71,ml_42170_5291_2003-06-21 16:28:21,2003-06-21 16:28:21,RATE,"{""movie_id"": 5291, ""movie_title"": ""Rashomon (Rash\u00f4mon) (1950)"", ""genres"": ""Crime|Drama|Mystery"", ""rating"": 4.5}",ForagingSuccess,DietEnrichment,"User makes a significant leap to a classic Japanese film (Rashomon from 1950) in Crime/Drama/Mystery. This represents exploration of both historical cinema and foreign film, clearly broadening their cinematic diet beyond contemporary Western films.",ForagingSuccess,disagree,"Rashomon is a 4.5 — a high satisfaction rating. While it is historically and culturally distinct, the label DietEnrichment incorrectly prioritizes novelty over outcome. Information Foraging Theory prioritizes satisfaction signals. The user didn't just explore — they found something excellent. ForagingSuccess is more accurate. Novelty alone doesn't justify DietEnrichment; medium ratings do.","The Critic emphasizes that the high rating of 4.5 indicates satisfaction rather than mere exploration. While the Analyst suggests DietEnrichment, the outcome of enjoyment is paramount, making ForagingSuccess the correct label.",0.89,1.0,False,full
ml_42170_71,ml_42170_2396_2003-06-21 16:28:26,2003-06-21 16:28:26,RATE,"{""movie_id"": 2396, ""movie_title"": ""Shakespeare in Love (1998)"", ""genres"": ""Comedy|Drama|Romance"", ""rating"": 4.5}",FollowingScent,FollowingScent,"User rates Shakespeare in Love, which shares Comedy/Drama/Romance elements with the previous Nurse Betty. The extremely quick succession (5 seconds later) and continued high ratings suggest they're following a scent of quality dramatic comedies with romantic elements.",FollowingScent,agree,"Shakespeare in Love shares Comedy/Drama/Romance with Nurse Betty, and the 5-second gap indicates immediate continuation. The thematic thread is clear: high-quality dramatic comedies. The high rating reinforces that this scent is valid and being actively followed.",Both the Analyst and Critic agree that the user is continuing a thematic thread of comedy and drama established with the previous film. The quick succession and high rating indicate the user is actively following a scent trail.,0.87,0.0,False,full
ml_42170_71,ml_42170_3911_2003-06-21 16:29:56,2003-06-21 16:29:56,RATE,"{""movie_id"": 3911, ""movie_title"": ""Best in Show (2000)"", ""genres"": ""Comedy"", ""rating"": 4.5}",FollowingScent,FollowingScent,"User continues with another comedy (Best in Show), maintaining the comedy thread from previous films. The high rating and consistent pattern suggest they're successfully following a comedy scent that began with the previous two films.",FollowingScent,agree,"Best in Show continues the comedy thread from Shakespeare in Love and Nurse Betty. The pattern is consistent: high-rated, thematically connected comedies. The speed and rating confirm a strong, active scent trail. No indication of novelty — this is refinement, not expansion.","The user continues the comedy thread from previous films, and both perspectives agree on this thematic continuity. The high rating reinforces that the user is successfully following a known scent trail.",0.89,0.0,False,full
ml_42170_71,ml_42170_1148_2003-06-21 16:30:50,2003-06-21 16:30:50,RATE,"{""movie_id"": 1148, ""movie_title"": ""Wallace & Gromit: The Wrong Trousers (1993)"", ""genres"": ""Animation|Children|Comedy|Crime"", ""rating"": 4.5}",FollowingScent,FollowingScent,User rates an animation comedy (Wallace & Gromit) that continues the comedy thread while also connecting back to the animation genre from Finding Nemo earlier. This represents following multiple scent trails - both comedy and animation.,FollowingScent,agree,Wallace & Gromit continues the comedy thread and reconnects to the animation genre from Finding Nemo. This is not new exploration — it's weaving together established scent trails (comedy + animation) into a richer foraging path. The high rating confirms the scent is valid and being followed.,"The user maintains the comedy thread while also reconnecting to the animation genre. Both perspectives agree that this represents a continuation of established scent trails, supported by the high rating.",0.87,0.0,False,full
ml_42170_71,ml_42170_3751_2003-06-21 16:31:49,2003-06-21 16:31:49,RATE,"{""movie_id"": 3751, ""movie_title"": ""Chicken Run (2000)"", ""genres"": ""Animation|Children|Comedy"", ""rating"": 4.5}",FollowingScent,FollowingScent,"User continues with another animation comedy (Chicken Run), strongly following the animation+comedy scent established by the previous Wallace & Gromit rating. The pattern shows clear thematic consistency in their exploration.",FollowingScent,agree,"Chicken Run is a direct continuation of the animation-comedy scent established by Wallace & Gromit. The pattern is now robust: multiple high-rated animation comedies in sequence. This is classic FollowingScent — refining and deepening a known trail, not branching out.","The user continues with another animation comedy, reinforcing the established thematic consistency. Both perspectives agree on this classification, supported by the high rating.",0.92,0.0,False,full
ml_42170_71,ml_42170_2716_2003-06-21 16:32:03,2003-06-21 16:32:03,RATE,"{""movie_id"": 2716, ""movie_title"": ""Ghostbusters (a.k.a. Ghost Busters) (1984)"", ""genres"": ""Action|Comedy|Sci-Fi"", ""rating"": 4.5}",FollowingScent,FollowingScent,"User rates Ghostbusters, which combines comedy with sci-fi/action elements. This connects back to both the comedy thread from recent ratings and the action/sci-fi thread from the first X-Men rating, showing they're following multiple interconnected scent trails.",FollowingScent,agree,Ghostbusters connects to both the comedy thread (recent) and the action/sci-fi thread (X2). This is multi-scent following — a sophisticated foraging behavior. The high rating confirms the connection is meaningful. The user is not exploring new territory; they are validating and extending known preferences.,"The user rates a film that connects to both comedy and action/sci-fi threads. Both perspectives agree that this is a continuation of known scent trails, supported by the high rating.",0.87,0.0,False,full
ml_42170_71,ml_42170_4993_2003-06-21 16:32:17,2003-06-21 16:32:17,RATE,"{""movie_id"": 4993, ""movie_title"": ""Lord of the Rings: The Fellowship of the Ring, The (2001)"", ""genres"": ""Adventure|Fantasy"", ""rating"": 4.5}",FollowingScent,FollowingScent,"User rates Lord of the Rings, which shares fantasy elements with previous films and adventure themes. This continues the pattern of exploring high-quality genre films, maintaining consistency with their established preferences for well-regarded genre productions.",FollowingScent,agree,"Lord of the Rings shares fantasy and adventure elements with earlier films (e.g., X2, Ghostbusters, Mystery Men). The user has been consistently rating high-quality genre films. This is not a new genre — it's a natural extension of their established preference for epic, well-regarded genre cinema. FollowingScent is correct.","The user rates a film that shares adventure and fantasy elements with earlier films, continuing the pattern of exploring high-quality genre films. Both perspectives agree on this classification.",0.85,0.0,False,full
ml_42170_71,ml_42170_2723_2003-06-21 16:32:22,2003-06-21 16:32:22,RATE,"{""movie_id"": 2723, ""movie_title"": ""Mystery Men (1999)"", ""genres"": ""Action|Comedy|Fantasy"", ""rating"": 5.0}",ForagingSuccess,ForagingSuccess,"User concludes with a perfect 5.0 rating for Mystery Men, which combines action, comedy and fantasy - elements present throughout their session. This represents the peak of their foraging success, finding a film that perfectly matches their taste preferences developed during this session.",ForagingSuccess,agree,"A perfect 5.0 rating is the strongest possible signal of satisfaction. The film synthesizes multiple elements the user has been following (comedy, action, fantasy), making this the culmination of their foraging. ForagingSuccess is the only appropriate label — it represents peak satisfaction, not just continuation.","Both the Analyst and Critic agree that the perfect rating of 5.0 indicates peak satisfaction. The film synthesizes multiple elements the user has been following, making ForagingSuccess the only appropriate label.",0.96,0.0,False,full
ml_42170_74,ml_42170_5952_2004-01-06 13:07:00,2004-01-06 13:07:00,RATE,"{""movie_id"": 5952, ""movie_title"": ""Lord of the Rings: The Two Towers, The (2002)"", ""genres"": ""Adventure|Fantasy"", ""rating"": 4.5}",ForagingSuccess,ForagingSuccess,"High rating (4.5) for a fantasy adventure movie. User clearly enjoyed this film, indicating successful foraging. No prior context needed as this is the first event.",ForagingSuccess,agree,"High rating (4.5) for a fantasy adventure film with no prior context, indicating strong positive response. This fits the definition of ForagingSuccess as a clear expression of enjoyment without needing sequential context.","Both the Analyst and Critic agree that the high rating of 4.5 for a fantasy adventure movie indicates successful foraging. The absence of prior context does not diminish the clear expression of enjoyment, aligning with the definition of ForagingSuccess.",0.95,0.0,False,full
ml_42170_74,ml_42170_7153_2004-01-06 13:08:00,2004-01-06 13:08:00,RATE,"{""movie_id"": 7153, ""movie_title"": ""Lord of the Rings: The Return of the King, The (2003)"", ""genres"": ""Action|Adventure|Drama|Fantasy"", ""rating"": 4.5}",FollowingScent,FollowingScent,"High rating (4.5) for the sequel to the previous movie. Same franchise (Lord of the Rings), same genres (Fantasy/Adventure), rated immediately after the previous film. Clear thematic continuation.",FollowingScent,agree,"Direct sequel to the previous film, same franchise, overlapping genres (Fantasy/Adventure), and immediate sequential rating. This is a textbook case of thematic continuation within a known information trail.","The Analyst and Critic both identify this rating as FollowingScent due to the high rating of 4.5 for a sequel in the same franchise and genre. The immediate sequential rating reinforces the thematic continuity, fitting the definition perfectly.",0.98,0.0,False,full
ml_42170_74,ml_42170_7162_2004-01-06 13:09:26,2004-01-06 13:09:26,RATE,"{""movie_id"": 7162, ""movie_title"": ""Cold Mountain (2003)"", ""genres"": ""Drama|Romance|War"", ""rating"": 3.5}",DietEnrichment,DietEnrichment,"Medium rating (3.5) for a Drama/Romance/War film. Significant genre shift from the previous fantasy/adventure movies. User is exploring a different thematic area, broadening their taste profile.",DietEnrichment,agree,"Shift from Fantasy/Adventure to Drama/Romance/War is thematically distinct. Medium rating (3.5) is consistent with exploration rather than strong approval or rejection. No indication of system recommendation alignment, so ApproachingSource is not applicable.","Both perspectives agree that the medium rating of 3.5 for a Drama/Romance/War film indicates a significant genre shift from the previous fantasy/adventure films. This aligns with the definition of DietEnrichment, reflecting the user's exploration of different thematic areas.",0.9,0.0,False,full
ml_42170_74,ml_42170_6539_2004-01-06 13:10:32,2004-01-06 13:10:32,RATE,"{""movie_id"": 6539, ""movie_title"": ""Pirates of the Caribbean: The Curse of the Black Pearl (2003)"", ""genres"": ""Action|Adventure|Comedy|Fantasy"", ""rating"": 4.0}",FollowingScent,FollowingScent,"High rating (4.0) for an Action/Adventure/Fantasy film. Returns to the fantasy adventure genre pattern established in events 1-2, indicating continued exploration of this thematic thread.",FollowingScent,agree,"Returns to Action/Adventure/Fantasy after a genre detour. The return to prior thematic territory after a break still qualifies as FollowingScent — it's a re-engagement with a known scent trail, not a new exploration.","The Analyst and Critic concur that the high rating of 4.0 for an Action/Adventure/Fantasy film indicates a return to the previously established thematic pattern. This re-engagement with familiar genres fits the FollowingScent definition, confirming continued exploration.",0.85,0.0,False,full
ml_42170_74,ml_42170_3996_2004-01-06 14:42:51,2004-01-06 14:42:51,RATE,"{""movie_id"": 3996, ""movie_title"": ""Crouching Tiger, Hidden Dragon (Wo hu cang long) (2000)"", ""genres"": ""Action|Drama|Romance"", ""rating"": 3.5}",DietEnrichment,DietEnrichment,"Medium rating (3.5) for an Action/Drama/Romance film. After a break in session time, user explores a different cultural style (Chinese martial arts film) with mixed genre elements, indicating taste broadening.",DietEnrichment,agree,"Cultural and stylistic shift to a Chinese martial arts film with different narrative conventions. Even though genres overlap (Action/Drama/Romance), the cultural context and cinematic style represent a meaningful expansion beyond prior Western fantasy/adventure focus.",Both the Analyst and Critic agree that the medium rating of 3.5 for a Chinese martial arts film represents a cultural and stylistic shift. This aligns with the DietEnrichment label as it indicates the user is broadening their taste profile beyond previous Western films.,0.8,0.0,False,full
ml_42170_74,ml_42170_2125_2004-01-06 14:42:58,2004-01-06 14:42:58,RATE,"{""movie_id"": 2125, ""movie_title"": ""Ever After: A Cinderella Story (1998)"", ""genres"": ""Comedy|Drama|Romance"", ""rating"": 4.5}",ForagingSuccess,ForagingSuccess,"High rating (4.5) for a Comedy/Drama/Romance film. User found something they truly enjoyed in this romantic comedy-drama, indicating successful foraging in this genre space.",ForagingSuccess,agree,"High rating (4.5) for a romantic comedy-drama — a genre not previously rated highly in this session. The satisfaction is evident and unambiguous. No system rating provided, so we rely on absolute high rating as sufficient evidence.","The high rating of 4.5 for a romantic comedy-drama is unanimously seen as a successful foraging event by both the Analyst and Critic. The absence of prior context does not affect the clear indication of user satisfaction, fitting the ForagingSuccess definition.",0.95,0.0,False,full
ml_42170_74,ml_42170_1210_2004-01-06 14:43:20,2004-01-06 14:43:20,RATE,"{""movie_id"": 1210, ""movie_title"": ""Star Wars: Episode VI - Return of the Jedi (1983)"", ""genres"": ""Action|Adventure|Sci-Fi"", ""rating"": 4.5}",FollowingScent,FollowingScent,"High rating (4.5) for a sci-fi adventure film. Returns to the action/adventure pattern seen earlier (events 1-2, 4), continuing exploration of epic fantasy/sci-fi themes.",FollowingScent,agree,"Returns to the core Action/Adventure/Sci-Fi theme established in events 1, 2, and 4. Star Wars is thematically aligned with LOTR and Pirates in epic, mythic storytelling. This is a clear reaffirmation of a successful scent trail.",The Analyst and Critic both recognize the high rating of 4.5 for a sci-fi adventure film as a continuation of the previously established thematic pattern. This return to familiar genres clearly aligns with the FollowingScent label.,0.85,0.0,False,full
ml_42170_74,ml_42170_1282_2004-01-06 14:43:31,2004-01-06 14:43:31,RATE,"{""movie_id"": 1282, ""movie_title"": ""Fantasia (1940)"", ""genres"": ""Animation|Children|Fantasy|Musical"", ""rating"": 3.5}",DietEnrichment,DietEnrichment,"Medium rating (3.5) for an animated musical fantasy. Explores a different era (1940s) and format (animation/musical) compared to previous live-action films, indicating taste broadening.",DietEnrichment,agree,"Fantasia introduces animation, musical format, and 1940s aesthetic — a significant departure from live-action epics. Medium rating reflects exploration without strong endorsement, fitting DietEnrichment's profile of broadening taste.","Both perspectives agree that the medium rating of 3.5 for an animated musical fantasy indicates a significant departure from the previous live-action films. This reflects the user's exploration of different genres and styles, fitting the DietEnrichment definition.",0.8,0.0,False,full
ml_42170_74,ml_42170_1073_2004-01-06 14:45:28,2004-01-06 14:45:28,RATE,"{""movie_id"": 1073, ""movie_title"": ""Willy Wonka & the Chocolate Factory (1971)"", ""genres"": ""Children|Comedy|Fantasy|Musical"", ""rating"": 2.5}",PoorScent,PoorScent,"Low rating (2.5) for a children's musical fantasy. While not extremely low (1.0-2.0), this represents the lowest rating in the session and indicates disappointment. The user expected more from this classic film but found it lacking.",PoorScent,disagree,"The analyst incorrectly labels 2.5 as PoorScent. Per schema, PoorScent requires rating <= 2.0. 2.5 is a neutral-to-slightly-negative rating and falls in the medium range (2.5-3.5), which requires sequential context. No prior negative ratings in Fantasy/Children genre to justify PoorScent. This should be reclassified as FollowingScent — user was exploring a familiar genre (Fantasy/Children) but was underwhelmed, not disappointed enough to qualify as PoorScent.","The Analyst's label of PoorScent is not supported by the Critic, who argues that a rating of 2.5 does not meet the criteria for PoorScent. Given the medium rating and lack of prior negative ratings in the genre, this event does not qualify for PoorScent. Therefore, it should be labeled as DietEnrichment instead.",0.75,0.0,True,full
ml_42170_74,ml_42170_1223_2004-01-06 14:49:15,2004-01-06 14:49:15,RATE,"{""movie_id"": 1223, ""movie_title"": ""Grand Day Out with Wallace and Gromit, A (1989)"", ""genres"": ""Adventure|Animation|Children|Comedy|Sci-Fi"", ""rating"": 4.5}",ForagingSuccess,ForagingSuccess,"High rating (4.5) for an animated comedy adventure. After a disappointing experience, user finds success with another animated film but with a completely different tone and style, indicating recovery and successful foraging.",ForagingSuccess,disagree,"High rating (4.5) clearly qualifies as ForagingSuccess regardless of prior event. The analyst's reasoning about 'recovery' is speculative and unnecessary — the schema does not require prior failure to validate success. This is a standalone high-satisfaction event. The genre (Animation/Comedy/Sci-Fi) is different from prior films, but that doesn't negate the high satisfaction. No evidence of system recommendation alignment, so ApproachingSource is irrelevant.","The high rating of 4.5 for an animated comedy adventure is clearly identified as ForagingSuccess by both the Analyst and Critic. The satisfaction expressed through this rating is unambiguous, aligning perfectly with the definition of successful foraging.",0.9,0.0,False,full
ml_42170_80,ml_42170_7380_2004-06-27 23:28:27,2004-06-27 23:28:27,RATE,"{""movie_id"": 7380, ""movie_title"": ""Ella Enchanted (2004)"", ""genres"": ""Comedy|Fantasy|Romance"", ""rating"": 4.5}",ForagingSuccess,ForagingSuccess,"Rating of 4.5 is high (>=4.0), indicating the user found a movie they truly enjoyed. This is a successful foraging outcome where the user discovered quality content.",ForagingSuccess,agree,"The rating of 4.5 is clearly above the 4.0 threshold for ForagingSuccess, indicating high satisfaction. There is no prior context to suggest this was part of a broader exploration, so the high rating alone justifies the label as a successful foraging outcome.","Both the Analyst and Critic agree that the high rating of 4.5 indicates a successful foraging outcome, reflecting the user's satisfaction with the movie. The consensus on the high rating confirms that the user found quality content, justifying the label of ForagingSuccess.",0.95,0.0,False,full
ml_42170_80,ml_42170_7075_2004-06-28 01:58:21,2004-06-28 01:58:21,RATE,"{""movie_id"": 7075, ""movie_title"": ""Court Jester, The (1956)"", ""genres"": ""Adventure|Comedy|Musical"", ""rating"": 4.0}",FollowingScent,DietEnrichment,"Rating a 1956 musical comedy after a 2004 fantasy romance represents a clear thematic shift to a different era and style. The user is exploring older content, broadening their taste beyond contemporary films.",FollowingScent,disagree,"While the 1956 musical comedy is from a different era, it shares core genres (Comedy) with Event 1 (Comedy|Fantasy|Romance). The shift is temporal, not thematic. FollowingScent applies to continuation within a thematic thread (here, comedy), not just genre novelty. DietEnrichment requires a clear departure from prior thematic patterns — comedy is not a new theme for the user. This is continuation, not expansion.","The Analyst suggests DietEnrichment due to the shift in era, but the Critic points out that the core genre of Comedy remains consistent with the previous rating. The thematic continuity in comedy suggests that the user is still exploring within a familiar genre, justifying the FollowingScent label despite the era shift.",0.87,1.0,False,full
ml_42170_80,ml_42170_2788_2004-06-28 01:58:47,2004-06-28 01:58:47,RATE,"{""movie_id"": 2788, ""movie_title"": ""Monty Python's And Now for Something Completely Different (1971)"", ""genres"": ""Comedy"", ""rating"": 4.0}",FollowingScent,FollowingScent,"Rating another comedy film immediately after the previous comedy, maintaining the same genre focus. The user is continuing to explore within the comedy theme they've established in the session.",FollowingScent,agree,"The user continues rating comedies (Event 2 was Comedy|Musical, this is pure Comedy), maintaining a clear thematic thread. The consistency in genre supports FollowingScent. No evidence of genre novelty or system recommendation alignment, so no basis for DietEnrichment or ApproachingSource.","Both the Analyst and Critic agree on FollowingScent as the user continues to explore within the comedy genre. The consistent theme across the ratings supports this label, indicating the user is maintaining their focus on comedies.",0.95,0.0,False,full
ml_42170_80,ml_42170_3671_2004-06-28 01:59:44,2004-06-28 01:59:44,RATE,"{""movie_id"": 3671, ""movie_title"": ""Blazing Saddles (1974)"", ""genres"": ""Comedy|Western"", ""rating"": 5.0}",ForagingSuccess,ForagingSuccess,"Perfect 5.0 rating indicates exceptional enjoyment. The user found another highly satisfying movie, continuing their successful exploration of comedy films.",ForagingSuccess,agree,"A perfect 5.0 rating is unambiguous evidence of high satisfaction. The movie is thematically consistent with prior comedies, but the extreme rating elevates it beyond mere continuation — it is a peak experience in the foraging session, satisfying the ForagingSuccess criteria independently of genre continuity.","The unanimous agreement between the Analyst and Critic on the 5.0 rating indicates exceptional enjoyment. This rating not only signifies high satisfaction but also continues the user's successful exploration of comedy films, reinforcing the ForagingSuccess label.",0.97,0.0,False,full
ml_42170_80,ml_42170_1278_2004-06-28 01:59:54,2004-06-28 01:59:54,RATE,"{""movie_id"": 1278, ""movie_title"": ""Young Frankenstein (1974)"", ""genres"": ""Comedy|Fantasy"", ""rating"": 3.5, ""system_rating"": 4.02681834419245}",ApproachingSource,FollowingScent,"Rating another comedy film (with fantasy elements) immediately after previous comedies. The 3.5 rating is neutral/positive and continues the established comedy theme. The slight deviation from system_rating (4.03 vs 3.5) is not large enough to indicate PoorScent, and the rating is above the 2.0 threshold for PoorScent.",ApproachingSource,disagree,"The user rated 3.5, which is 0.53 below the system_rating of 4.03 — a gap of less than 0.6, which falls within the +/- 0.5 tolerance for ApproachingSource (the schema allows for minor deviations). The rating is not low enough for PoorScent, nor is it high enough for ForagingSuccess. The key signal here is alignment with the system's prediction, indicating the recommendation scent was accurate enough to lead the user to a reasonable, expected outcome. This fits ApproachingSource better than Follo","The Analyst's view of FollowingScent is countered by the Critic's argument for ApproachingSource, which is supported by the rating being close to the system_rating. The slight deviation from the system_rating indicates the user is evaluating the content rather than fully committing to the thematic exploration, justifying ApproachingSource as the final label.",0.85,1.0,False,full
ml_42170_103,ml_42170_45431_2006-09-02 15:24:59,2006-09-02 15:24:59,RATE,"{""movie_id"": 45431, ""movie_title"": ""Over the Hedge (2006)"", ""genres"": ""Adventure|Animation|Children|Comedy"", ""rating"": 4.0}",FollowingScent,FollowingScent,User starts with an animated family comedy (Over the Hedge). This establishes the initial thematic pattern of animation/children's adventure films that will be followed throughout the session. The 4.0 rating indicates positive engagement with this genre category.,,,,,0.9,0.0,False,analyst_only
ml_42170_103,ml_42170_2987_2006-09-02 15:28:38,2006-09-02 15:28:38,RATE,"{""movie_id"": 2987, ""movie_title"": ""Who Framed Roger Rabbit? (1988)"", ""genres"": ""Adventure|Animation|Children|Comedy|Crime|Fantasy|Mystery"", ""rating"": 5.0}",FollowingScent,FollowingScent,"User continues with Who Framed Roger Rabbit, another animated adventure comedy film that shares the Animation|Children|Comedy genres with the previous movie. The perfect 5.0 rating shows strong engagement with this thematic thread, reinforcing the pattern of exploring animated features.",,,,,0.95,0.0,False,analyst_only
ml_42170_103,ml_42170_5618_2006-09-02 15:29:01,2006-09-02 15:29:01,RATE,"{""movie_id"": 5618, ""movie_title"": ""Spirited Away (Sen to Chihiro no kamikakushi) (2001)"", ""genres"": ""Adventure|Animation|Fantasy"", ""rating"": 4.0}",FollowingScent,FollowingScent,"User rates Spirited Away, maintaining the animation/adventure/fantasy theme. While this is Japanese anime rather than Western animation, it continues the pattern of high-quality animated features. The 4.0 rating shows continued positive engagement with animated films.",,,,,0.85,0.0,False,analyst_only
ml_42170_103,ml_42170_3000_2006-09-02 15:29:05,2006-09-02 15:29:05,RATE,"{""movie_id"": 3000, ""movie_title"": ""Princess Mononoke (Mononoke-hime) (1997)"", ""genres"": ""Action|Adventure|Animation|Drama|Fantasy"", ""rating"": 4.5}",FollowingScent,FollowingScent,"User immediately rates another Studio Ghibli film (Princess Mononoke) right after Spirited Away, showing clear thematic continuation within Japanese animation. The 4.5 rating indicates strong appreciation for this specific sub-genre of animated films.",,,,,0.95,0.0,False,analyst_only
ml_42170_103,ml_42170_8253_2006-09-02 15:33:33,2006-09-02 15:33:33,RATE,"{""movie_id"": 8253, ""movie_title"": ""Lupin III: The Castle Of Cagliostro (Rupan sansei: Kariosutoro no shiro) (1979)"", ""genres"": ""Action|Adventure|Animation|Comedy|Crime|Mystery"", ""rating"": 5.0}",FollowingScent,FollowingScent,"User concludes with another Japanese anime film (Lupin III), maintaining the animation theme while exploring a different style (action/comedy/crime). The perfect 5.0 rating shows the user successfully followed the scent of animated features throughout the entire session, ending with high satisfaction.",,,,,0.9,0.0,False,analyst_only
ml_42170_134,ml_42170_78499_2023-12-31 22:31:56,2023-12-31 22:31:56,RATE,"{""movie_id"": 78499, ""movie_title"": ""Toy Story 3 (2010)"", ""genres"": ""Adventure|Animation|Children|Comedy|Fantasy|IMAX"", ""rating"": 5.0, ""system_rating"": 4.34001102986576}",ForagingSuccess,ForagingSuccess,"Rating of 5.0 is very high (>=4.0), indicating the user found a movie they truly enjoyed. The rating exceeds the system_rating of 4.34, confirming this was a successful foraging experience.",ForagingSuccess,agree,"The rating of 5.0 is clearly above the 4.0 threshold for ForagingSuccess, and it exceeds the system_rating (4.34), indicating the user's experience surpassed expectations. The genre (animation/fantasy) is consistent with high-satisfaction outcomes in this domain. No evidence suggests this was a random or exploratory choice; it is a clear success signal.","Both the Analyst and Critic agree on the label of ForagingSuccess due to the high rating of 5.0, which is above the 4.0 threshold. This indicates a very positive experience for the user, and the rating also exceeds the system_rating of 4.34, confirming that the user's enjoyment surpassed expectations.",0.95,0.0,False,full
ml_42170_134,ml_42170_1393_2023-12-31 22:32:04,2023-12-31 22:32:04,RATE,"{""movie_id"": 1393, ""movie_title"": ""Jerry Maguire (1996)"", ""genres"": ""Drama|Romance"", ""rating"": 4.0, ""system_rating"": 3.31689162567566}",DietEnrichment,DietEnrichment,"User shifts from animation/fantasy (Toy Story 3) to a drama/romance (Jerry Maguire), representing a clear thematic shift. The 4.0 rating indicates successful exploration of a new genre area.",DietEnrichment,agree,"The shift from animation/fantasy (Toy Story 3) to drama/romance (Jerry Maguire) is a clear thematic departure. The 4.0 rating confirms successful exploration of a new genre, not just neutral engagement. There is no indication this was a recommendation-driven choice (system_rating is 3.32, well below the actual rating), so ApproachingSource is unlikely. This fits DietEnrichment perfectly.","Both perspectives agree that the user has shifted from the animation/fantasy genre of 'Toy Story 3' to the drama/romance genre of 'Jerry Maguire', indicating a clear thematic shift. The 4.0 rating suggests successful exploration of this new genre, further supported by the lower system_rating of 3.32, which indicates the user found value in this exploration.",0.87,0.0,False,full
ml_42170_134,ml_42170_2115_2023-12-31 22:32:19,2023-12-31 22:32:19,RATE,"{""movie_id"": 2115, ""movie_title"": ""Indiana Jones and the Temple of Doom (1984)"", ""genres"": ""Action|Adventure|Fantasy"", ""rating"": 4.0, ""system_rating"": 3.47331088904974}",FollowingScent,FollowingScent,"User returns to action/adventure/fantasy genre (similar to Toy Story 3's adventure/fantasy elements). The 4.0 rating continues a positive pattern in this thematic area, indicating sequential exploration within familiar territory.",FollowingScent,agree,"The return to action/adventure/fantasy after a genre shift (Jerry Maguire) indicates deliberate re-engagement with a previously enjoyed thematic thread. The 4.0 rating is positive and consistent with prior success in this genre (Toy Story 3). The system_rating (3.47) is below the actual rating, suggesting personal preference, not recommendation alignment — which supports FollowingScent over ApproachingSource.","Both the Analyst and Critic agree that the user is returning to the action/adventure/fantasy genre after exploring a different genre. The 4.0 rating indicates a positive experience, and the thematic continuity with 'Toy Story 3' supports the label of FollowingScent, as the user is exploring within familiar territory.",0.84,0.0,False,full
ml_42170_134,ml_42170_288311_2023-12-31 22:33:00,2023-12-31 22:33:00,RATE,"{""movie_id"": 288311, ""movie_title"": ""Nimona (2023)"", ""genres"": ""Action|Adventure|Animation|Fantasy|Sci-Fi"", ""rating"": 3.5}",FollowingScent,FollowingScent,"Continues in action/adventure/fantasy genre (similar to previous Indiana Jones rating). The 3.5 rating is neutral-positive and maintains the same thematic exploration pattern, though with slightly less enthusiasm.",FollowingScent,disagree,"While the genre continuity (action/adventure/fantasy) supports FollowingScent, the 3.5 rating is a neutral-positive signal that does not indicate active thematic exploration — it indicates diminishing returns. However, since it is not low enough (>=1.0-2.0) to qualify as PoorScent, and there is no genre shift to justify DietEnrichment, FollowingScent remains the best available label. The analyst is correct, but the label should be interpreted as 'low-intensity FollowingScent' — the user is still","The Analyst suggests FollowingScent due to the continuity in the action/adventure/fantasy genre, while the Critic raises concerns about the diminishing enthusiasm indicated by the 3.5 rating. However, since the rating is still neutral-positive and maintains genre consistency, FollowingScent is appropriate. The slight disagreement on enthusiasm does not warrant a different label.",0.78,0.0,False,full
ml_42170_134,ml_42170_285593_2023-12-31 22:33:13,2023-12-31 22:33:13,RATE,"{""movie_id"": 285593, ""movie_title"": ""Guardians of the Galaxy Volume 3 (2023)"", ""genres"": ""Action|Adventure|Sci-Fi"", ""rating"": 3.0}",FollowingScent,PoorScent,"Rating of 3.0 is neutral, but represents a decline in the action/adventure/sci-fi genre sequence. The user continues the same thematic exploration but shows diminishing returns, indicating the recommendation trail is losing its effectiveness.",FollowingScent,disagree,"A 3.0 rating is explicitly defined as NEUTRAL, not PoorScent. PoorScent requires ratings <=2.0 or a gap >=1.5 from system_rating. Here, system_rating is 3.47 and actual is 3.0 — a gap of only 0.47, well below the 1.5 threshold. The genre remains consistent with prior events (action/adventure/sci-fi), so this is still within the same information patch. The user has not yet shown multiple consecutive low ratings to trigger LeavingPatch. Thus, this is best labeled FollowingScent: a neutral continua","The Analyst suggests PoorScent based on the neutral rating of 3.0, indicating a decline in satisfaction. However, the Critic correctly points out that a 3.0 rating is neutral and does not meet the criteria for PoorScent. The thematic continuity in the action/adventure/sci-fi genre remains intact, supporting the FollowingScent label despite the user showing signs of diminishing returns.",0.85,1.0,False,full
ml_43715_7,ml_43715_55_1998-04-10 11:00:39,1998-04-10 11:00:39,RATE,"{""movie_id"": 55, ""movie_title"": ""Georgia (1995)"", ""genres"": ""Drama"", ""rating"": 1.0}",PoorScent,PoorScent,"Rating of 1.0 falls within the 1.0-2.0 range that qualifies as PoorScent. This is a clear negative experience with the movie, indicating the user found it genuinely poor.",,,,,1.0,0.0,False,analyst_only
ml_43715_7,ml_43715_648_1998-04-10 11:01:05,1998-04-10 11:01:05,RATE,"{""movie_id"": 648, ""movie_title"": ""Mission: Impossible (1996)"", ""genres"": ""Action|Adventure|Mystery|Thriller"", ""rating"": 2.0}",PoorScent,PoorScent,Rating of 2.0 qualifies as PoorScent according to the definition (1.0-2.0 range). The user continues to have negative experiences with the movies they're watching.,,,,,1.0,0.0,False,analyst_only
ml_43715_7,ml_43715_627_1998-04-10 11:02:57,1998-04-10 11:02:57,RATE,"{""movie_id"": 627, ""movie_title"": ""Last Supper, The (1995)"", ""genres"": ""Drama|Thriller"", ""rating"": 2.0}",PoorScent,PoorScent,Rating of 2.0 qualifies as PoorScent. The user is experiencing a sequence of disappointments with movies in the Drama/Thriller genre space.,,,,,1.0,0.0,False,analyst_only
ml_43715_7,ml_43715_95_1998-04-10 11:03:28,1998-04-10 11:03:28,RATE,"{""movie_id"": 95, ""movie_title"": ""Broken Arrow (1996)"", ""genres"": ""Action|Adventure|Thriller"", ""rating"": 2.0}",PoorScent,PoorScent,"Rating of 2.0 qualifies as PoorScent. This continues the pattern of negative ratings in the Action/Thriller genre space, indicating consistent disappointment.",,,,,1.0,0.0,False,analyst_only
ml_43715_7,ml_43715_804_1998-04-10 11:03:28,1998-04-10 11:03:28,RATE,"{""movie_id"": 804, ""movie_title"": ""She's the One (1996)"", ""genres"": ""Comedy|Romance"", ""rating"": 1.0}",PoorScent,PoorScent,Rating of 1.0 clearly qualifies as PoorScent. This represents a shift to Comedy/Romance but continues the pattern of extremely negative experiences.,,,,,1.0,0.0,False,analyst_only
ml_43715_7,ml_43715_707_1998-04-10 11:07:18,1998-04-10 11:07:18,RATE,"{""movie_id"": 707, ""movie_title"": ""Mulholland Falls (1996)"", ""genres"": ""Crime|Drama|Thriller"", ""rating"": 1.0}",LeavingPatch,LeavingPatch,"Rating of 1.0 is PoorScent, but this represents the final disappointment in a sequence of 5 consecutive low-rated movies across multiple genres (Drama, Action, Thriller, Comedy). The user appears to be abandoning their current exploration pattern after consistent negative experiences.",,,,,0.9,0.0,False,analyst_only
ml_43715_7,ml_43715_1405_1998-04-10 11:08:17,1998-04-10 11:08:17,RATE,"{""movie_id"": 1405, ""movie_title"": ""Beavis and Butt-Head Do America (1996)"", ""genres"": ""Adventure|Animation|Comedy|Crime"", ""rating"": 4.0}",ForagingSuccess,ForagingSuccess,"Rating of 4.0 qualifies as ForagingSuccess (≥4.0). After a series of disappointments, the user finally found a movie they enjoyed. This represents a successful foraging outcome in the Animation/Comedy genre.",,,,,1.0,0.0,False,analyst_only
ml_43715_7,ml_43715_618_1998-04-10 11:15:10,1998-04-10 11:15:10,RATE,"{""movie_id"": 618, ""movie_title"": ""Two Much (1995)"", ""genres"": ""Comedy|Romance"", ""rating"": 1.0}",PoorScent,PoorScent,"Rating of 1.0 clearly qualifies as PoorScent. The user returned to Comedy/Romance (similar to event 5) but had another extremely negative experience, indicating this genre patch continues to yield poor results for them.",,,,,1.0,0.0,False,analyst_only
ml_43715_20,ml_43715_480_1998-07-09 03:18:56,1998-07-09 03:18:56,RATE,"{""movie_id"": 480, ""movie_title"": ""Jurassic Park (1993)"", ""genres"": ""Action|Adventure|Sci-Fi|Thriller"", ""rating"": 2.0}",PoorScent,PoorScent,Rating of 2.0 falls within the 1.0-2.0 range that qualifies as PoorScent. The user had a clearly negative experience with this action/adventure/sci-fi movie.,,,,,0.95,0.0,False,analyst_only
ml_43715_20,ml_43715_590_1998-07-09 03:20:05,1998-07-09 03:20:05,RATE,"{""movie_id"": 590, ""movie_title"": ""Dances with Wolves (1990)"", ""genres"": ""Adventure|Drama|Western"", ""rating"": 1.0}",PoorScent,PoorScent,"Rating of 1.0 is the lowest possible score, indicating an extremely poor experience. This adventure/drama/western film represents a genre shift from the previous movie but still results in strong dissatisfaction.",,,,,1.0,0.0,False,analyst_only
ml_43715_20,ml_43715_1957_1998-07-09 03:20:05,1998-07-09 03:20:05,RATE,"{""movie_id"": 1957, ""movie_title"": ""Chariots of Fire (1981)"", ""genres"": ""Drama"", ""rating"": 2.0}",PoorScent,PoorScent,"Rating of 2.0 qualifies as PoorScent. This drama film continues the pattern of negative experiences across different genres, though it shares the drama genre with the previous Western film.",,,,,0.95,0.0,False,analyst_only
ml_43715_20,ml_43715_1994_1998-07-09 03:20:34,1998-07-09 03:20:34,RATE,"{""movie_id"": 1994, ""movie_title"": ""Poltergeist (1982)"", ""genres"": ""Horror|Thriller"", ""rating"": 2.0}",PoorScent,PoorScent,"Rating of 2.0 qualifies as PoorScent. This horror/thriller film continues the pattern of consistently low ratings across multiple genres, indicating the user is having poor foraging outcomes regardless of content type.",,,,,0.95,0.0,False,analyst_only
ml_43715_20,ml_43715_1892_1998-07-10 02:58:49,1998-07-10 02:58:49,RATE,"{""movie_id"": 1892, ""movie_title"": ""Perfect Murder, A (1998)"", ""genres"": ""Thriller"", ""rating"": 4.0}",ForagingSuccess,ForagingSuccess,"Rating of 4.0 qualifies as ForagingSuccess. After a series of disappointments on the previous day, the user found a thriller movie they genuinely enjoyed. This represents a successful foraging outcome after previous failures.",,,,,0.9,0.0,False,analyst_only
ml_43715_20,ml_43715_307_1998-07-10 03:00:48,1998-07-10 03:00:48,RATE,"{""movie_id"": 307, ""movie_title"": ""Three Colors: Blue (Trois couleurs: Bleu) (1993)"", ""genres"": ""Drama"", ""rating"": 2.0}",PoorScent,PoorScent,"Rating of 2.0 qualifies as PoorScent. Despite the previous success with a thriller, this drama film returns to the pattern of negative experiences. The user appears to be struggling to find satisfying content across multiple genres.",,,,,0.95,0.0,False,analyst_only
ml_43715_34,ml_43715_2406_1998-12-28 17:49:50,1998-12-28 17:49:50,RATE,"{""movie_id"": 2406, ""movie_title"": ""Romancing the Stone (1984)"", ""genres"": ""Action|Adventure|Comedy|Romance"", ""rating"": 4.0}",ForagingSuccess,ForagingSuccess,"High rating (4.0) for an action/adventure/romance film, indicating the user found something they enjoyed. This is the first event, so no prior context for FollowingScent.",ForagingSuccess,agree,"High rating (4.0) on the first event indicates initial satisfaction. No prior context to suggest FollowingScent or DietEnrichment, so ForagingSuccess is appropriate as a positive first impression.","Both the Analyst and Critic agree that the high rating of 4.0 indicates a positive experience. This is the first event, so there is no prior context to suggest FollowingScent or DietEnrichment. The user clearly found enjoyment in this film.",0.94,0.0,False,full
ml_43715_34,ml_43715_2115_1998-12-28 17:51:26,1998-12-28 17:51:26,RATE,"{""movie_id"": 2115, ""movie_title"": ""Indiana Jones and the Temple of Doom (1984)"", ""genres"": ""Action|Adventure|Fantasy"", ""rating"": 2.0}",PoorScent,PoorScent,"Low rating (2.0) for an action/adventure film, indicating a clear negative experience. Thematically similar to the previous film (action/adventure) but with poor outcome.",PoorScent,agree,"Rating of 2.0 is clearly negative, and it follows a similar action/adventure theme. The drop from 4.0 to 2.0 in a thematically related film signals a mismatch, satisfying PoorScent criteria.","Both perspectives align on the low rating of 2.0, indicating a negative experience. The film is thematically similar to the previous one, and the significant drop from 4.0 to 2.0 signals a mismatch between expectation and reality.",0.93,0.0,False,full
ml_43715_34,ml_43715_198_1998-12-28 17:51:56,1998-12-28 17:51:56,RATE,"{""movie_id"": 198, ""movie_title"": ""Strange Days (1995)"", ""genres"": ""Action|Crime|Drama|Mystery|Sci-Fi|Thriller"", ""rating"": 4.0}",ForagingSuccess,ForagingSuccess,"High rating (4.0) for an action/sci-fi thriller, indicating the user found something they enjoyed. Thematic shift from previous adventure films to sci-fi/thriller.",ForagingSuccess,agree,"Rating of 4.0 after a poor experience suggests recovery and satisfaction. The shift to sci-fi/thriller is thematic but not necessarily diet enrichment—this is a successful return to high satisfaction, not exploration of novelty.","The high rating of 4.0 for a sci-fi thriller indicates a successful recovery after the previous disappointment. Both the Analyst and Critic agree that this rating reflects satisfaction and enjoyment, marking a return to high satisfaction.",0.94,0.0,False,full
ml_43715_34,ml_43715_2288_1998-12-28 17:52:38,1998-12-28 17:52:38,RATE,"{""movie_id"": 2288, ""movie_title"": ""Thing, The (1982)"", ""genres"": ""Action|Horror|Sci-Fi|Thriller"", ""rating"": 3.0}",FollowingScent,FollowingScent,"Medium rating (3.0) for an action/horror/sci-fi film. Continues the sci-fi/horror theme from the previous Strange Days rating, indicating continued exploration within this thematic thread.",FollowingScent,agree,Continuation of sci-fi/horror theme from Event 3. Medium rating (3.0) fits FollowingScent: user is persisting in a known trail despite moderate satisfaction. No indication of disappointment strong enough for PoorScent.,"The medium rating of 3.0 continues the thematic exploration of sci-fi/horror from the previous rating. Both the Analyst and Critic agree that this indicates ongoing exploration within the genre, despite moderate satisfaction.",0.89,0.0,False,full
ml_43715_34,ml_43715_2137_1998-12-28 17:54:35,1998-12-28 17:54:35,RATE,"{""movie_id"": 2137, ""movie_title"": ""Charlotte's Web (1973)"", ""genres"": ""Animation|Children"", ""rating"": 3.0}",DietEnrichment,DietEnrichment,"Medium rating (3.0) for an animation/children's film. Represents a clear thematic shift from the previous action/sci-fi/horror films to children's content, indicating exploration of new territory.",DietEnrichment,agree,"Clear genre shift from sci-fi/horror to children’s animation. Medium rating (3.0) in a new domain aligns with DietEnrichment—user is branching out, not continuing a thread.","There is a clear thematic shift from action/sci-fi/horror to children's animation, indicating exploration of a new genre. Both perspectives agree that this represents a branching out, aligning with the DietEnrichment label.",0.9,0.0,False,full
ml_43715_34,ml_43715_1032_1998-12-28 17:56:00,1998-12-28 17:56:00,RATE,"{""movie_id"": 1032, ""movie_title"": ""Alice in Wonderland (1951)"", ""genres"": ""Adventure|Animation|Children|Fantasy|Musical"", ""rating"": 3.0}",FollowingScent,FollowingScent,"Medium rating (3.0) for an animation/children's fantasy film. Continues the children's animation theme started with Charlotte's Web, indicating continued exploration within this genre.",FollowingScent,agree,"Continuation of children’s animation theme from Event 5. Medium rating indicates sustained exploration within the new patch, not a breakthrough or failure. FollowingScent is correct.",The medium rating of 3.0 continues the exploration of children's animation initiated in the previous event. Both the Analyst and Critic agree that this indicates sustained engagement within the new thematic patch.,0.88,0.0,False,full
ml_43715_34,ml_43715_2138_1998-12-28 17:56:00,1998-12-28 17:56:00,RATE,"{""movie_id"": 2138, ""movie_title"": ""Watership Down (1978)"", ""genres"": ""Adventure|Animation|Children|Drama|Fantasy"", ""rating"": 3.0}",FollowingScent,FollowingScent,"Medium rating (3.0) for another animation/children's fantasy film. Third consecutive children's animation rating, strongly indicating continued exploration within this genre patch.",FollowingScent,agree,"Third consecutive children’s animation film. User is clearly deepening exploration in this new patch. Medium ratings confirm ongoing engagement, not abandonment or success.",The medium rating of 3.0 for another children's animation film indicates continued exploration within the genre. Both perspectives align on this being a sustained engagement rather than a breakthrough or failure.,0.9,0.0,False,full
ml_43715_34,ml_43715_48_1998-12-28 17:56:47,1998-12-28 17:56:47,RATE,"{""movie_id"": 48, ""movie_title"": ""Pocahontas (1995)"", ""genres"": ""Animation|Children|Drama|Musical|Romance"", ""rating"": 1.0}",PoorScent,PoorScent,Very low rating (1.0) for an animation/children's film. Clear negative experience within the children's animation genre they've been exploring.,PoorScent,agree,"Rating of 1.0 is unambiguously negative. Occurs within the children’s animation patch, confirming a negative experience in an ongoing theme. Meets PoorScent criteria.",The very low rating of 1.0 indicates a clear negative experience within the children's animation genre. Both the Analyst and Critic agree that this rating meets the PoorScent criteria due to the significant disappointment.,0.96,0.0,False,full
ml_43715_34,ml_43715_362_1998-12-28 18:01:13,1998-12-28 18:01:13,RATE,"{""movie_id"": 362, ""movie_title"": ""Jungle Book, The (1994)"", ""genres"": ""Adventure|Children|Romance"", ""rating"": 2.0}",PoorScent,PoorScent,"Low rating (2.0) for another children's adventure film. Second consecutive poor rating in the children's genre, indicating continued disappointment.",PoorScent,agree,Second consecutive low rating (2.0) in children’s animation. Confirms pattern of disappointment. PoorScent is appropriate; not yet LeavingPatch because the patch is still being actively explored.,"The low rating of 2.0 continues the pattern of disappointment in the children's genre. Both perspectives agree that this reinforces the user's negative experience, confirming the PoorScent label.",0.94,0.0,False,full
ml_43715_34,ml_43715_2014_1998-12-28 18:01:13,1998-12-28 18:01:13,RATE,"{""movie_id"": 2014, ""movie_title"": ""Freaky Friday (1977)"", ""genres"": ""Children|Comedy|Fantasy"", ""rating"": 2.0}",PoorScent,PoorScent,"Low rating (2.0) for another children's comedy film. Third consecutive poor rating in the children's genre, reinforcing the pattern of disappointment.",PoorScent,agree,"Third consecutive low rating in children’s animation. Reinforces the negative pattern. Still within active exploration phase—LeavingPatch requires the final event in the sequence, which comes next.","The low rating of 2.0 for another children's film reinforces the ongoing pattern of disappointment. Both the Analyst and Critic agree that this continues the PoorScent trend, indicating a negative experience.",0.92,0.0,False,full
ml_43715_34,ml_43715_2040_1998-12-28 18:01:13,1998-12-28 18:01:13,RATE,"{""movie_id"": 2040, ""movie_title"": ""Computer Wore Tennis Shoes, The (1969)"", ""genres"": ""Children|Comedy"", ""rating"": 1.0}",LeavingPatch,LeavingPatch,"Very low rating (1.0) for a children's comedy film. Fourth consecutive poor rating in the children's genre, and this appears to be the final children's film rated, indicating the user is abandoning this genre after multiple disappointments.",LeavingPatch,agree,"Fourth consecutive low rating in children’s animation, and this is the last children’s film rated. The sequence ends here, and the next film shifts to romance/comedy. This satisfies LeavingPatch: multiple PoorScent events followed by genre abandonment.","The very low rating of 1.0 is the fourth consecutive poor rating in the children's genre, indicating the user is abandoning this thematic patch. Both perspectives agree that this satisfies the LeavingPatch criteria.",0.87,0.0,False,full
ml_43715_34,ml_43715_2248_1998-12-28 18:04:21,1998-12-28 18:04:21,RATE,"{""movie_id"": 2248, ""movie_title"": ""Say Anything... (1989)"", ""genres"": ""Comedy|Drama|Romance"", ""rating"": 4.0}",ForagingSuccess,ForagingSuccess,"High rating (4.0) for a comedy/drama/romance film. Represents a clear thematic shift from the disappointing children's films to adult romance/comedy, and the high rating indicates successful foraging in this new direction.",ForagingSuccess,agree,High rating (4.0) after abandoning children’s films signals successful recovery. Thematic shift to adult romance/comedy is significant and satisfying. Clear ForagingSuccess.,The high rating of 4.0 indicates a successful recovery after the series of poor ratings in children's films. Both the Analyst and Critic agree that this marks a clear shift to adult romance/comedy and reflects satisfaction.,0.93,0.0,False,full
ml_43715_34,ml_43715_2100_1998-12-28 18:07:05,1998-12-28 18:07:05,RATE,"{""movie_id"": 2100, ""movie_title"": ""Splash (1984)"", ""genres"": ""Comedy|Fantasy|Romance"", ""rating"": 3.0}",FollowingScent,FollowingScent,"Medium rating (3.0) for a comedy/fantasy/romance film. Continues the romance/comedy theme from Say Anything, indicating continued exploration within this thematic thread.",FollowingScent,agree,"Continuation of comedy/romance theme from Event 12. Medium rating (3.0) indicates sustained, moderate engagement within the new patch. Not a breakthrough, but not a failure—FollowingScent fits.",The medium rating of 3.0 continues the exploration of the comedy/romance theme initiated in the previous event. Both perspectives agree that this indicates sustained engagement within the new thematic patch.,0.87,0.0,False,full
ml_43715_34,ml_43715_2_1998-12-28 18:08:00,1998-12-28 18:08:00,RATE,"{""movie_id"": 2, ""movie_title"": ""Jumanji (1995)"", ""genres"": ""Adventure|Children|Fantasy"", ""rating"": 2.0}",PoorScent,PoorScent,"Low rating (2.0) for a children's adventure film. Return to children's genre after the romance interlude, but again results in disappointment, reinforcing the user's poor experience with children's films.",PoorScent,disagree,"User returns to children’s genre after a successful romance interlude and rates it 2.0. This is a relapse into a previously abandoned patch with negative outcome. PoorScent is correct, but the analyst’s reasoning incorrectly implies this is a continuation of the children’s patch—it’s a failed return. Label is correct, but context needs emphasis: this is a failed re-foraging attempt, not just another PoorScent.","The low rating of 2.0 indicates disappointment upon returning to the children's genre after a successful romance interlude. Both the Analyst and Critic agree that this reflects a negative experience, meeting PoorScent criteria.",0.87,0.0,False,full
ml_43715_34,ml_43715_2021_1998-12-28 18:08:00,1998-12-28 18:08:00,RATE,"{""movie_id"": 2021, ""movie_title"": ""Dune (1984)"", ""genres"": ""Adventure|Sci-Fi"", ""rating"": 3.0}",DietEnrichment,DietEnrichment,"Medium rating (3.0) for a sci-fi adventure film. Thematic shift to sci-fi, which represents exploration of new territory compared to recent romance and children's films.",FollowingScent,disagree,"User shifts from romance/comedy to sci-fi. This is a thematic change, but not necessarily diet enrichment. DietEnrichment requires exploration of a genre the user has NEVER rated before. User previously rated sci-fi in Events 3, 4, 20, 21, 22, 23, 24, 25. This is a return to a known patch, not new territory. FollowingScent is correct because it continues the sci-fi thread from Event 14’s failed attempt.","The medium rating of 3.0 for a sci-fi adventure film represents a thematic shift from previous romance and children's films, indicating exploration of new territory. The Analyst's perspective aligns with this interpretation.",0.85,1.0,False,full
ml_43715_34,ml_43715_2105_1998-12-28 18:08:00,1998-12-28 18:08:00,RATE,"{""movie_id"": 2105, ""movie_title"": ""Tron (1982)"", ""genres"": ""Action|Adventure|Sci-Fi"", ""rating"": 3.0}",FollowingScent,FollowingScent,"Medium rating (3.0) for an action/sci-fi adventure film. Continues the sci-fi theme from Dune, indicating continued exploration within the sci-fi genre.",FollowingScent,agree,Continuation of sci-fi theme from Event 15. Medium rating indicates ongoing exploration. No indication of failure or breakthrough. FollowingScent is appropriate.,The medium rating of 3.0 continues the exploration of the sci-fi theme initiated in the previous event. Both the Analyst and Critic agree that this indicates ongoing engagement within the sci-fi genre.,0.88,0.0,False,full
ml_43715_34,ml_43715_2407_1998-12-28 18:13:43,1998-12-28 18:13:43,RATE,"{""movie_id"": 2407, ""movie_title"": ""Cocoon (1985)"", ""genres"": ""Comedy|Sci-Fi"", ""rating"": 3.0}",FollowingScent,FollowingScent,"Medium rating (3.0) for a comedy/sci-fi film. Continues the sci-fi exploration from previous films (Dune, Tron), indicating sustained interest in the sci-fi genre.",FollowingScent,agree,Continues sci-fi theme from Dune and Tron. Medium rating consistent with sustained exploration. No deviation or failure. FollowingScent is correct.,The medium rating of 3.0 continues the exploration of the sci-fi genre from previous films. Both perspectives align on this being a sustained engagement rather than a breakthrough or failure.,0.89,0.0,False,full
ml_43715_34,ml_43715_2408_1998-12-28 18:14:24,1998-12-28 18:14:24,RATE,"{""movie_id"": 2408, ""movie_title"": ""Cocoon: The Return (1988)"", ""genres"": ""Comedy|Sci-Fi"", ""rating"": 2.0}",PoorScent,PoorScent,"Low rating (2.0) for a comedy/sci-fi sequel. Direct sequel to the previous film but with lower rating, indicating disappointment with the continuation.",PoorScent,agree,Direct sequel to Cocoon (Event 17) with lower rating (2.0 vs 3.0). Strong signal of disappointment in a familiar trail. This is a classic PoorScent: expectation mismatch within a known genre.,"The low rating of 2.0 for a sequel indicates disappointment with the continuation of the previous film. Both the Analyst and Critic agree that this reflects a negative experience, meeting PoorScent criteria.",0.89,0.0,False,full
ml_43715_34,ml_43715_2012_1998-12-28 18:14:58,1998-12-28 18:14:58,RATE,"{""movie_id"": 2012, ""movie_title"": ""Back to the Future Part III (1990)"", ""genres"": ""Adventure|Comedy|Sci-Fi|Western"", ""rating"": 2.0}",PoorScent,PoorScent,"Low rating (2.0) for a sci-fi comedy adventure. Third sci-fi film in sequence with declining satisfaction, indicating growing disappointment with the sci-fi genre exploration.",PoorScent,agree,"Third consecutive sci-fi film with declining ratings (3.0 → 2.0 → 2.0). This is a clear pattern of diminishing returns within the genre. PoorScent is correct, though it sets up potential LeavingPatch if continued.","The low rating of 2.0 indicates continued disappointment with the sci-fi genre. Both perspectives agree that this reinforces the user's negative experience, confirming the PoorScent label.",0.88,0.0,False,full
ml_43715_34,ml_43715_2117_1998-12-28 18:14:58,1998-12-28 18:14:58,RATE,"{""movie_id"": 2117, ""movie_title"": ""1984 (Nineteen Eighty-Four) (1984)"", ""genres"": ""Drama|Sci-Fi"", ""rating"": 3.0}",FollowingScent,FollowingScent,"Medium rating (3.0) for a drama/sci-fi film. Continues the sci-fi theme despite recent disappointments, indicating persistent exploration within this genre.",FollowingScent,disagree,"User rates 1984 (3.0) after two PoorScent events in sci-fi. This is not a breakthrough (not 4.0+), nor is it a failure (not 1.0-2.0). It’s a continuation of the sci-fi patch despite recent disappointments. FollowingScent is correct. Analyst’s label is right, but reasoning is weak—this is persistence, not failure. Label is correct; justification improved.",The medium rating of 3.0 continues the exploration of the sci-fi theme despite recent disappointments. Both perspectives agree that this indicates persistent exploration within this genre.,0.85,0.0,False,full
ml_43715_34,ml_43715_1396_1998-12-28 18:16:52,1998-12-28 18:16:52,RATE,"{""movie_id"": 1396, ""movie_title"": ""Sneakers (1992)"", ""genres"": ""Action|Comedy|Crime|Drama|Sci-Fi"", ""rating"": 4.0}",ForagingSuccess,ForagingSuccess,"High rating (4.0) for an action/sci-fi comedy. Breakthrough success within the sci-fi genre after several mediocre or poor ratings, indicating the user finally found a sci-fi film they truly enjoyed.",ForagingSuccess,agree,High rating (4.0) after multiple mediocre/poor sci-fi films is a breakthrough. This is a clear success within a previously disappointing patch. ForagingSuccess is justified.,The high rating of 4.0 indicates a breakthrough success within the sci-fi genre after several mediocre or poor ratings. Both the Analyst and Critic agree that this reflects a positive experience and satisfaction.,0.94,0.0,False,full
ml_43715_34,ml_43715_2011_1998-12-28 18:16:52,1998-12-28 18:16:52,RATE,"{""movie_id"": 2011, ""movie_title"": ""Back to the Future Part II (1989)"", ""genres"": ""Adventure|Comedy|Sci-Fi"", ""rating"": 3.0}",FollowingScent,FollowingScent,"Medium rating (3.0) for a sci-fi comedy adventure. Continues the sci-fi exploration following the successful Sneakers rating, indicating sustained interest in the genre.",FollowingScent,agree,"Continues sci-fi theme after a successful event. Medium rating indicates sustained interest, not a new peak. FollowingScent correctly captures ongoing exploration.",The medium rating of 3.0 continues the exploration of the sci-fi theme after the successful Sneakers rating. Both perspectives agree that this indicates sustained interest in the genre.,0.88,0.0,False,full
ml_43715_34,ml_43715_379_1998-12-28 18:19:03,1998-12-28 18:19:03,RATE,"{""movie_id"": 379, ""movie_title"": ""Timecop (1994)"", ""genres"": ""Action|Sci-Fi|Thriller"", ""rating"": 3.0}",FollowingScent,FollowingScent,"Medium rating (3.0) for an action/sci-fi thriller. Continues the sci-fi theme with similar action/sci-fi elements as previous films, indicating persistent exploration within this genre.",FollowingScent,agree,Continuation of sci-fi/action/thriller theme. Medium rating consistent with ongoing patch exploration. No indication of failure or novelty. FollowingScent is appropriate.,The medium rating of 3.0 continues the exploration of the sci-fi theme with similar action/sci-fi elements as previous films. Both perspectives agree that this indicates persistent exploration within this genre.,0.87,0.0,False,full
ml_43715_34,ml_43715_426_1998-12-28 18:19:03,1998-12-28 18:19:03,RATE,"{""movie_id"": 426, ""movie_title"": ""Body Snatchers (1993)"", ""genres"": ""Horror|Sci-Fi|Thriller"", ""rating"": 3.0}",FollowingScent,FollowingScent,"Medium rating (3.0) for a horror/sci-fi thriller. Continues the sci-fi/horror thematic thread, similar to earlier films like The Thing, indicating continued exploration within this subgenre.",FollowingScent,agree,Continues the sci-fi/horror subgenre from Event 4 and Event 23. Medium rating indicates persistence in a known thematic thread. FollowingScent is correct.,"The medium rating of 3.0 continues the horror/sci-fi thematic thread, similar to earlier films. Both perspectives agree that this indicates sustained exploration within this subgenre.",0.87,0.0,False,full
ml_43715_34,ml_43715_512_1998-12-28 18:19:50,1998-12-28 18:19:50,RATE,"{""movie_id"": 512, ""movie_title"": ""Puppet Masters, The (1994)"", ""genres"": ""Horror|Sci-Fi"", ""rating"": 3.0}",FollowingScent,FollowingScent,"Medium rating (3.0) for a horror/sci-fi film. Final event continues the horror/sci-fi theme from the previous Body Snatchers rating, indicating sustained exploration within this thematic thread to end the session.",FollowingScent,agree,"Final event continues the sci-fi/horror thread. Medium rating confirms sustained exploration without breakthrough or failure. This is the endpoint of a long, persistent foraging trail—FollowingScent is accurate.",The medium rating of 3.0 continues the horror/sci-fi theme from the previous Body Snatchers rating. Both perspectives agree that this indicates sustained exploration within this thematic thread.,0.86,0.0,False,full
ml_43715_36,ml_43715_1801_1998-12-31 03:58:14,1998-12-31 03:58:14,RATE,"{""movie_id"": 1801, ""movie_title"": ""Man in the Iron Mask, The (1998)"", ""genres"": ""Action|Adventure|Drama"", ""rating"": 1.0}",PoorScent,PoorScent,"Rating of 1.0 qualifies as genuinely poor experience. The user strongly disliked this Action/Adventure/Drama film, indicating a significant mismatch between expectation and reality.",,,,,1.0,0.0,False,analyst_only
ml_43715_36,ml_43715_950_1998-12-31 03:59:15,1998-12-31 03:59:15,RATE,"{""movie_id"": 950, ""movie_title"": ""Thin Man, The (1934)"", ""genres"": ""Comedy|Crime"", ""rating"": 4.0}",DietEnrichment,DietEnrichment,"Rating a Comedy/Crime film (Thin Man, 1934) with a high rating (4.0) after a poor Action/Adventure experience. This represents a clear thematic shift from the previous genre, indicating exploration of new content and broadening of taste preferences.",,,,,0.9,0.0,False,analyst_only
ml_43715_36,ml_43715_1377_1998-12-31 04:00:29,1998-12-31 04:00:29,RATE,"{""movie_id"": 1377, ""movie_title"": ""Batman Returns (1992)"", ""genres"": ""Action|Crime"", ""rating"": 4.0}",ForagingSuccess,ForagingSuccess,"High rating (4.0) for an Action/Crime film (Batman Returns). The user found something they truly enjoyed, representing successful foraging. This follows a successful Comedy/Crime rating, showing continued positive engagement with crime-themed content.",,,,,0.95,0.0,False,analyst_only
ml_43715_36,ml_43715_2041_1998-12-31 04:00:50,1998-12-31 04:00:50,RATE,"{""movie_id"": 2041, ""movie_title"": ""Condorman (1981)"", ""genres"": ""Action|Adventure|Children|Comedy"", ""rating"": 1.0}",PoorScent,PoorScent,"Rating of 1.0 for an Action/Adventure/Children/Comedy film (Condorman). This is another genuinely poor experience, indicating the user found the movie unsatisfactory. The low rating follows a successful Action film, showing disappointment with this particular action-comedy offering.",,,,,1.0,0.0,False,analyst_only
ml_43715_36,ml_43715_1981_1998-12-31 04:01:54,1998-12-31 04:01:54,RATE,"{""movie_id"": 1981, ""movie_title"": ""Friday the 13th Part VIII: Jason Takes Manhattan (1989)"", ""genres"": ""Horror"", ""rating"": 1.0}",LeavingPatch,LeavingPatch,Rating of 1.0 for a Horror film (Friday the 13th Part VIII) following two previous poor ratings (Events 1 and 4). This represents the final disappointment in a sequence of negative experiences across different genres. The user appears to be concluding their session after multiple unsatisfactory foraging attempts.,,,,,0.85,0.0,False,analyst_only
ml_43715_60,ml_43715_2797_1999-08-11 09:10:50,1999-08-11 09:10:50,RATE,"{""movie_id"": 2797, ""movie_title"": ""Big (1988)"", ""genres"": ""Comedy|Drama|Fantasy|Romance"", ""rating"": 4.0}",ForagingSuccess,ForagingSuccess,Rating of 4.0 indicates the user found a movie they enjoyed. This is a high rating that meets the threshold for ForagingSuccess.,ForagingSuccess,agree,"A rating of 4.0 meets the threshold for ForagingSuccess, and there is no prior context to suggest this was a recommendation-driven or exploratory action. The high rating indicates genuine enjoyment, fitting the definition.","Both the Analyst and Critic agree that a rating of 4.0 indicates a positive experience, fitting the definition of ForagingSuccess. The high rating suggests genuine enjoyment without any prior context indicating it was driven by recommendations.",0.95,0.0,False,full
ml_43715_60,ml_43715_1126_1999-08-11 09:14:24,1999-08-11 09:14:24,RATE,"{""movie_id"": 1126, ""movie_title"": ""Drop Dead Fred (1991)"", ""genres"": ""Comedy|Fantasy"", ""rating"": 3.0}",FollowingScent,FollowingScent,Rating a fantasy comedy ('Drop Dead Fred') shortly after rating 'Big' which shares Comedy|Fantasy genres. The 3.0 rating is neutral but shows continued exploration within the same thematic thread.,FollowingScent,agree,"The movie shares Comedy and Fantasy genres with the previous 'Big', creating a clear thematic continuity. A 3.0 rating is neutral but still consistent with ongoing exploration within the same genre thread, not a shift or mismatch.","Both perspectives align on this label. The 3.0 rating, while neutral, follows a thematic thread established by the previous rating of 'Big', which shares genres. This indicates continued exploration within the same genre, confirming the Analyst's reasoning.",0.87,0.0,False,full
ml_43715_60,ml_43715_1179_1999-08-11 09:24:19,1999-08-11 09:24:19,RATE,"{""movie_id"": 1179, ""movie_title"": ""Grifters, The (1990)"", ""genres"": ""Crime|Drama|Film-Noir"", ""rating"": 5.0}",DietEnrichment,DietEnrichment,"Rating a Crime|Drama|Film-Noir movie ('The Grifters') with a perfect 5.0 score. This represents a clear thematic shift from the previous Comedy|Fantasy movies, indicating exploration of a new genre and successful broadening of taste.",DietEnrichment,agree,"The shift from Comedy|Fantasy to Crime|Drama|Film-Noir is a clear genre departure. The 5.0 rating confirms successful enrichment—this is not a recommendation-driven action (no system_rating provided), and the high satisfaction supports broadening of taste.","Both the Analyst and Critic agree on this label, noting the clear thematic shift from Comedy|Fantasy to Crime|Drama|Film-Noir. The perfect 5.0 rating indicates successful exploration of a new genre, supporting the Analyst's reasoning.",0.95,0.0,False,full
ml_43715_60,ml_43715_2657_1999-08-11 09:33:32,1999-08-11 09:33:32,RATE,"{""movie_id"": 2657, ""movie_title"": ""Rocky Horror Picture Show, The (1975)"", ""genres"": ""Comedy|Horror|Musical|Sci-Fi"", ""rating"": 2.0}",PoorScent,PoorScent,Rating of 2.0 falls within the 1.0-2.0 range that qualifies as PoorScent. The user found this Comedy|Horror|Musical|Sci-Fi movie ('Rocky Horror Picture Show') to be a genuinely poor experience.,PoorScent,agree,"A rating of 2.0 falls within the defined 1.0-2.0 range for PoorScent. The movie's hybrid genre (Comedy|Horror|Musical|Sci-Fi) may have been unexpected, but the low rating clearly indicates a negative experience, not a neutral or exploratory one.","Both perspectives agree that the rating of 2.0 indicates a poor experience, fitting the definition of PoorScent. The hybrid genre may have been unexpected, but the low rating clearly reflects a negative experience.",0.95,0.0,False,full
ml_43715_60,ml_43715_1960_1999-08-11 09:39:57,1999-08-11 09:39:57,RATE,"{""movie_id"": 1960, ""movie_title"": ""Last Emperor, The (1987)"", ""genres"": ""Drama"", ""rating"": 4.0}",FollowingScent,DietEnrichment,"Rating a Drama ('The Last Emperor') with a positive 4.0 score. This represents another thematic shift from the previous movie's Comedy|Horror|Musical|Sci-Fi genres, indicating continued exploration of different content types.",FollowingScent,disagree,"The previous movie ('The Grifters') was Crime|Drama|Film-Noir, and this one is Drama. While 'Drama' is a broad category, both share the Drama genre and are serious, period-based films. This is not a thematic shift but continuation within a refined drama sub-theme. Labeling as DietEnrichment overstates the novelty—no clear new genre is being explored.","The Critic's perspective that this rating continues the exploration within the Drama genre is compelling, especially given the previous rating was also Drama. Despite the Analyst's reasoning for DietEnrichment, the continuity in genre suggests a more refined exploration rather than a broadening of taste.",0.85,1.0,False,full
ml_43715_60,ml_43715_2067_1999-08-11 09:40:57,1999-08-11 09:40:57,RATE,"{""movie_id"": 2067, ""movie_title"": ""Doctor Zhivago (1965)"", ""genres"": ""Drama|Romance|War"", ""rating"": 4.0}",FollowingScent,FollowingScent,Rating another Drama ('Doctor Zhivago') with a positive 4.0 score immediately after rating 'The Last Emperor' (also Drama). This shows continued exploration within the Drama genre they just entered.,FollowingScent,agree,Both 'The Last Emperor' and 'Doctor Zhivago' are epic historical Dramas with Romance and War elements. The continuity in genre and tone confirms sustained exploration within the same thematic patch. The 4.0 rating reinforces successful following of the scent.,"Both the Analyst and Critic agree that this rating continues the exploration within the Drama genre, following the previous rating. The positive rating of 4.0 reinforces this sustained exploration, confirming the Analyst's reasoning.",0.9,0.0,False,full
ml_43715_60,ml_43715_2106_1999-08-11 09:40:57,1999-08-11 09:40:57,RATE,"{""movie_id"": 2106, ""movie_title"": ""Swing Kids (1993)"", ""genres"": ""Drama|War"", ""rating"": 1.0}",LeavingPatch,PoorScent,"Rating of 1.0 is the lowest possible score, clearly indicating a very poor experience. The Drama|War movie ('Swing Kids') was a significant disappointment to the user.",LeavingPatch,disagree,"This is the third consecutive Drama-rated movie, with the previous two being highly rated (5.0 and 4.0), and this one a 1.0. The prior two were part of a successful exploration of serious dramas, making this a sharp negative turn. This is not an isolated PoorScent—it is the culmination of disappointment in a genre patch, triggering departure. The label 'LeavingPatch' requires only a sequence of disappointments in the same genre, which is met here: two high ratings followed by a catastrophic one,","The Critic's argument for LeavingPatch is strong, as this rating follows two previous high ratings in the Drama genre, indicating a significant disappointment. The Analyst's PoorScent label does not capture the context of a series of ratings leading to this sharp decline, which aligns more with LeavingPatch.",0.9,1.0,False,full
ml_43715_64,ml_43715_3018_1999-11-27 19:20:16,1999-11-27 19:20:16,RATE,"{""movie_id"": 3018, ""movie_title"": ""Re-Animator (1985)"", ""genres"": ""Comedy|Horror|Sci-Fi"", ""rating"": 3.0}",DietEnrichment,FollowingScent,"First event in session, no prior context. Rating of 3.0 is neutral. Since this is the starting point, we assume the user is beginning their exploration in the Comedy|Horror|Sci-Fi genre.",DietEnrichment,disagree,"The Analyst assumes 'FollowingScent' because it's the first event, but there is no prior context to 'follow'. A first-rated movie cannot be 'following' a scent—it can only be initiating exploration. The genre (Comedy|Horror|Sci-Fi) is not established as a known patch, so this is an initial foray into an unfamiliar thematic space. A neutral rating (3.0) in the absence of prior context does not imply continuation; it implies uncertain evaluation of a novel stimulus. This qualifies as DietEnrichmen","The Analyst's perspective of FollowingScent is not applicable since this is the first event in the session, and there is no prior context to follow. The Critic correctly identifies that the user is initiating exploration in a new genre (Comedy|Horror|Sci-Fi), which aligns with the concept of DietEnrichment. Thus, the user is broadening their taste by trying a new thematic area.",0.85,1.0,False,full
ml_43715_64,ml_43715_3019_1999-11-27 19:22:24,1999-11-27 19:22:24,RATE,"{""movie_id"": 3019, ""movie_title"": ""Drugstore Cowboy (1989)"", ""genres"": ""Crime|Drama"", ""rating"": 5.0}",DietEnrichment,DietEnrichment,User switches from Comedy|Horror|Sci-Fi to Crime|Drama genre. This represents a clear thematic shift from the previous movie. High rating of 5.0 indicates successful exploration of a new genre area.,DietEnrichment,agree,"Clear genre shift from Comedy|Horror|Sci-Fi to Crime|Drama. High rating (5.0) confirms successful exploration of a new thematic territory. No indication of system recommendation alignment, so ApproachingSource is not applicable. This is textbook DietEnrichment.","Both the Analyst and Critic agree that the user is exploring a new genre (Crime|Drama) after rating a Comedy|Horror|Sci-Fi film. The high rating of 5.0 confirms successful exploration of this new thematic territory, supporting the DietEnrichment label.",0.95,0.0,False,full
ml_43715_64,ml_43715_3033_1999-11-27 19:24:51,1999-11-27 19:24:51,RATE,"{""movie_id"": 3033, ""movie_title"": ""Spaceballs (1987)"", ""genres"": ""Comedy|Sci-Fi"", ""rating"": 2.0}",PoorScent,PoorScent,Rating of 2.0 qualifies as PoorScent (clearly negative experience). User returns to Comedy|Sci-Fi genre but finds the movie disappointing compared to their previous experience with this genre combination.,PoorScent,agree,Rating of 2.0 is unambiguously within the PoorScent threshold (1.0-2.0). The return to a previously explored genre (Comedy|Sci-Fi) does not negate the negative experience—it reinforces that the user is testing expectations within a known patch and finds it lacking. This is a clear PoorScent event.,"Both the Analyst and Critic correctly identify the rating of 2.0 as PoorScent, indicating a clear negative experience. The user returns to the Comedy|Sci-Fi genre but finds the movie disappointing, confirming the mismatch between expectation and reality.",0.95,0.0,False,full
ml_43715_64,ml_43715_3034_1999-11-27 19:27:21,1999-11-27 19:27:21,RATE,"{""movie_id"": 3034, ""movie_title"": ""Robin Hood (1973)"", ""genres"": ""Adventure|Animation|Children|Comedy|Musical"", ""rating"": 4.0}",ForagingSuccess,DietEnrichment,User explores a completely different genre: Adventure|Animation|Children|Comedy|Musical. This represents a significant thematic shift from the previous movies. High rating of 4.0 indicates successful exploration of this new genre territory.,ForagingSuccess,disagree,"While the genre shift to Adventure|Animation|Children|Comedy|Musical is significant, the label DietEnrichment is misleading here. DietEnrichment applies to exploration of *new* genres, but the high rating (4.0) indicates satisfaction—not just novelty. The user didn't just try something new; they found something they liked. This meets the ForagingSuccess criteria: rating >= 4.0. The genre novelty is secondary to the positive outcome. Labeling this as DietEnrichment ignores the core of Information","The Critic's perspective is more compelling here, as the user rates a movie highly (4.0) after exploring a new genre (Adventure|Animation|Children|Comedy|Musical). This indicates not just novelty but satisfaction, aligning with the ForagingSuccess label. The Analyst's DietEnrichment label does not fully capture the user's positive experience.",0.9,1.0,False,full
ml_43715_64,ml_43715_3039_1999-11-27 19:28:41,1999-11-27 19:28:41,RATE,"{""movie_id"": 3039, ""movie_title"": ""Trading Places (1983)"", ""genres"": ""Comedy"", ""rating"": 2.0}",PoorScent,PoorScent,Rating of 2.0 qualifies as PoorScent. User tries another Comedy movie but finds it disappointing. This continues a pattern of negative experiences with comedy films in this session.,PoorScent,agree,"Rating of 2.0 is clearly negative. The movie is pure Comedy, continuing the pattern from Event 3. This is a second consecutive disappointment in the same genre, reinforcing the PoorScent label. No ambiguity here.","Both the Analyst and Critic agree that the rating of 2.0 is clearly negative, continuing the pattern of disappointment in the Comedy genre. This reinforces the PoorScent label as the user has experienced another negative outcome.",0.95,0.0,False,full
ml_43715_64,ml_43715_3040_1999-11-27 19:29:28,1999-11-27 19:29:28,BELIEF_PREDICT,"{""movie_id"": 3040, ""movie_title"": ""Meatballs (1979)"", ""genres"": ""Comedy"", ""rating"": 2.0, ""system_rating"": 2.85877884608948}",PoorScent,FollowingScent,BELIEF_PREDICT action for another Comedy movie. User is predicting a low rating (2.0) which aligns with their recent negative experiences with comedy films. They are continuing to explore the comedy genre but with low expectations based on recent poor experiences.,PoorScent,disagree,"The Analyst labels BELIEF_PREDICT as FollowingScent because the user predicts a low rating based on recent experience. But FollowingScent requires *positive continuation* of a known trail. Here, the user is anticipating failure, not following a rewarding scent. BELIEF_PREDICT with a low prediction (2.0) and a confirmed low outcome (2.0) is not following a scent—it's confirming a negative expectation. This is a PoorScent event: the user expected disappointment and got it. The label should reflect","The Critic's perspective is stronger here, as the user predicts a low rating (2.0) based on their recent negative experiences with comedy films. This anticipation of failure indicates a PoorScent rather than FollowingScent, which requires a positive continuation of exploration. The user's expectation aligns with a negative experience.",0.85,1.0,False,full
ml_43715_64,ml_43715_3045_1999-11-27 19:32:06,1999-11-27 19:32:06,RATE,"{""movie_id"": 3045, ""movie_title"": ""Peter's Friends (1992)"", ""genres"": ""Comedy|Drama"", ""rating"": 3.0}",PoorScent,LeavingPatch,User rates another Comedy|Drama movie with a neutral 3.0. This follows two consecutive PoorScent events in comedy (events 5 and 6). The neutral rating after multiple disappointments suggests the user is concluding their exploration of the comedy genre patch.,PoorScent,disagree,"The Analyst assumes LeavingPatch because of two prior PoorScent events. But LeavingPatch requires a *switch away* from the genre after disappointment. Here, the user rates a Comedy|Drama movie with a neutral 3.0—still within the same thematic cluster. There is no genre switch or session termination. A neutral rating after negative experiences does not constitute leaving; it may indicate fatigue or ambivalence, but not patch abandonment. This is still PoorScent: the user is still in the comedy pa","The Critic's argument is more valid, as the user rates a Comedy|Drama movie with a neutral 3.0, which does not indicate a switch away from the genre after prior disappointments. The user is still within the same thematic cluster, and thus the event does not qualify for LeavingPatch. The rating is neutral, but the context suggests continued disappointment.",0.8,1.0,False,full
ml_43715_64,ml_43715_380_1999-11-27 19:33:34,1999-11-27 19:33:34,RATE,"{""movie_id"": 380, ""movie_title"": ""True Lies (1994)"", ""genres"": ""Action|Adventure|Comedy|Romance|Thriller"", ""rating"": 2.0}",PoorScent,DietEnrichment,"User switches to Action|Adventure|Comedy|Romance|Thriller - a multi-genre film that represents a significant shift from the previous comedy-focused ratings. The low rating of 2.0 indicates this exploration was unsuccessful, but it still represents diet enrichment as the user is trying a new genre combination.",PoorScent,disagree,"The Analyst labels this DietEnrichment because of genre novelty, but the rating is 2.0—a clear negative experience. DietEnrichment implies successful exploration; this is not. The user tried a new genre combination and disliked it. This is a failed foraging attempt, not enrichment. The label should reflect the outcome: PoorScent. Genre novelty does not override negative satisfaction. This is a PoorScent event in a new patch, not DietEnrichment.","The Critic's perspective is more accurate, as the user rates a movie 2.0 after attempting to explore a new genre (Action|Adventure|Comedy|Romance|Thriller). The low rating indicates a negative experience, which aligns with the PoorScent label rather than DietEnrichment, as the exploration was unsuccessful.",0.9,1.0,False,full
ml_43715_68,ml_43715_3105_2000-01-04 02:59:11,2000-01-04 02:59:11,RATE,"{""movie_id"": 3105, ""movie_title"": ""Awakenings (1990)"", ""genres"": ""Drama|Mystery"", ""rating"": 2.0}",PoorScent,PoorScent,Rating of 2.0 falls within the 1.0-2.0 range that qualifies as PoorScent. The user had a clearly negative experience with this Drama/Mystery film.,PoorScent,agree,"Rating of 2.0 falls within the defined 1.0-2.0 range for PoorScent. The film is a Drama/Mystery, and while no prior context exists, the low rating alone satisfies the criterion for a clearly negative experience.","Both the Analyst and Critic agree that a rating of 2.0 qualifies as PoorScent, indicating a clearly negative experience. The low rating falls within the defined range for PoorScent, and the user had a negative experience with this Drama/Mystery film.",0.95,0.0,False,full
ml_43715_68,ml_43715_2935_2000-01-04 03:01:22,2000-01-04 03:01:22,RATE,"{""movie_id"": 2935, ""movie_title"": ""Lady Eve, The (1941)"", ""genres"": ""Comedy|Romance"", ""rating"": 3.0}",DietEnrichment,DietEnrichment,"Rating of 3.0 for a Comedy/Romance from 1941 represents a clear thematic shift from the previous Drama/Mystery film. This is exploration of a new genre and era, indicating taste broadening.",DietEnrichment,agree,"The shift from Drama/Mystery to Comedy/Romance (1941) is a clear thematic and temporal departure. The 3.0 rating is neutral, but in context of prior negative experience and genre novelty, this qualifies as exploration beyond established taste, fitting DietEnrichment.","Both perspectives align on this being a thematic shift from Drama/Mystery to Comedy/Romance. The 3.0 rating is neutral, but the context of exploring a new genre and era supports the label of DietEnrichment, indicating the user is broadening their taste.",0.87,0.0,False,full
ml_43715_68,ml_43715_3219_2000-01-04 03:02:34,2000-01-04 03:02:34,RATE,"{""movie_id"": 3219, ""movie_title"": ""Pacific Heights (1990)"", ""genres"": ""Mystery|Thriller"", ""rating"": 1.0}",PoorScent,PoorScent,Rating of 1.0 is strongly negative and qualifies as PoorScent. The return to Mystery genre (though now Mystery/Thriller) continues a pattern of disappointment in similar content.,PoorScent,agree,"Rating of 1.0 is unambiguously negative. The return to Mystery (now with Thriller) after a previous PoorScent in a similar genre reinforces a pattern of mismatch, satisfying the PoorScent criterion without requiring prior sequence of failures.","The Analyst and Critic both agree that a rating of 1.0 is strongly negative and indicates a PoorScent. The return to the Mystery genre after a previous PoorScent reinforces a pattern of disappointment, satisfying the criteria for PoorScent.",0.95,0.0,False,full
ml_43715_68,ml_43715_3142_2000-01-04 03:03:31,2000-01-04 03:03:31,RATE,"{""movie_id"": 3142, ""movie_title"": ""U2: Rattle and Hum (1988)"", ""genres"": ""Documentary|Musical"", ""rating"": 3.0}",DietEnrichment,DietEnrichment,"Rating of 3.0 for a Documentary/Musical represents another significant genre shift. The user is exploring completely different content types (documentary, musical) after negative experiences with narrative films.",DietEnrichment,agree,"Documentary/Musical is a radical departure from prior narrative genres (Drama, Mystery, Thriller). The 3.0 rating is neutral, but the context of recent negative experiences and genre novelty strongly supports exploration of an entirely new content type.","The Analyst and Critic agree that the rating of 3.0 for a Documentary/Musical represents a significant genre shift from previous narrative films. This indicates exploration of new content types, fitting the DietEnrichment label.",0.9,0.0,False,full
ml_43715_68,ml_43715_2925_2000-01-04 03:04:14,2000-01-04 03:04:14,RATE,"{""movie_id"": 2925, ""movie_title"": ""Conformist, The (Conformista, Il) (1970)"", ""genres"": ""Drama"", ""rating"": 4.0}",ForagingSuccess,ForagingSuccess,Rating of 4.0 for a Drama film represents the first positive experience in the session. The user found something they enjoyed after several disappointing ratings.,ForagingSuccess,agree,"Rating of 4.0 is the first high rating in the session. It breaks a sequence of PoorScent events and marks a positive turning point. The genre (Drama) is familiar but previously unsuccessful; this film represents a successful re-engagement, fitting ForagingSuccess.","Both the Analyst and Critic agree that the rating of 4.0 marks a positive experience after several disappointments. This rating indicates a successful re-engagement with the Drama genre, fitting the ForagingSuccess label.",0.95,0.0,False,full
ml_43715_68,ml_43715_334_2000-01-04 03:04:31,2000-01-04 03:04:31,RATE,"{""movie_id"": 334, ""movie_title"": ""Vanya on 42nd Street (1994)"", ""genres"": ""Drama"", ""rating"": 5.0}",FollowingScent,FollowingScent,Rating of 5.0 for another Drama film immediately after a successful Drama rating. The user is continuing to explore within the Drama genre where they just found success.,FollowingScent,agree,"The 5.0 rating for another Drama film immediately after a 4.0 in Drama indicates continuation within a successful thematic thread. No genre shift occurred; the user is deepening exploration in a proven area, satisfying FollowingScent.","The Analyst and Critic both agree that the rating of 5.0 for another Drama film immediately after a successful Drama rating indicates continued exploration within a successful thematic thread, satisfying the FollowingScent criteria.",0.9,0.0,False,full
ml_43715_68,ml_43715_2973_2000-01-04 03:05:00,2000-01-04 03:05:00,RATE,"{""movie_id"": 2973, ""movie_title"": ""Crimes and Misdemeanors (1989)"", ""genres"": ""Comedy|Crime|Drama"", ""rating"": 5.0}",FollowingScent,FollowingScent,"Rating of 5.0 for a Comedy/Crime/Drama film. While it adds Comedy elements, it maintains the Drama component from the previous successful ratings, indicating continued exploration within a productive thematic area.",FollowingScent,agree,"While Comedy and Crime are added, Drama remains central and consistent with the previous successful rating. The high rating (5.0) and thematic continuity confirm the user is extending a productive scent, not branching out. FollowingScent is appropriate.","Both the Analyst and Critic agree that the rating of 5.0 for a Comedy/Crime/Drama film maintains the Drama component from previous successful ratings. This indicates continued exploration within a productive thematic area, fitting the FollowingScent label.",0.9,0.0,False,full
ml_43715_68,ml_43715_1966_2000-01-04 03:05:17,2000-01-04 03:05:17,RATE,"{""movie_id"": 1966, ""movie_title"": ""Metropolitan (1990)"", ""genres"": ""Comedy"", ""rating"": 5.0}",FollowingScent,FollowingScent,"Rating of 5.0 for a Comedy film. This continues the exploration of Comedy elements that were introduced in the previous film, showing sustained interest in this developing taste thread.",FollowingScent,agree,"Comedy is now the dominant genre, building on the Comedy elements introduced in Event 7. The 5.0 rating and continuity in thematic elements (comedy-drama blend) indicate sustained exploration within a successful scent, not a new direction.",The Analyst and Critic agree that the rating of 5.0 for a Comedy film continues the exploration of Comedy elements introduced in the previous film. This sustained interest in a developing taste thread supports the FollowingScent label.,0.9,0.0,False,full
ml_43715_68,ml_43715_150_2000-01-04 03:06:23,2000-01-04 03:06:23,RATE,"{""movie_id"": 150, ""movie_title"": ""Apollo 13 (1995)"", ""genres"": ""Adventure|Drama|IMAX"", ""rating"": 2.0}",LeavingPatch,PoorScent,"Rating of 2.0 for an Adventure/Drama/IMAX film represents a return to negative evaluation. Despite the Drama component (which was previously successful), this particular film didn't work for the user.",LeavingPatch,disagree,"This is not merely a PoorScent. It follows three consecutive high ratings (Events 5-8) in Drama and Comedy-Drama hybrids, then a sharp drop to 2.0 in a film with Drama (previously successful) and Adventure. This signals disillusionment with the very genre thread that had just been successful. The pattern of prior success followed by failure meets the 'LeavingPatch' definition: abandoning a previously productive patch after disappointment. PoorScent alone misses the sequential context.","The Critic's perspective highlights that this rating of 2.0 follows three consecutive high ratings, indicating disillusionment with a previously successful genre thread. The Analyst's PoorScent label does not fully capture the context of this shift, justifying the LeavingPatch label.",0.9,1.0,True,full
ml_43715_68,ml_43715_235_2000-01-04 03:06:48,2000-01-04 03:06:48,RATE,"{""movie_id"": 235, ""movie_title"": ""Ed Wood (1994)"", ""genres"": ""Comedy|Drama"", ""rating"": 5.0}",FollowingScent,ForagingSuccess,"Rating of 5.0 for a Comedy/Drama film. The user returns to the successful Comedy/Drama combination that worked well earlier in the session (Event 7), indicating they found another highly enjoyable film in a proven genre mix.",FollowingScent,disagree,The user returns to a Comedy/Drama mix that previously yielded 5.0 (Event 7). This is not a new discovery but a deliberate return to a proven successful scent. The label ForagingSuccess is incorrect because the user did not discover something new—they reaffirmed a known preference. FollowingScent correctly captures the continuation of a successful thematic thread.,"The Critic's perspective emphasizes that the user returns to a previously successful Comedy/Drama mix, indicating a deliberate return to a known preference rather than a new discovery. This aligns with the FollowingScent label, as it reflects a continuation of exploration within a successful thematic area.",0.9,1.0,True,full
ml_43715_75,ml_43715_668_2000-03-19 21:19:51,2000-03-19 21:19:51,RATE,"{""movie_id"": 668, ""movie_title"": ""Song of the Little Road (Pather Panchali) (1955)"", ""genres"": ""Drama"", ""rating"": 2.0}",PoorScent,PoorScent,"Rating of 2.0 qualifies as PoorScent according to the schema (only 1.0-2.0 ratings qualify). The user found this drama movie genuinely poor, indicating a mismatch between expectation and reality.",PoorScent,agree,"Rating of 2.0 falls within the defined range for PoorScent (1.0-2.0). The user found the film genuinely unsatisfying, and there is no indication this was a mispredicted recommendation — the label is correctly applied based on explicit negativity.","Both the Analyst and Critic agree that a rating of 2.0 qualifies as PoorScent, indicating a genuine negative experience. The user found the movie poor, aligning with the schema's definition for this label.",0.95,0.0,False,full
ml_43715_75,ml_43715_3478_2000-03-19 21:21:33,2000-03-19 21:21:33,RATE,"{""movie_id"": 3478, ""movie_title"": ""Bamba, La (1987)"", ""genres"": ""Drama"", ""rating"": 3.0}",LeavingPatch,FollowingScent,"Rating of 3.0 is neutral. The movie is another Drama (same genre as previous movie), indicating the user is continuing to explore within the drama genre they've been following, making this FollowingScent.",LeavingPatch,disagree,"The previous event was a PoorScent (2.0) in Drama, and this is another Drama with a neutral rating (3.0). This is not a continuation of exploration — it is a reluctant, unenthusiastic continuation after disappointment. FollowingScent implies positive or neutral engagement within a thriving trail; here, the user is likely lingering in a failing patch. This is the first of three consecutive low-rated Drama films, making this the beginning of a LeavingPatch sequence, not FollowingScent.","The Critic's perspective highlights that the user is continuing in a genre (Drama) after a PoorScent rating (2.0), indicating a reluctant continuation rather than exploration. This aligns with the LeavingPatch label, as it reflects a series of disappointments in the same genre.",0.85,1.0,False,full
ml_43715_75,ml_43715_3450_2000-03-19 21:23:51,2000-03-19 21:23:51,RATE,"{""movie_id"": 3450, ""movie_title"": ""Grumpy Old Men (1993)"", ""genres"": ""Comedy"", ""rating"": 3.0}",LeavingPatch,DietEnrichment,"Rating of 3.0 is neutral. The user switches from Drama to Comedy genre, indicating exploration of a new style they haven't rated in this session, representing DietEnrichment (broadening taste).",LeavingPatch,disagree,"The user has just rated two low-rated Drama films (2.0 and 3.0). Switching to Comedy with a neutral 3.0 is not DietEnrichment — it is an attempt to escape a failing patch. DietEnrichment implies curiosity-driven broadening; this is avoidance-driven. The shift is motivated by prior disappointment, not exploration. This is the second event in a sequence of low-rated films, and the genre shift signals the start of LeavingPatch, not enrichment.","The Critic's argument is stronger here, as the user has just rated two low-rated Drama films. The switch to Comedy with a neutral rating (3.0) suggests an escape from a failing patch rather than genuine exploration, supporting the LeavingPatch label.",0.9,1.0,False,full
ml_43715_75,ml_43715_3489_2000-03-19 21:24:22,2000-03-19 21:24:22,RATE,"{""movie_id"": 3489, ""movie_title"": ""Hook (1991)"", ""genres"": ""Adventure|Comedy|Fantasy"", ""rating"": 1.0}",PoorScent,PoorScent,"Rating of 1.0 clearly qualifies as PoorScent. The user found this Adventure/Comedy/Fantasy movie extremely poor, indicating a strong negative experience and mismatch between expectation and reality.",PoorScent,agree,"Rating of 1.0 is unambiguously PoorScent. The movie is in a new genre (Adventure/Comedy/Fantasy), but the label depends on negativity, not genre novelty. The user had a strongly negative experience, regardless of genre context.","Both the Analyst and Critic agree that a rating of 1.0 clearly qualifies as PoorScent, indicating a strong negative experience. The user found this movie extremely poor, which aligns with the schema's definition.",0.98,0.0,False,full
ml_43715_75,ml_43715_3476_2000-03-19 21:25:13,2000-03-19 21:25:13,RATE,"{""movie_id"": 3476, ""movie_title"": ""Jacob's Ladder (1990)"", ""genres"": ""Horror|Mystery"", ""rating"": 4.0}",ForagingSuccess,ForagingSuccess,"Rating of 4.0 qualifies as ForagingSuccess. The user found this Horror/Mystery movie highly enjoyable, indicating they found something they truly appreciated in this new genre exploration.",ForagingSuccess,agree,"Rating of 4.0 meets the threshold for ForagingSuccess. The movie is in a new genre (Horror/Mystery), but the high rating indicates genuine satisfaction — this is a successful discovery, not just a neutral pivot. The label is correctly applied.","Both the Analyst and Critic agree that a rating of 4.0 qualifies as ForagingSuccess, indicating a high level of enjoyment. The user found this movie highly enjoyable, marking a successful discovery in a new genre.",0.95,0.0,False,full
ml_43715_75,ml_43715_3425_2000-03-19 21:25:55,2000-03-19 21:25:55,RATE,"{""movie_id"": 3425, ""movie_title"": ""Mo' Better Blues (1990)"", ""genres"": ""Drama|Musical"", ""rating"": 2.0}",LeavingPatch,PoorScent,"Rating of 2.0 qualifies as PoorScent. The user returns to Drama/Musical genre but finds this movie poor, indicating another negative experience in their exploration.",LeavingPatch,disagree,"This is the third consecutive low-rated Drama film (2.0, 3.0, 2.0). The user has returned to Drama after a brief genre shift, and now rates another Drama poorly. This is not a new PoorScent in isolation — it is a continuation of a failing patch. The label should be LeavingPatch, as this is the third negative event in the same thematic area, signaling abandonment.","The Critic's perspective is stronger here, as this is the third consecutive low-rated Drama film. The user has returned to Drama after a brief genre shift, indicating a continuation of a failing patch rather than an isolated PoorScent.",0.92,1.0,False,full
ml_43715_75,ml_43715_3498_2000-03-19 21:25:55,2000-03-19 21:25:55,RATE,"{""movie_id"": 3498, ""movie_title"": ""Midnight Express (1978)"", ""genres"": ""Drama"", ""rating"": 1.0}",LeavingPatch,PoorScent,"Rating of 1.0 clearly qualifies as PoorScent. Another Drama movie that the user found extremely poor, continuing a pattern of negative experiences with drama films in this session.",LeavingPatch,disagree,"This is the fourth consecutive low-rated Drama film (2.0, 3.0, 2.0, 1.0). The user is clearly in a failing patch. The label PoorScent is technically correct for the individual event, but the schema requires sequential context for LeavingPatch — and this event is the culmination of that sequence. LeavingPatch must be assigned here as the final event in the failing Drama trail before a genre shift.","Similar to the previous event, this is the fourth consecutive low-rated Drama film. The Critic's argument emphasizes the cumulative context of negative ratings, supporting the LeavingPatch label over PoorScent.",0.95,1.0,False,full
ml_43715_75,ml_43715_3505_2000-03-19 21:26:36,2000-03-19 21:26:36,RATE,"{""movie_id"": 3505, ""movie_title"": ""No Way Out (1987)"", ""genres"": ""Drama|Mystery|Thriller"", ""rating"": 3.0}",LeavingPatch,FollowingScent,"Rating of 3.0 is neutral. The movie is Drama/Mystery/Thriller, continuing in the dramatic/thriller vein of recent ratings, indicating FollowingScent within this thematic area despite mixed results.",LeavingPatch,disagree,"This is the fifth consecutive low-rated film in the Drama/Thriller lineage (events 1, 2, 6, 7, 8). Even though the genre is slightly expanded (Drama|Mystery|Thriller), it is not a new trail — it is the same failing patch. The neutral rating (3.0) does not indicate FollowingScent; it indicates resignation. This is the final event in the LeavingPatch sequence — the user is still in the patch but with no satisfaction. LeavingPatch should be assigned here as the endpoint before the next genre shift.","The Critic's perspective is stronger here, as this is the fifth consecutive low-rated film in the Drama/Thriller lineage. The neutral rating (3.0) does not indicate FollowingScent; it indicates resignation to a failing patch.",0.93,1.0,False,full
ml_43715_75,ml_43715_3422_2000-03-19 21:27:19,2000-03-19 21:27:19,RATE,"{""movie_id"": 3422, ""movie_title"": ""She's Gotta Have It (1986)"", ""genres"": ""Comedy|Romance"", ""rating"": 3.0}",DietEnrichment,DietEnrichment,"Rating of 3.0 is neutral. The user switches to Comedy/Romance genre, which represents a clear thematic shift from the previous drama/thriller pattern, indicating DietEnrichment through exploring a new style.",DietEnrichment,agree,"After five consecutive low-rated Drama/Thriller films, the user switches to Comedy/Romance — a clear thematic departure. The neutral rating (3.0) does not negate enrichment; it reflects cautious exploration. The schema allows DietEnrichment even with neutral ratings when there is a clear genre shift after a failing patch. This is a deliberate attempt to broaden taste.","Both the Analyst and Critic agree that the switch to Comedy/Romance represents a clear thematic shift from the previous Drama/Thriller pattern. The neutral rating (3.0) reflects cautious exploration, supporting the DietEnrichment label.",0.89,0.0,False,full
ml_43715_75,ml_43715_3418_2000-03-19 21:28:27,2000-03-19 21:28:27,RATE,"{""movie_id"": 3418, ""movie_title"": ""Thelma & Louise (1991)"", ""genres"": ""Adventure|Crime|Drama"", ""rating"": 4.0}",ForagingSuccess,ForagingSuccess,"Rating of 4.0 qualifies as ForagingSuccess. The user found this Adventure/Crime/Drama movie highly enjoyable, indicating successful foraging within the drama-thriller space they've been exploring.",ForagingSuccess,agree,"Rating of 4.0 is clearly ForagingSuccess. The movie is in a genre (Drama/Crime) previously explored negatively, but this time the user found it highly enjoyable. This is a successful re-engagement with a previously failed genre — a hallmark of foraging success. The label is correct.","Both the Analyst and Critic agree that a rating of 4.0 qualifies as ForagingSuccess, indicating a high level of enjoyment. The user found this movie highly enjoyable, marking a successful re-engagement with a previously failed genre.",0.96,0.0,False,full
ml_43715_75,ml_43715_3440_2000-03-19 21:28:27,2000-03-19 21:28:27,RATE,"{""movie_id"": 3440, ""movie_title"": ""Teenage Mutant Ninja Turtles III (1993)"", ""genres"": ""Action|Adventure|Children|Comedy|Fantasy"", ""rating"": 1.0}",PoorScent,PoorScent,"Rating of 1.0 clearly qualifies as PoorScent. The user found this Action/Adventure/Children's movie extremely poor, indicating a strong negative experience and mismatch with expectations.",PoorScent,agree,"Rating of 1.0 is unambiguously PoorScent. The genre (Action/Adventure/Children) is novel, but the extreme negativity overrides any enrichment interpretation. This is a failed attempt to find enjoyment in a new direction, not a sign of successful foraging.","Both the Analyst and Critic agree that a rating of 1.0 clearly qualifies as PoorScent. The user found this movie extremely poor, indicating a strong negative experience regardless of the genre context.",0.97,0.0,False,full
ml_43715_83,ml_43715_3706_2000-06-02 13:18:45,2000-06-02 13:18:45,RATE,"{""movie_id"": 3706, ""movie_title"": ""Angel Heart (1987)"", ""genres"": ""Film-Noir|Horror|Mystery|Thriller"", ""rating"": 1.0}",PoorScent,PoorScent,Rating of 1.0 qualifies as clearly negative experience (1.0-2.0 range). User found this Film-Noir/Horror/Mystery/Thriller movie genuinely poor.,,,,,1.0,0.0,False,analyst_only
ml_43715_83,ml_43715_3742_2000-06-02 13:19:11,2000-06-02 13:19:11,RATE,"{""movie_id"": 3742, ""movie_title"": ""Battleship Potemkin (1925)"", ""genres"": ""Drama|War"", ""rating"": 3.0}",DietEnrichment,DietEnrichment,"Rating of 3.0 is neutral. Clear thematic shift from previous Film-Noir/Horror to a 1925 Drama/War film, indicating exploration of a new era and genre.",,,,,0.9,0.0,False,analyst_only
ml_43715_83,ml_43715_3676_2000-06-02 13:19:37,2000-06-02 13:19:37,RATE,"{""movie_id"": 3676, ""movie_title"": ""Eraserhead (1977)"", ""genres"": ""Drama|Horror"", ""rating"": 4.0}",ForagingSuccess,ForagingSuccess,Rating of 4.0 qualifies as high satisfaction. User found enjoyment in this Drama/Horror film after previous negative and neutral experiences.,,,,,0.95,0.0,False,analyst_only
ml_43715_83,ml_43715_3716_2000-06-02 13:19:37,2000-06-02 13:19:37,RATE,"{""movie_id"": 3716, ""movie_title"": ""Fatal Beauty (1987)"", ""genres"": ""Action|Comedy|Crime|Drama"", ""rating"": 1.0}",PoorScent,PoorScent,Rating of 1.0 qualifies as clearly negative experience. User found this Action/Comedy/Crime/Drama movie genuinely poor.,,,,,1.0,0.0,False,analyst_only
ml_43715_83,ml_43715_3686_2000-06-02 13:20:04,2000-06-02 13:20:04,RATE,"{""movie_id"": 3686, ""movie_title"": ""Flatliners (1990)"", ""genres"": ""Horror|Sci-Fi|Thriller"", ""rating"": 2.0}",PoorScent,PoorScent,Rating of 2.0 qualifies as clearly negative experience (1.0-2.0 range). User found this Horror/Sci-Fi/Thriller movie poor.,,,,,1.0,0.0,False,analyst_only
ml_43715_83,ml_43715_3723_2000-06-02 13:20:04,2000-06-02 13:20:04,RATE,"{""movie_id"": 3723, ""movie_title"": ""Hamlet (1990)"", ""genres"": ""Drama"", ""rating"": 2.0}",PoorScent,PoorScent,"Rating of 2.0 qualifies as clearly negative experience. User found this Drama (Hamlet adaptation) poor, continuing a pattern of negative ratings.",,,,,1.0,0.0,False,analyst_only
ml_43715_83,ml_43715_3703_2000-06-02 13:20:20,2000-06-02 13:20:20,RATE,"{""movie_id"": 3703, ""movie_title"": ""Road Warrior, The (Mad Max 2) (1981)"", ""genres"": ""Action|Adventure|Sci-Fi|Thriller"", ""rating"": 4.0}",ForagingSuccess,ForagingSuccess,"Rating of 4.0 qualifies as high satisfaction. User found enjoyment in this Action/Adventure/Sci-Fi film (Mad Max 2), breaking the pattern of negative ratings.",,,,,0.95,0.0,False,analyst_only
ml_43715_83,ml_43715_3704_2000-06-02 13:20:20,2000-06-02 13:20:20,RATE,"{""movie_id"": 3704, ""movie_title"": ""Mad Max Beyond Thunderdome (1985)"", ""genres"": ""Action|Adventure|Sci-Fi"", ""rating"": 2.0}",PoorScent,PoorScent,"Rating of 2.0 qualifies as clearly negative experience. User found the sequel (Mad Max Beyond Thunderdome) significantly worse than the previous film in the series, indicating disappointment with the continuation.",,,,,0.9,0.0,False,analyst_only
ml_43715_83,ml_43715_3697_2000-06-02 13:20:42,2000-06-02 13:20:42,RATE,"{""movie_id"": 3697, ""movie_title"": ""Predator 2 (1990)"", ""genres"": ""Action|Sci-Fi|Thriller"", ""rating"": 3.0}",FollowingScent,FollowingScent,"Rating of 3.0 is neutral. User continues exploring Action/Sci-Fi/Thriller genre (similar to previous Mad Max and Flatliners films), indicating sequential thematic exploration within familiar territory.",,,,,0.85,0.0,False,analyst_only
ml_43715_83,ml_43715_3668_2000-06-02 13:21:08,2000-06-02 13:21:08,RATE,"{""movie_id"": 3668, ""movie_title"": ""Romeo and Juliet (1968)"", ""genres"": ""Drama|Romance"", ""rating"": 3.0}",DietEnrichment,DietEnrichment,"Rating of 3.0 is neutral. Clear thematic shift from Action/Sci-Fi to a 1968 Drama/Romance (Shakespeare adaptation), indicating exploration of a different era and genre.",,,,,0.9,0.0,False,analyst_only
ml_43715_83,ml_43715_3698_2000-06-02 13:21:08,2000-06-02 13:21:08,RATE,"{""movie_id"": 3698, ""movie_title"": ""Running Man, The (1987)"", ""genres"": ""Action|Sci-Fi"", ""rating"": 1.0}",PoorScent,PoorScent,"Rating of 1.0 qualifies as clearly negative experience. User found this Action/Sci-Fi movie genuinely poor, ending the session on another negative experience.",,,,,1.0,0.0,False,analyst_only
ml_43715_94,ml_43715_2947_2000-11-13 14:10:07,2000-11-13 14:10:07,RATE,"{""movie_id"": 2947, ""movie_title"": ""Goldfinger (1964)"", ""genres"": ""Action|Adventure|Thriller"", ""rating"": 3.0}",DietEnrichment,FollowingScent,"First event in session, no prior context. Action movie genre exploration begins. Rating 3.0 is neutral, indicating initial exploration within action/adventure theme.",DietEnrichment,disagree,"There is no prior context to establish a 'following' pattern. The first movie is an action/adventure/thriller — but without prior ratings, this cannot be 'FollowingScent'. Since the user has no established genre trail, this is the first exploration of a new thematic patch. The neutral rating (3.0) is consistent with initial exploration, not confirmation of an existing scent. DietEnrichment is the only valid label for a first event with no prior context.","The first event lacks prior context to establish a 'FollowingScent' pattern. The user rates an action/adventure/thriller movie, which indicates an exploration of a new genre rather than a continuation. Therefore, 'DietEnrichment' is more appropriate.",0.95,1.0,False,full
ml_43715_94,ml_43715_2985_2000-11-13 14:10:39,2000-11-13 14:10:39,RATE,"{""movie_id"": 2985, ""movie_title"": ""RoboCop (1987)"", ""genres"": ""Action|Crime|Drama|Sci-Fi|Thriller"", ""rating"": 3.0}",FollowingScent,FollowingScent,Continuing action/sci-fi theme from previous movie (RoboCop). Rating 3.0 maintains neutral exploration within similar genre space.,FollowingScent,agree,"RoboCop shares action, sci-fi, and thriller elements with Goldfinger. The thematic continuity is clear, and the neutral rating (3.0) reflects ongoing exploration within the same genre cluster. No system_rating is provided, so ApproachingSource is not applicable. This is a valid FollowingScent.","RoboCop shares thematic elements with Goldfinger, maintaining a focus on action and sci-fi. The neutral rating of 3.0 reflects ongoing exploration within the same genre cluster, confirming the 'FollowingScent' label.",0.9,0.0,False,full
ml_43715_94,ml_43715_3444_2000-11-13 14:11:28,2000-11-13 14:11:28,RATE,"{""movie_id"": 3444, ""movie_title"": ""Bloodsport (1988)"", ""genres"": ""Action"", ""rating"": 2.0}",PoorScent,PoorScent,"Continuing action genre exploration but rating drops to 2.0, indicating disappointment with this specific movie within the action theme.",PoorScent,agree,"Rating of 2.0 in the same action genre as previous two films. This is a clear negative signal within an established thematic patch. The drop from 3.0 to 2.0 indicates disappointment, meeting the PoorScent threshold of 1.0-2.0. No evidence of system mismatch needed — low rating alone qualifies.","The rating of 2.0 in the same action genre indicates disappointment. This is a clear negative signal within the established thematic patch, confirming the 'PoorScent' label.",0.95,0.0,False,full
ml_43715_94,ml_43715_2949_2000-11-13 14:11:47,2000-11-13 14:11:47,RATE,"{""movie_id"": 2949, ""movie_title"": ""Dr. No (1962)"", ""genres"": ""Action|Adventure|Thriller"", ""rating"": 2.0}",PoorScent,PoorScent,"Another action movie (James Bond series) with rating 2.0. Second consecutive poor rating in action genre, reinforcing disappointment with this thematic patch.",PoorScent,agree,Second consecutive low rating (2.0) in action/adventure/thriller. The genre consistency confirms this is a continuation of the same patch. PoorScent is correctly applied. No need for system_rating comparison — the negative experience is self-evident.,"Another rating of 2.0 in the action genre reinforces the user's disappointment. This is the second consecutive low rating in the same genre, confirming the 'PoorScent' label.",0.95,0.0,False,full
ml_43715_94,ml_43715_2968_2000-11-13 14:12:45,2000-11-13 14:12:45,RATE,"{""movie_id"": 2968, ""movie_title"": ""Time Bandits (1981)"", ""genres"": ""Adventure|Comedy|Fantasy|Sci-Fi"", ""rating"": 4.0}",DietEnrichment,DietEnrichment,Significant genre shift from action to adventure/comedy/fantasy/sci-fi blend. Rating 4.0 indicates successful exploration of new thematic territory.,DietEnrichment,agree,Significant genre shift from action to adventure/comedy/fantasy/sci-fi. Time Bandits is thematically distinct from the prior two action films. Rating of 4.0 confirms successful discovery. This is a textbook DietEnrichment event.,"The shift from action to adventure/comedy/fantasy/sci-fi represents a significant genre change. The rating of 4.0 indicates successful exploration of new thematic territory, aligning with the 'DietEnrichment' label.",0.98,0.0,False,full
ml_43715_94,ml_43715_2916_2000-11-13 14:13:07,2000-11-13 14:13:07,RATE,"{""movie_id"": 2916, ""movie_title"": ""Total Recall (1990)"", ""genres"": ""Action|Adventure|Sci-Fi|Thriller"", ""rating"": 4.0}",ForagingSuccess,ForagingSuccess,"Returns to action/sci-fi but with high rating (4.0). After previous action disappointments, this represents a successful find within a familiar genre.",ForagingSuccess,disagree,"Rating 4.0 is correctly labeled ForagingSuccess, but the reasoning is flawed. The user is not 'returning' to action/sci-fi after disappointment — they just switched genres and now rate a sci-fi film highly. This is not a 'successful find within a familiar genre' after abandonment; it's a new positive experience in a genre they previously explored. However, since the rating is >=4.0 and no prior negative signal in this exact sub-genre cluster, ForagingSuccess is still correct. The label is right,","The high rating of 4.0 in action/sci-fi indicates a successful find. Despite previous disappointments, this rating suggests a positive experience within a familiar genre, confirming the 'ForagingSuccess' label.",0.85,0.0,False,full
ml_43715_94,ml_43715_3070_2000-11-13 14:13:25,2000-11-13 14:13:25,RATE,"{""movie_id"": 3070, ""movie_title"": ""Adventures of Buckaroo Banzai Across the 8th Dimension, The (1984)"", ""genres"": ""Adventure|Comedy|Sci-Fi"", ""rating"": 2.0}",FollowingScent,FollowingScent,Continuing sci-fi/adventure/comedy theme from Time Bandits. Maintains exploration within this blended genre space.,FollowingScent,agree,"Continues the adventure/comedy/fantasy/sci-fi blend from Time Bandits. Genre overlap is strong. Rating is not provided but assumed to be consistent with prior (likely 4.0 or 3.0). Even if neutral, the thematic continuity supports FollowingScent.","The movie continues the thematic blend of adventure/comedy/sci-fi established with Time Bandits. The user is maintaining their exploration within this genre, justifying the 'FollowingScent' label.",0.9,0.0,False,full
ml_43715_94,ml_43715_1012_2000-11-13 14:17:13,2000-11-13 14:17:13,RATE,"{""movie_id"": 1012, ""movie_title"": ""Old Yeller (1957)"", ""genres"": ""Children|Drama"", ""rating"": 3.0}",DietEnrichment,DietEnrichment,Major genre shift to children/drama (Old Yeller). Rating 3.0 indicates neutral exploration of completely new thematic territory.,DietEnrichment,agree,Shift from fantasy/comedy to children/drama is a clear genre departure. Old Yeller is thematically distinct. Rating 3.0 indicates neutral exploration of new territory — classic DietEnrichment.,"The rating of 3.0 for Old Yeller indicates neutral exploration of a new genre (children/drama). This represents a clear shift from previous genres, aligning with the 'DietEnrichment' label.",0.95,0.0,False,full
ml_43715_94,ml_43715_2097_2000-11-13 14:17:13,2000-11-13 14:17:13,RATE,"{""movie_id"": 2097, ""movie_title"": ""Something Wicked This Way Comes (1983)"", ""genres"": ""Children|Drama|Fantasy|Mystery|Thriller"", ""rating"": 2.0}",PoorScent,PoorScent,"Continuing children/fantasy theme but with rating 2.0, indicating disappointment with this specific movie in the new genre exploration.",PoorScent,agree,Continuation of children/fantasy theme from Old Yeller with a 2.0 rating. Disappointment within the newly explored patch. PoorScent is correctly applied.,"The rating of 2.0 in the children/fantasy genre indicates disappointment with the movie. This is consistent with the user's exploration of a new genre, confirming the 'PoorScent' label.",0.95,0.0,False,full
ml_43715_94,ml_43715_2159_2000-11-13 14:23:37,2000-11-13 14:23:37,RATE,"{""movie_id"": 2159, ""movie_title"": ""Henry: Portrait of a Serial Killer (1986)"", ""genres"": ""Crime|Horror|Thriller"", ""rating"": 4.0}",ForagingSuccess,DietEnrichment,New genre exploration into crime/horror/thriller. Rating 4.0 indicates successful discovery in this new thematic territory.,ForagingSuccess,disagree,"Rating 4.0 in crime/horror/thriller is a clear success. But the analyst labels it DietEnrichment. This is incorrect: DietEnrichment applies to neutral exploration of new genres. A 4.0 rating is not exploration — it's validation. This is a ForagingSuccess. The genre is new, but the high rating transforms it from exploration to success. The label must reflect outcome, not just novelty.",The rating of 4.0 in the crime/horror/thriller genre indicates a successful find. This rating reflects a positive experience and aligns with the 'ForagingSuccess' label.,0.98,1.0,False,full
ml_43715_94,ml_43715_532_2000-11-13 14:25:06,2000-11-13 14:25:06,RATE,"{""movie_id"": 532, ""movie_title"": ""Serial Mom (1994)"", ""genres"": ""Comedy|Crime|Horror"", ""rating"": 4.0}",FollowingScent,FollowingScent,Continuing crime/horror/comedy theme from previous movie. Rating 4.0 maintains successful exploration within this genre blend.,FollowingScent,agree,Continues crime/horror/comedy from previous movie (Serial Mom shares genres with Henry). Rating 4.0 confirms successful continuation. FollowingScent is correct — the user is deepening exploration in a successful patch.,"The rating of 4.0 for Serial Mom continues the crime/horror/comedy theme established with the previous film. The user is deepening their exploration within this genre, justifying the 'FollowingScent' label.",0.95,0.0,False,full
ml_43715_94,ml_43715_2023_2000-11-13 14:25:26,2000-11-13 14:25:26,RATE,"{""movie_id"": 2023, ""movie_title"": ""Godfather: Part III, The (1990)"", ""genres"": ""Crime|Drama|Mystery|Thriller"", ""rating"": 1.0}",PoorScent,PoorScent,"Rating 1.0 in crime/drama genre, indicating extreme disappointment. Clear PoorScent based on very low rating.",PoorScent,agree,"Rating 1.0 is unambiguously PoorScent. No ambiguity here. Genre is crime/drama — consistent with prior crime/horror, so this is a negative signal within an established cluster.",The rating of 1.0 in the crime/drama genre indicates extreme disappointment. This is a clear 'PoorScent' as it reflects a negative experience within the established thematic patch.,0.99,0.0,False,full
ml_43715_94,ml_43715_2616_2000-11-13 14:25:26,2000-11-13 14:25:26,RATE,"{""movie_id"": 2616, ""movie_title"": ""Dick Tracy (1990)"", ""genres"": ""Action|Crime"", ""rating"": 1.0}",PoorScent,PoorScent,Another crime/action movie with rating 1.0. Second consecutive extreme disappointment in crime genre.,PoorScent,agree,Second consecutive 1.0 rating in crime/action. Clear pattern of disappointment. PoorScent is correct.,"Another rating of 1.0 in the crime/action genre reinforces the pattern of disappointment. This is the second consecutive extreme disappointment, confirming the 'PoorScent' label.",0.99,0.0,False,full
ml_43715_94,ml_43715_3247_2000-11-13 14:25:39,2000-11-13 14:25:39,RATE,"{""movie_id"": 3247, ""movie_title"": ""Sister Act (1992)"", ""genres"": ""Comedy|Crime"", ""rating"": 2.0}",PoorScent,PoorScent,Continuing crime genre exploration with rating 2.0. Third consecutive poor experience in crime-themed movies.,PoorScent,agree,Third consecutive low rating (2.0) in crime-themed films. This continues the negative streak. PoorScent is appropriate. Not yet LeavingPatch because the genre hasn't changed yet.,"The rating of 2.0 in the crime genre indicates continued disappointment. This is the third consecutive low rating, confirming the 'PoorScent' label.",0.95,0.0,False,full
ml_43715_94,ml_43715_434_2000-11-13 14:25:54,2000-11-13 14:25:54,RATE,"{""movie_id"": 434, ""movie_title"": ""Cliffhanger (1993)"", ""genres"": ""Action|Adventure|Thriller"", ""rating"": 1.0}",LeavingPatch,LeavingPatch,Fourth consecutive poor rating (1.0) in action/crime genre cluster. Likely abandoning this thematic patch after multiple disappointments.,LeavingPatch,disagree,"This is the fourth consecutive low rating in crime/action. The next movie (Madonna: Truth or Dare) is a documentary/musical — a clear genre switch. This meets the LeavingPatch definition: multiple consecutive PoorScent events in same genre followed by a switch. The label is correct, but the analyst missed that the switch occurs AFTER this event. LeavingPatch applies to the final negative event before the switch — which is exactly this one. So label is correct. Justification needs to clarify the ","The fourth consecutive low rating in the action/crime genre indicates a likely abandonment of this thematic patch. The user is switching genres after multiple disappointments, justifying the 'LeavingPatch' label.",0.97,0.0,False,full
ml_43715_94,ml_43715_1191_2000-11-13 14:27:34,2000-11-13 14:27:34,RATE,"{""movie_id"": 1191, ""movie_title"": ""Madonna: Truth or Dare (1991)"", ""genres"": ""Documentary|Musical"", ""rating"": 3.0}",DietEnrichment,DietEnrichment,Major genre shift to documentary/musical after abandoning action/crime patch. Rating 3.0 indicates neutral exploration of new territory.,DietEnrichment,agree,Clear genre shift from crime/action to documentary/musical. First exposure to this theme. Rating 3.0 indicates neutral exploration. Perfect DietEnrichment.,"The shift to documentary/musical after abandoning the action/crime patch represents a clear genre change. The neutral rating of 3.0 indicates exploration of new territory, aligning with the 'DietEnrichment' label.",0.95,0.0,False,full
ml_43715_94,ml_43715_3359_2000-11-13 14:29:54,2000-11-13 14:29:54,RATE,"{""movie_id"": 3359, ""movie_title"": ""Breaking Away (1979)"", ""genres"": ""Comedy|Drama"", ""rating"": 2.0}",FollowingScent,PoorScent,"Rating 2.0 in comedy/drama genre, indicating disappointment. Not extreme but still qualifies as PoorScent based on low rating.",FollowingScent,disagree,"Rating 2.0 in comedy/drama. Previous movie was documentary/musical — a different genre. This is a new thematic direction. But 2.0 is not high enough for ForagingSuccess, and not low enough to trigger LeavingPatch (no prior negatives in this genre). The analyst misapplies PoorScent. However, since this is the first movie in comedy/drama, and the rating is low, it should be DietEnrichment — exploration of a new genre with negative outcome. PoorScent requires continuation of a prior theme. This is ","The rating of 2.0 in comedy/drama indicates disappointment, but it continues the thematic exploration from the previous documentary/musical. The user is still exploring within a related genre, justifying the 'FollowingScent' label.",0.85,1.0,False,full
ml_43715_94,ml_43715_2015_2000-11-13 14:30:43,2000-11-13 14:30:43,RATE,"{""movie_id"": 2015, ""movie_title"": ""Absent-Minded Professor, The (1961)"", ""genres"": ""Children|Comedy|Fantasy"", ""rating"": 3.0}",FollowingScent,FollowingScent,Continuing children/comedy theme exploration. Rating 3.0 maintains neutral exploration within this genre space.,FollowingScent,agree,Continues children/comedy theme from Old Yeller and the previous comedy/drama (even if poorly rated). The genre overlap (children/comedy) is sufficient. Rating 3.0 indicates ongoing exploration. FollowingScent is appropriate.,"The rating of 3.0 continues the exploration of the children/comedy theme. The user is maintaining their exploration within this genre space, justifying the 'FollowingScent' label.",0.85,0.0,False,full
ml_43715_94,ml_43715_1339_2000-11-13 14:33:09,2000-11-13 14:33:09,RATE,"{""movie_id"": 1339, ""movie_title"": ""Dracula (Bram Stoker's Dracula) (1992)"", ""genres"": ""Fantasy|Horror|Romance|Thriller"", ""rating"": 2.0}",PoorScent,PoorScent,"Rating 2.0 in fantasy/horror genre, indicating disappointment with this specific movie.",PoorScent,agree,Continuation of fantasy/horror from Dracula (previous film). Rating 2.0 indicates disappointment within the same thematic cluster. PoorScent correctly applied.,"The rating of 2.0 in the fantasy/horror genre indicates disappointment with this specific movie. This is consistent with the user's exploration of the genre, confirming the 'PoorScent' label.",0.95,0.0,False,full
ml_43715_94,ml_43715_2746_2000-11-13 14:33:09,2000-11-13 14:33:09,RATE,"{""movie_id"": 2746, ""movie_title"": ""Little Shop of Horrors (1986)"", ""genres"": ""Comedy|Horror|Musical"", ""rating"": 4.0}",ForagingSuccess,ForagingSuccess,"Continuing horror/comedy/musical theme but with high rating (4.0), indicating successful discovery within this genre blend.",ForagingSuccess,agree,"Rating 4.0 in horror/comedy/musical — a successful find. This follows a PoorScent in Dracula, so this is a recovery within the same genre cluster. ForagingSuccess is correct.",The rating of 4.0 in the horror/comedy/musical genre indicates a successful find. This rating reflects a positive experience and aligns with the 'ForagingSuccess' label.,0.98,0.0,False,full
ml_43715_94,ml_43715_253_2000-11-13 14:33:29,2000-11-13 14:33:29,RATE,"{""movie_id"": 253, ""movie_title"": ""Interview with the Vampire: The Vampire Chronicles (1994)"", ""genres"": ""Drama|Horror"", ""rating"": 2.0}",PoorScent,PoorScent,"Rating 2.0 in horror/drama genre, indicating disappointment following a successful find in similar thematic space.",PoorScent,agree,Follows a successful film (Little Shop) in similar horror/drama space. Rating 2.0 indicates mismatch — disappointment after success. This is a classic PoorScent within an established thematic patch.,The rating of 2.0 in the horror/drama genre indicates disappointment following a successful find. This is a classic 'PoorScent' within an established thematic patch.,0.95,0.0,False,full
ml_43715_94,ml_43715_1380_2000-11-13 14:35:07,2000-11-13 14:35:07,RATE,"{""movie_id"": 1380, ""movie_title"": ""Grease (1978)"", ""genres"": ""Comedy|Musical|Romance"", ""rating"": 3.0}",DietEnrichment,DietEnrichment,Genre shift to comedy/musical/romance. Rating 3.0 indicates neutral exploration of new thematic territory.,DietEnrichment,disagree,Genre shift from horror/drama to comedy/musical/romance. This is a new thematic territory. Rating 3.0 indicates neutral exploration — not a failure. PoorScent is incorrect because this is not a continuation of a prior negative patch. DietEnrichment is the only valid label.,"The genre shift to comedy/musical/romance represents a new thematic exploration. The rating of 3.0 indicates neutral exploration, aligning with the 'DietEnrichment' label.",0.96,0.0,False,full
ml_43715_94,ml_43715_2084_2000-11-13 14:35:57,2000-11-13 14:35:57,RATE,"{""movie_id"": 2084, ""movie_title"": ""Newsies (1992)"", ""genres"": ""Children|Musical"", ""rating"": 1.0}",PoorScent,PoorScent,"Rating 1.0 in children/musical genre, indicating extreme disappointment with this movie.",PoorScent,agree,"Rating 1.0 in children/musical — a new genre, but the label is PoorScent. This is correct: PoorScent does not require prior negative ratings in the same genre. Any rating <=2.0 is PoorScent if it's a negative experience. The user is exploring a new genre and finds it disappointing — this is still PoorScent. The schema does not require prior context for PoorScent. Label is correct.",The rating of 1.0 in children/musical indicates extreme disappointment. This is a clear 'PoorScent' as it reflects a negative experience regardless of genre novelty.,0.9,0.0,False,full
ml_43715_94,ml_43715_3386_2000-11-13 14:36:19,2000-11-13 14:36:19,RATE,"{""movie_id"": 3386, ""movie_title"": ""JFK (1991)"", ""genres"": ""Drama|Mystery|Thriller"", ""rating"": 1.0}",PoorScent,PoorScent,"Rating 1.0 in drama/mystery/thriller genre, another extreme disappointment.",PoorScent,agree,Rating 1.0 in drama/mystery/thriller. Clear negative experience. No prior context needed. PoorScent applies.,"The rating of 1.0 in drama/mystery/thriller indicates another extreme disappointment. This is a clear negative experience, confirming the 'PoorScent' label.",0.99,0.0,False,full
ml_43715_94,ml_43715_2752_2000-11-13 14:37:39,2000-11-13 14:37:39,RATE,"{""movie_id"": 2752, ""movie_title"": ""Outrageous Fortune (1987)"", ""genres"": ""Comedy|Mystery"", ""rating"": 2.0}",PoorScent,PoorScent,"Rating 2.0 in comedy/mystery genre, indicating continued disappointment across multiple genres.",PoorScent,agree,"Rating 2.0 in comedy/mystery. Another negative in a new genre. PoorScent is correct — low rating = poor experience, regardless of genre novelty.","The rating of 2.0 in comedy/mystery indicates continued disappointment across multiple genres. This is consistent with the user's experience, confirming the 'PoorScent' label.",0.95,0.0,False,full
ml_43715_94,ml_43715_2875_2000-11-13 14:37:39,2000-11-13 14:37:39,RATE,"{""movie_id"": 2875, ""movie_title"": ""Sommersby (1993)"", ""genres"": ""Drama|Mystery|Romance"", ""rating"": 2.0}",PoorScent,PoorScent,"Rating 2.0 in drama/mystery/romance genre, another disappointing experience.",PoorScent,agree,Rating 2.0 in drama/mystery/romance. Another low rating. PoorScent is correct. This continues a streak of negative experiences across multiple genres.,"The rating of 2.0 in drama/mystery/romance indicates another disappointing experience. This continues a streak of negative experiences across multiple genres, confirming the 'PoorScent' label.",0.95,0.0,False,full
ml_43715_94,ml_43715_2108_2000-11-13 14:39:16,2000-11-13 14:39:16,RATE,"{""movie_id"": 2108, ""movie_title"": ""L.A. Story (1991)"", ""genres"": ""Comedy|Romance"", ""rating"": 4.0}",ForagingSuccess,ForagingSuccess,Rating 4.0 in comedy/romance genre after series of disappointments. Represents a successful find and potential patch switching.,ForagingSuccess,agree,"Rating 4.0 in comedy/romance after multiple disappointments. This is a clear positive outcome. ForagingSuccess is correct. The genre is new, but the high rating defines the label.","The rating of 4.0 in comedy/romance after a series of disappointments represents a successful find. This is a clear positive outcome, justifying the 'ForagingSuccess' label.",0.98,0.0,False,full
ml_43715_94,ml_43715_3108_2000-11-13 14:40:16,2000-11-13 14:40:16,RATE,"{""movie_id"": 3108, ""movie_title"": ""Fisher King, The (1991)"", ""genres"": ""Comedy|Drama|Fantasy|Romance"", ""rating"": 4.0}",FollowingScent,FollowingScent,Continuing comedy/drama/romance theme from previous successful rating. Rating 4.0 maintains successful exploration within this genre blend.,FollowingScent,agree,Continues comedy/drama/romance from L.A. Story. Rating 4.0 confirms successful continuation. FollowingScent is correct — user is deepening exploration in a successful patch.,"The rating of 4.0 continues the comedy/drama/romance theme from the previous successful rating. The user is deepening their exploration within this genre, justifying the 'FollowingScent' label.",0.97,0.0,False,full
ml_43715_94,ml_43715_3267_2000-11-13 14:43:21,2000-11-13 14:43:21,RATE,"{""movie_id"": 3267, ""movie_title"": ""Mariachi, El (1992)"", ""genres"": ""Action|Crime|Thriller|Western"", ""rating"": 3.0}",DietEnrichment,DietEnrichment,Genre shift to action/crime/western blend. Rating 3.0 indicates neutral exploration of new thematic territory.,DietEnrichment,disagree,Genre shift from comedy/romance to action/crime/western. This is a clear departure. Rating 3.0 indicates neutral exploration. The analyst correctly identifies it as DietEnrichment. Label is correct. Justification is accurate.,"The genre shift to action/crime/western represents a new thematic exploration. The rating of 3.0 indicates neutral exploration, aligning with the 'DietEnrichment' label.",0.95,0.0,False,full
ml_43715_94,ml_43715_2349_2000-11-13 14:44:09,2000-11-13 14:44:09,RATE,"{""movie_id"": 2349, ""movie_title"": ""Mona Lisa (1986)"", ""genres"": ""Comedy|Thriller"", ""rating"": 3.0}",DietEnrichment,FollowingScent,Continuing comedy/thriller theme exploration. Rating 3.0 maintains neutral exploration within similar genre space.,DietEnrichment,disagree,"Mona Lisa is comedy/thriller. Previous was action/crime/western — these are distinct genres. The analyst labels it FollowingScent, implying continuity. But comedy/thriller is not a direct continuation of action/crime/western. This is a new thematic direction. Rating 3.0 suggests exploration, not confirmation. DietEnrichment is more accurate. FollowingScent requires clear genre continuity — this does not exist.","The rating of 3.0 for Mona Lisa indicates neutral exploration of the comedy/thriller genre. This represents a shift from the previous action/crime/western, aligning with the 'DietEnrichment' label.",0.92,1.0,False,full
ml_43715_94,ml_43715_1343_2000-11-13 14:44:21,2000-11-13 14:44:21,RATE,"{""movie_id"": 1343, ""movie_title"": ""Cape Fear (1991)"", ""genres"": ""Thriller"", ""rating"": 2.0}",PoorScent,PoorScent,"Rating 2.0 in thriller genre, indicating disappointment with this movie. Ends session on a negative note within the thriller theme.",DietEnrichment,disagree,"Cape Fear is thriller — a genre previously explored (e.g., Henry, Dracula, L.A. Story). But the immediate prior movie was comedy/thriller (Mona Lisa). Thriller is a shared genre. However, the rating is 2.0 — disappointment. But this is not a continuation of a negative patch; it's a new experience within a previously explored genre. Since the prior movie was comedy/thriller and this is thriller, there is thematic continuity. But the rating is low. This should be PoorScent — it's a negative outcom","The rating of 2.0 in the thriller genre indicates disappointment with this movie. This ends the session on a negative note within the thriller theme, confirming the 'PoorScent' label.",0.9,1.0,False,full
ml_43715_111,ml_43715_4299_2001-06-14 07:14:19,2001-06-14 07:14:19,RATE,"{""movie_id"": 4299, ""movie_title"": ""Knight's Tale, A (2001)"", ""genres"": ""Action|Comedy|Romance"", ""rating"": 2.0}",PoorScent,PoorScent,"Rating of 2.0 falls within the 1.0-2.0 range that qualifies as PoorScent. The user had a clearly negative experience with this Action/Comedy/Romance film, indicating a mismatch between expectation and reality.",PoorScent,agree,"The rating of 2.0 is within the defined 1.0-2.0 range for PoorScent, indicating a clearly negative experience. The genre (Action|Comedy|Romance) does not override the low rating threshold. No evidence suggests this was an expected mismatch due to recommendation error, so the label is justified by the raw negative response.","Both the Analyst and Critic agree that the rating of 2.0 falls within the PoorScent range (1.0-2.0), indicating a clearly negative experience. The user had a mismatch between expectation and reality, as evidenced by the low rating in the Action/Comedy/Romance genre. This consensus reinforces the classification.",0.95,0.0,False,full
ml_43715_111,ml_43715_4351_2001-06-14 12:19:32,2001-06-14 12:19:32,RATE,"{""movie_id"": 4351, ""movie_title"": ""Point Break (1991)"", ""genres"": ""Action|Crime|Thriller"", ""rating"": 3.0}",FollowingScent,FollowingScent,"Rating of 3.0 is neutral. The movie shares the Action genre with the previous film (Knight's Tale), indicating continued exploration within the action theme. This represents sequential thematic exploration rather than a negative experience.",FollowingScent,disagree,"The analyst correctly identifies the genre continuity (Action) from Event 1, but assigns FollowingScent to a 3.0 rating without justification. FollowingScent requires either thematic exploration with positive expectation (e.g., belief prediction) or a rating that reflects satisfaction within a known trail. A 3.0 is neutral and does not indicate active following of a scent—it’s a passive or indifferent response. Without evidence of prediction or positive alignment, this should be labeled as 'Uncl","The Analyst suggests FollowingScent due to the continuation of the Action genre from the previous film. While the Critic raises concerns about the lack of positive expectation, the genre continuity supports the idea of sequential thematic exploration. The neutral rating of 3.0 does not negate the thematic connection, thus FollowingScent is appropriate.",0.8,0.0,False,full
ml_43715_111,ml_43715_4354_2001-06-14 12:19:32,2001-06-14 12:19:32,RATE,"{""movie_id"": 4354, ""movie_title"": ""Unlawful Entry (1992)"", ""genres"": ""Crime|Thriller"", ""rating"": 1.0}",PoorScent,PoorScent,"Rating of 1.0 is clearly negative and falls within the 1.0-2.0 PoorScent range. The movie shares Crime/Thriller elements with the previous film (Point Break), making this a second disappointing experience in a similar thematic area.",PoorScent,agree,"Rating of 1.0 is unambiguously within the PoorScent range. The thematic continuity with Event 2 (Crime/Thriller) reinforces that this is not a genre shift but a repeated negative experience in the same thematic patch, strengthening the PoorScent classification. No alternative interpretation fits.","Both the Analyst and Critic agree that the rating of 1.0 clearly indicates a negative experience, falling within the PoorScent range. The thematic continuity with the previous film (Crime/Thriller) reinforces the idea that this is a repeated negative experience, justifying the PoorScent classification.",0.95,0.0,False,full
ml_43715_111,ml_43715_4318_2001-06-14 12:20:43,2001-06-14 12:20:43,RATE,"{""movie_id"": 4318, ""movie_title"": ""Postcards From the Edge (1990)"", ""genres"": ""Comedy|Drama"", ""rating"": 3.0}",DietEnrichment,DietEnrichment,"Rating of 3.0 is neutral. The movie shifts from Action/Crime/Thriller genres to Comedy/Drama, representing a clear thematic shift. The user is exploring new content areas, broadening their taste preferences beyond the previous action-oriented films.",DietEnrichment,agree,"The shift from Action/Crime/Thriller to Comedy/Drama is a clear genre departure. A 3.0 rating in a new genre is consistent with DietEnrichment: the user is exploring beyond their established pattern, even if not enthusiastically enjoying it. The schema does not require high ratings for DietEnrichment—only a thematic departure. This is a textbook case of taste broadening.","Both the Analyst and Critic agree that the shift from Action/Crime/Thriller to Comedy/Drama represents a clear thematic departure. The neutral rating of 3.0 in a new genre aligns with the DietEnrichment label, indicating the user is exploring new content areas beyond their previous action-oriented films.",0.9,0.0,False,full
ml_43715_111,ml_43715_4321_2001-06-14 12:20:43,2001-06-14 12:20:43,RATE,"{""movie_id"": 4321, ""movie_title"": ""City Slickers (1991)"", ""genres"": ""Comedy|Western"", ""rating"": 2.0}",DietEnrichment,PoorScent,"Rating of 2.0 falls within the 1.0-2.0 PoorScent range. This continues the Comedy exploration from the previous film but represents another negative experience, suggesting the user is not finding satisfaction in this new genre exploration.",DietEnrichment,disagree,"The analyst labels this PoorScent because of the 2.0 rating, but the genre (Comedy|Western) is a continuation of the new thematic direction started in Event 4 (Comedy/Drama). This is not a return to the previous Action/Crime patch—it’s continued exploration of a new domain. PoorScent applies to negative experiences within a *known* patch, not new ones. In DietEnrichment, negative ratings are expected during exploration. The user is still in the process of testing a new genre, and a 2.0 here is n","The Analyst initially labeled this as PoorScent due to the 2.0 rating, but the Critic correctly identifies it as a continuation of the new thematic direction initiated in Event 4. The genre (Comedy|Western) indicates ongoing exploration rather than a return to previous negative experiences. Thus, DietEnrichment is the appropriate label.",0.92,1.0,False,full
ml_43715_111,ml_43715_4322_2001-06-14 12:20:43,2001-06-14 12:20:43,RATE,"{""movie_id"": 4322, ""movie_title"": ""Eight Men Out (1988)"", ""genres"": ""Drama"", ""rating"": 5.0}",ForagingSuccess,ForagingSuccess,"Rating of 5.0 is clearly positive and falls within the 4.0-5.0 range that qualifies as ForagingSuccess. After several disappointing experiences across different genres, the user finally found a movie they truly enjoyed, representing a successful foraging outcome in the Drama genre.",ForagingSuccess,agree,"A 5.0 rating is unambiguously high and meets the ForagingSuccess threshold. The context of prior disappointments across multiple genres makes this a clear 'hit' after a period of low satisfaction. The genre (Drama) is distinct from prior ones, but that doesn’t matter—ForagingSuccess is defined by high satisfaction, not genre novelty. The label is correct and well-supported.","Both the Analyst and Critic agree that the rating of 5.0 is a clear indication of high satisfaction, meeting the ForagingSuccess criteria. The context of prior disappointments across various genres makes this a significant positive outcome, confirming the user's successful foraging experience in the Drama genre.",0.99,0.0,False,full
ml_43715_114,ml_43715_4633_2001-07-06 13:45:30,2001-07-06 13:45:30,RATE,"{""movie_id"": 4633, ""movie_title"": ""Parents (1989)"", ""genres"": ""Comedy|Drama|Horror"", ""rating"": 3.0}",DietEnrichment,FollowingScent,"Rating 3.0 is neutral. Movie is Comedy|Drama|Horror. Since this is the first event, we lack context about recent ratings, but the user is beginning their exploration. Medium ratings without strong negative signals default to FollowingScent when no other context exists.",DietEnrichment,disagree,"The first event in a session has no prior context, but 'Parents (1989)' is a hybrid of Comedy|Drama|Horror — an unusual, niche blend not typical of mainstream preferences. Given the subsequent ratings show a pattern of exploring 1989 cult/comedy-horror films, this first rating is likely an intentional foray into an unconventional genre, not a continuation of anything. Without prior ratings, 'FollowingScent' is invalid; instead, this is a deliberate exploration of an atypical theme, qualifying as","While the Analyst suggests FollowingScent due to the neutral rating of 3.0, the Critic argues for DietEnrichment based on the unique genre blend of Comedy|Drama|Horror, indicating a potential exploration of niche films. Given the lack of prior context and the unusual genre, DietEnrichment is more appropriate as it suggests the user is intentionally branching out into new thematic territory.",0.85,1.0,False,full
ml_43715_114,ml_43715_4634_2001-07-06 13:45:30,2001-07-06 13:45:30,RATE,"{""movie_id"": 4634, ""movie_title"": ""Penn & Teller Get Killed (1989)"", ""genres"": ""Adventure|Comedy"", ""rating"": 2.0}",PoorScent,PoorScent,"Rating 2.0 qualifies as PoorScent (clearly negative experience). Adventure|Comedy genre. User found this movie genuinely poor, indicating a mismatch between expectation and reality.",PoorScent,agree,"Rating 2.0 is clearly negative and falls within the 1.0-2.0 range defined for PoorScent. The genre (Adventure|Comedy) continues the oddball 1989 comedy trend, but the low rating indicates a mismatch — consistent with PoorScent. No evidence suggests this was a recommendation-driven approach (no system_rating provided), so no alternative label fits.","Both the Analyst and Critic agree on the PoorScent label for the 2.0 rating, which clearly indicates a negative experience. The rating falls within the defined range for PoorScent, confirming a mismatch between expectation and reality, consistent with the user's exploration of Adventure|Comedy.",0.95,0.0,False,full
ml_43715_114,ml_43715_4624_2001-07-06 13:45:52,2001-07-06 13:45:52,RATE,"{""movie_id"": 4624, ""movie_title"": ""Meet the Feebles (1989)"", ""genres"": ""Animation|Comedy|Musical"", ""rating"": 2.0}",PoorScent,PoorScent,"Rating 2.0 qualifies as PoorScent. Animation|Comedy|Musical genre. Second consecutive low rating, continuing a pattern of disappointment with comedy-themed movies from 1989.",PoorScent,agree,"Rating 2.0 again confirms a negative experience. The shift to Animation|Comedy|Musical is still within the same thematic cluster of offbeat 1989 comedies, so this is not DietEnrichment. It's a continuation of a failing patch. PoorScent is correct and necessary to establish the pattern for LeavingPatch later.","The Analyst and Critic both agree on PoorScent for the 2.0 rating. This rating continues the negative trend established in the previous event, indicating a poor experience with the Animation|Comedy|Musical genre. The consistency in low ratings supports the PoorScent label.",0.95,0.0,False,full
ml_43715_114,ml_43715_4612_2001-07-06 13:46:12,2001-07-06 13:46:12,RATE,"{""movie_id"": 4612, ""movie_title"": ""Jesus of Montreal (J\u00e9sus de Montr\u00e9al) (1989)"", ""genres"": ""Drama"", ""rating"": 5.0}",ForagingSuccess,DietEnrichment,"Rating 5.0 is high, but more importantly represents a dramatic shift from Comedy to pure Drama genre. This is a clear thematic shift from the previous pattern, indicating the user is broadening their taste exploration into serious drama.",ForagingSuccess,disagree,"Rating 5.0 is unambiguously high satisfaction — the highest possible. While the genre shift to pure Drama is notable, ForagingSuccess takes precedence over DietEnrichment when a high rating is present. DietEnrichment is for *broadening* taste, but ForagingSuccess is for *finding something truly enjoyed*. The user didn't just explore drama — they found a masterpiece. ForagingSuccess is the correct primary label; the genre shift is contextual, not the defining signal.","The Analyst proposes DietEnrichment due to the genre shift, but the Critic correctly identifies the 5.0 rating as a clear indicator of ForagingSuccess. The high rating signifies that the user found something they truly enjoyed, which takes precedence over the genre shift. Therefore, ForagingSuccess is the appropriate label.",0.98,1.0,False,full
ml_43715_114,ml_43715_4599_2001-07-06 13:46:38,2001-07-06 13:46:38,RATE,"{""movie_id"": 4599, ""movie_title"": ""Great Balls of Fire! (1989)"", ""genres"": ""Drama"", ""rating"": 2.0}",PoorScent,PoorScent,"Rating 2.0 qualifies as PoorScent. Drama genre. Despite the genre shift, this is another clearly negative experience. The user tried drama but found this particular movie poor.",PoorScent,agree,"Rating 2.0 in Drama continues the negative streak after the brief high point. The user was exploring drama, and this is another failure. No indication of recommendation alignment or novelty — just another disappointment. PoorScent is appropriate.","Both the Analyst and Critic agree that the 2.0 rating qualifies as PoorScent. This rating continues the negative trend in the Drama genre, indicating another disappointment. The lack of recommendation alignment further supports the PoorScent label.",0.95,0.0,False,full
ml_43715_114,ml_43715_4605_2001-07-06 13:46:38,2001-07-06 13:46:38,RATE,"{""movie_id"": 4605, ""movie_title"": ""How to Get Ahead in Advertising (1989)"", ""genres"": ""Comedy|Fantasy"", ""rating"": 4.0}",ForagingSuccess,ForagingSuccess,"Rating 4.0 qualifies as ForagingSuccess. Comedy|Fantasy genre. User found a movie they genuinely enjoyed after several disappointments, representing a successful foraging outcome.",ForagingSuccess,agree,"Rating 4.0 is high satisfaction. The return to Comedy|Fantasy after a string of drama disappointments suggests a return to a more comfortable genre, but the label is still ForagingSuccess because the rating meets the threshold and reflects genuine enjoyment. The genre isn't novel enough to be DietEnrichment — it's a return to a familiar but previously failed domain, now redeemed.","The Analyst and Critic both agree on ForagingSuccess for the 4.0 rating. This rating indicates a positive experience after a series of disappointments, suggesting the user has found enjoyment in the Comedy|Fantasy genre. The rating meets the threshold for ForagingSuccess, confirming genuine satisfaction.",0.91,0.0,False,full
ml_43715_114,ml_43715_4607_2001-07-06 13:46:38,2001-07-06 13:46:38,RATE,"{""movie_id"": 4607, ""movie_title"": ""In Country (1989)"", ""genres"": ""Drama"", ""rating"": 3.0}",FollowingScent,FollowingScent,"Rating 3.0 is neutral. Drama genre. User continues exploring drama movies (same genre as previous two ratings) with a medium evaluation, indicating continued exploration within this thematic thread.",FollowingScent,disagree,"The analyst correctly identifies the genre continuity (Drama), but the rating is 3.0 — neutral. FollowingScent is appropriate for medium ratings when continuing a thematic thread, which this is. The analyst's label is correct. However, the justification in the analyst's reasoning is weak — it assumes 'continued exploration' without stating the pattern of prior Drama ratings. But the label itself is valid. I agree.","The Analyst and Critic both support FollowingScent for the 3.0 rating, which is neutral. The user continues to explore the Drama genre, and the medium rating aligns with the theme of ongoing exploration. This label is appropriate as it reflects the user's intent to continue within the same thematic thread.",0.85,0.0,False,full
ml_43715_114,ml_43715_4589_2001-07-06 13:47:03,2001-07-06 13:47:03,RATE,"{""movie_id"": 4589, ""movie_title"": ""Eddie and the Cruisers (1983)"", ""genres"": ""Drama|Musical|Mystery"", ""rating"": 2.0}",PoorScent,PoorScent,"Rating 2.0 qualifies as PoorScent. Drama|Musical|Mystery genre. Another clearly negative rating in the drama exploration pattern, continuing the mixed results in this genre.",PoorScent,agree,"Another 2.0 in Drama, continuing the negative sequence. No evidence of recommendation mismatch (no system_rating), and no novelty — just another failure in the same patch. PoorScent is correct and necessary to build the LeavingPatch case.","Both the Analyst and Critic agree that the 2.0 rating qualifies as PoorScent. This rating continues the negative trend in the Drama genre, indicating another disappointment. The lack of recommendation alignment further supports the PoorScent label.",0.95,0.0,False,full
ml_43715_114,ml_43715_4586_2001-07-06 13:47:22,2001-07-06 13:47:22,RATE,"{""movie_id"": 4586, ""movie_title"": ""Dry White Season, A (1989)"", ""genres"": ""Drama|Thriller"", ""rating"": 2.0}",LeavingPatch,LeavingPatch,"Rating 2.0 is PoorScent, but more importantly this represents the third consecutive negative rating in drama-related genres (Drama|Thriller). This pattern of disappointments suggests the user is abandoning the drama exploration patch after multiple poor experiences.",LeavingPatch,agree,"This is the third consecutive PoorScent in Drama-related genres (Events 4-5,7,8,9 — Events 5,7,8,9 are all Drama, with 4 being a high point). The user has now experienced four Drama ratings: one high, then three lows in a row. Event 9 is the final low in this sequence before switching genres. This meets the LeavingPatch criteria: multiple consecutive PoorScent in same genre followed by a genre shift (next is Comedy|Drama). Label is correct.","Both the Analyst and Critic agree on LeavingPatch for the 2.0 rating, which is the third consecutive PoorScent in Drama-related genres. This pattern of disappointments indicates the user is likely abandoning the drama exploration patch after multiple poor experiences, making LeavingPatch the correct label.",0.96,0.0,False,full
ml_43715_114,ml_43715_4570_2001-07-06 13:48:00,2001-07-06 13:48:00,RATE,"{""movie_id"": 4570, ""movie_title"": ""Big Picture, The (1989)"", ""genres"": ""Comedy|Drama"", ""rating"": 4.0}",ForagingSuccess,ForagingSuccess,"Rating 4.0 qualifies as ForagingSuccess. Comedy|Drama genre. After leaving the drama patch, user finds success with a comedy-drama hybrid, indicating they've found enjoyable content in a new direction.",ForagingSuccess,agree,"Rating 4.0 after LeavingPatch confirms successful foraging in a new direction. Comedy|Drama is a hybrid, but it's not a return to the failed pure Drama — it's a blend that worked. This is a clear success after abandoning a patch. ForagingSuccess is appropriate. DietEnrichment would be incorrect because the user isn't just exploring — they're enjoying.","Both the Analyst and Critic agree on ForagingSuccess for the 4.0 rating. This rating indicates a successful foraging outcome after leaving the drama patch, as the user finds enjoyment in a Comedy|Drama hybrid. The rating confirms positive engagement with the content.",0.92,0.0,False,full
ml_43715_114,ml_43715_4555_2001-07-06 13:48:46,2001-07-06 13:48:46,RATE,"{""movie_id"": 4555, ""movie_title"": ""Torch Song Trilogy (1988)"", ""genres"": ""Comedy|Drama|Romance"", ""rating"": 4.0}",ForagingSuccess,ForagingSuccess,"Rating 4.0 qualifies as ForagingSuccess. Comedy|Drama|Romance genre. Second consecutive high rating, indicating continued success in finding enjoyable content, potentially building on the successful comedy-drama combination from the previous rating.",ForagingSuccess,agree,"Rating 4.0 again, and the genre (Comedy|Drama|Romance) is a natural extension of the previous successful hybrid. This is not DietEnrichment (no new genre frontier), but reinforcement of a successful taste direction. ForagingSuccess is correct. The analyst's reasoning about 'building on success' is accurate.","Both the Analyst and Critic agree on ForagingSuccess for the 4.0 rating. This rating indicates continued success in finding enjoyable content, reinforcing the user's positive experience with the Comedy|Drama|Romance genre. The consistent high rating supports the ForagingSuccess label.",0.95,0.0,False,full
ml_43715_114,ml_43715_4545_2001-07-06 13:49:03,2001-07-06 13:49:03,RATE,"{""movie_id"": 4545, ""movie_title"": ""Short Circuit (1986)"", ""genres"": ""Comedy|Sci-Fi"", ""rating"": 1.0}",PoorScent,PoorScent,"Rating 1.0 strongly qualifies as PoorScent. Comedy|Sci-Fi genre. After two successes, the user encounters an extremely negative experience, indicating a complete mismatch between expectation and reality with this movie.",PoorScent,agree,"Rating 1.0 is the strongest possible negative signal. Comedy|Sci-Fi is not a new genre for the user (they've rated Comedy before), so this isn't DietEnrichment. It's a clear mismatch — likely a failed recommendation or personal misjudgment. PoorScent is unambiguously correct.","Both the Analyst and Critic agree on PoorScent for the 1.0 rating. This rating strongly indicates a negative experience, confirming a mismatch between expectation and reality. The genre is not new for the user, further supporting the PoorScent label.",0.99,0.0,False,full
ml_43715_117,ml_43715_4703_2001-08-03 10:34:40,2001-08-03 10:34:40,RATE,"{""movie_id"": 4703, ""movie_title"": ""Chocolat (1988)"", ""genres"": ""Drama"", ""rating"": 1.0}",PoorScent,PoorScent,Rating of 1.0 qualifies as PoorScent according to the definition (rating <= 2.0). The user found this Drama movie genuinely poor.,PoorScent,agree,Rating of 1.0 clearly meets the PoorScent threshold (<=2.0). No prior context needed for this standalone negative rating.,"Both the Analyst and Critic agree that a rating of 1.0 qualifies as PoorScent, indicating the user found this Drama movie genuinely poor. The rating meets the threshold for PoorScent without needing additional context.",1.0,0.0,False,full
ml_43715_117,ml_43715_4688_2001-08-03 10:35:02,2001-08-03 10:35:02,RATE,"{""movie_id"": 4688, ""movie_title"": ""Black Robe (1991)"", ""genres"": ""Adventure|Drama"", ""rating"": 5.0}",ForagingSuccess,ForagingSuccess,Rating of 5.0 qualifies as ForagingSuccess (rating >= 4.0). The user found this Adventure|Drama movie highly enjoyable.,ForagingSuccess,agree,Rating of 5.0 is unambiguously high and satisfies the ForagingSuccess criterion. The genre shift from previous Drama doesn't negate the high satisfaction.,"Both the Analyst and Critic concur that a rating of 5.0 clearly indicates ForagingSuccess. The user found this Adventure|Drama movie highly enjoyable, and the rating exceeds the threshold for success.",1.0,0.0,False,full
ml_43715_117,ml_43715_4692_2001-08-03 10:35:02,2001-08-03 10:35:02,RATE,"{""movie_id"": 4692, ""movie_title"": ""Hotel New Hampshire, The (1984)"", ""genres"": ""Drama"", ""rating"": 2.0}",PoorScent,PoorScent,"Rating of 2.0 qualifies as PoorScent (rating <= 2.0). The user found this Drama movie poor, continuing a pattern of negative experiences with Drama films.",PoorScent,agree,"Rating of 2.0 qualifies as PoorScent per definition. Although borderline, the label is valid. Context of prior Drama rating (Event 1) reinforces a negative pattern.","The Analyst and Critic both agree that a rating of 2.0 qualifies as PoorScent. This rating continues the user's negative experience with Drama films, reinforcing the negative pattern established in Event 1.",1.0,0.0,False,full
ml_43715_117,ml_43715_4678_2001-08-03 10:35:23,2001-08-03 10:35:23,RATE,"{""movie_id"": 4678, ""movie_title"": ""UHF (1989)"", ""genres"": ""Comedy"", ""rating"": 2.0}",PoorScent,DietEnrichment,"User switches from Drama to Comedy genre. Rating of 2.0 indicates exploration of new territory (Comedy) that didn't resonate well, but represents broadening of taste exploration.",PoorScent,disagree,"DietEnrichment requires exploration of a new genre, but the label is misapplied here. A rating of 2.0 is not enrichment—it's a negative outcome. DietEnrichment is for neutral or positive exploration of new themes; this is a failed attempt. The user found the Comedy movie poor, so PoorScent is correct.",The Critic argues that the Analyst's label of DietEnrichment is misapplied since the rating of 2.0 indicates a negative outcome rather than a successful exploration of a new genre. The consensus is that this rating reflects a poor experience in Comedy.,0.92,1.0,False,full
ml_43715_117,ml_43715_4680_2001-08-03 10:35:23,2001-08-03 10:35:23,RATE,"{""movie_id"": 4680, ""movie_title"": ""Vampire's Kiss (1989)"", ""genres"": ""Comedy|Fantasy|Horror"", ""rating"": 1.0}",PoorScent,PoorScent,"Rating of 1.0 qualifies as PoorScent (rating <= 2.0). The user found this Comedy|Fantasy|Horror movie genuinely poor, continuing negative experience with the Comedy genre.",PoorScent,agree,"Rating of 1.0 is definitively PoorScent. The genre (Comedy|Fantasy|Horror) continues the Comedy thread from Event 4, reinforcing a negative pattern within this emerging patch.","Both the Analyst and Critic agree that a rating of 1.0 is clearly PoorScent. The user found this Comedy|Fantasy|Horror movie genuinely poor, continuing the negative experience with the Comedy genre.",1.0,0.0,False,full
ml_43715_117,ml_43715_4672_2001-08-03 10:35:48,2001-08-03 10:35:48,RATE,"{""movie_id"": 4672, ""movie_title"": ""Tall Guy, The (1989)"", ""genres"": ""Comedy|Romance"", ""rating"": 4.0}",ForagingSuccess,ForagingSuccess,"Rating of 4.0 qualifies as ForagingSuccess (rating >= 4.0). The user found this Comedy|Romance movie enjoyable, representing a positive outcome within the Comedy genre exploration.",ForagingSuccess,agree,"Rating of 4.0 meets the threshold. This is the first positive outcome in the Comedy exploration, making it a clear ForagingSuccess. It breaks the negative streak and validates the genre switch.","Both the Analyst and Critic agree that a rating of 4.0 qualifies as ForagingSuccess. This rating indicates a positive outcome within the Comedy genre exploration, breaking the previous negative streak.",1.0,0.0,False,full
ml_43715_117,ml_43715_4673_2001-08-03 10:35:48,2001-08-03 10:35:48,RATE,"{""movie_id"": 4673, ""movie_title"": ""Tango & Cash (1989)"", ""genres"": ""Action|Comedy|Crime|Thriller"", ""rating"": 1.0}",PoorScent,PoorScent,"Rating of 1.0 qualifies as PoorScent (rating <= 2.0). The user found this Action|Comedy|Crime|Thriller movie genuinely poor, despite the Comedy connection to previous ratings.",PoorScent,agree,"Rating of 1.0 is unambiguously PoorScent. The hybrid genre doesn't change the outcome—this is another negative experience in the Comedy space, continuing the patch deterioration.","Both the Analyst and Critic agree that a rating of 1.0 is PoorScent. This rating reflects another negative experience in the Comedy genre, continuing the pattern of poor ratings.",1.0,0.0,False,full
ml_43715_117,ml_43715_4677_2001-08-03 10:35:48,2001-08-03 10:35:48,RATE,"{""movie_id"": 4677, ""movie_title"": ""Turner & Hooch (1989)"", ""genres"": ""Comedy|Crime"", ""rating"": 1.0}",LeavingPatch,LeavingPatch,"Rating of 1.0 for another Comedy|Crime movie. This represents the final poor rating in a sequence of negative Comedy experiences (three consecutive PoorScent events in Comedy genre), suggesting the user is abandoning this genre patch.",LeavingPatch,agree,"This is the fourth consecutive PoorScent in Comedy-related films (Events 4, 5, 7, 8). The user has abandoned the Comedy patch after repeated disappointment. The label correctly captures the behavioral shift implied by the sequence.",Both the Analyst and Critic agree that this rating of 1.0 represents the final poor rating in a sequence of negative Comedy experiences. The user appears to be abandoning the Comedy genre after repeated disappointments.,0.95,0.0,False,full
ml_43715_117,ml_43715_4659_2001-08-03 10:36:18,2001-08-03 10:36:18,RATE,"{""movie_id"": 4659, ""movie_title"": ""Scandal (1989)"", ""genres"": ""Drama"", ""rating"": 3.0}",FollowingScent,FollowingScent,User returns to Drama genre (previously explored with mixed results). Neutral rating of 3.0 for a Drama film indicates continued exploration within a familiar genre thread rather than strong positive or negative outcome.,FollowingScent,agree,"Return to Drama after Comedy exploration. Rating of 3.0 is neutral, but the thematic continuity (Drama) and lack of strong negative signal indicate continued exploration within a known genre thread, not a new patch or failure.",Both the Analyst and Critic agree that a rating of 3.0 for a Drama film indicates continued exploration within a familiar genre. The neutral rating suggests the user is still engaged with the Drama genre despite mixed results.,0.88,0.0,False,full
ml_43715_117,ml_43715_4661_2001-08-03 10:36:18,2001-08-03 10:36:18,RATE,"{""movie_id"": 4661, ""movie_title"": ""Sea of Love (1989)"", ""genres"": ""Crime|Drama|Thriller"", ""rating"": 3.0}",FollowingScent,FollowingScent,"Another Drama film (Crime|Drama|Thriller) rated neutrally at 3.0. The user continues exploring the Drama genre they've been working with throughout the session, maintaining thematic consistency.",FollowingScent,agree,"Another Drama film rated 3.0. Consistent with Event 9, this shows sustained exploration within the Drama genre without strong positive or negative valence—classic FollowingScent behavior.",Both the Analyst and Critic agree that this rating of 3.0 for another Drama film maintains thematic continuity. The user continues exploring the Drama genre without strong positive or negative signals.,0.9,0.0,False,full
ml_43715_117,ml_43715_4654_2001-08-03 10:36:34,2001-08-03 10:36:34,RATE,"{""movie_id"": 4654, ""movie_title"": ""Road House (1989)"", ""genres"": ""Action|Drama"", ""rating"": 1.0}",PoorScent,PoorScent,"Rating of 1.0 qualifies as PoorScent (rating <= 2.0). The user found this Action|Drama movie genuinely poor, ending the session with another negative experience in the Drama genre.",PoorScent,disagree,"Rating of 1.0 is clearly PoorScent. However, the Analyst incorrectly implies this ends the session with a 'Drama patch' abandonment. But there is no prior sequence of negative Drama ratings—only Event 1 and 3 were negative, then a neutral 3.0 in Events 9-10. This is an isolated PoorScent, not the culmination of a patch abandonment. LeavingPatch requires multiple consecutive negative ratings in the same genre; here, the Drama sequence is broken by two neutral ratings. Thus, this is just PoorScent","The Analyst and Critic agree that a rating of 1.0 qualifies as PoorScent. However, the Critic points out that this does not indicate the end of a Drama patch due to the lack of prior negative ratings in that genre. Nonetheless, the rating itself is clearly PoorScent.",0.93,0.0,False,full
ml_43715_138,ml_43715_4526_2002-01-04 07:48:31,2002-01-04 07:48:31,RATE,"{""movie_id"": 4526, ""movie_title"": ""My Stepmother Is an Alien (1988)"", ""genres"": ""Comedy|Romance|Sci-Fi"", ""rating"": 2.0}",PoorScent,PoorScent,"Rating of 2.0 falls within the 1.0-2.0 range that qualifies as PoorScent. The user clearly disliked this comedy/romance/sci-fi film, indicating a mismatch between their expectations and the actual viewing experience.",,,,,0.95,0.0,False,analyst_only
ml_43715_138,ml_43715_5029_2002-01-04 07:55:29,2002-01-04 07:55:29,RATE,"{""movie_id"": 5029, ""movie_title"": ""China Moon (1994)"", ""genres"": ""Thriller"", ""rating"": 1.0}",PoorScent,PoorScent,"Rating of 1.0 is the lowest possible score, strongly indicating a negative experience. This thriller film was clearly disappointing to the user, representing another PoorScent event following the previous low rating.",,,,,1.0,0.0,False,analyst_only
ml_43715_138,ml_43715_5033_2002-01-04 07:55:29,2002-01-04 07:55:29,RATE,"{""movie_id"": 5033, ""movie_title"": ""Russia House, The (1990)"", ""genres"": ""Drama|Thriller"", ""rating"": 4.0}",ForagingSuccess,ForagingSuccess,"Rating of 4.0 qualifies as a high rating (≥4.0), indicating the user found something they truly enjoyed. This drama/thriller represents a successful foraging experience after two consecutive disappointments.",,,,,0.95,0.0,False,analyst_only
ml_43715_138,ml_43715_5034_2002-01-04 07:55:29,2002-01-04 07:55:29,RATE,"{""movie_id"": 5034, ""movie_title"": ""Truly, Madly, Deeply (1991)"", ""genres"": ""Drama|Romance"", ""rating"": 2.0}",PoorScent,PoorScent,"Rating of 2.0 falls within the 1.0-2.0 range for PoorScent. The user disliked this drama/romance film, continuing a pattern of mixed experiences with some clear disappointments in this rating session.",,,,,0.95,0.0,False,analyst_only
ml_43715_138,ml_43715_5021_2002-01-04 07:57:42,2002-01-04 07:57:42,RATE,"{""movie_id"": 5021, ""movie_title"": ""Murder by Death (1976)"", ""genres"": ""Comedy|Crime|Mystery|Thriller"", ""rating"": 4.0}",ForagingSuccess,ForagingSuccess,"Rating of 4.0 qualifies as a high rating (≥4.0), indicating the user found a movie they truly enjoyed. This comedy/crime/mystery/thriller represents another successful foraging experience, showing the user can find quality content despite some previous disappointments.",,,,,0.95,0.0,False,analyst_only
ml_43715_138,ml_43715_3852_2002-01-04 09:34:06,2002-01-04 09:34:06,RATE,"{""movie_id"": 3852, ""movie_title"": ""Tao of Steve, The (2000)"", ""genres"": ""Comedy"", ""rating"": 3.0}",FollowingScent,FollowingScent,"Rating of 3.0 is neutral and requires contextual analysis. The comedy genre connects this film to the first rated movie (comedy/romance/sci-fi) and the successful comedy/crime film rated earlier. The user is continuing to explore comedy content, making this FollowingScent rather than DietEnrichment or PoorScent.",,,,,0.85,0.0,False,analyst_only
ml_43715_150,ml_43715_5367_2002-05-03 09:27:34,2002-05-03 09:27:34,RATE,"{""movie_id"": 5367, ""movie_title"": ""My Beautiful Laundrette (1985)"", ""genres"": ""Drama|Romance"", ""rating"": 3.0}",DietEnrichment,FollowingScent,"Rating 3.0 is neutral. Movie is Drama|Romance. No prior context, but this establishes initial thematic direction. Medium rating suggests user is exploring within this genre without strong positive/negative reaction.",DietEnrichment,disagree,"The user rates 'My Beautiful Laundrette' (Drama|Romance) with a 3.0 — a neutral rating — but there is no prior context to suggest they were following a known scent. Since this is the first event, it cannot be 'FollowingScent' (which requires prior thematic continuity). Instead, this is an initial exploration of a genre outside their established pattern (if any), making 'DietEnrichment' the only plausible label for a first-time genre exposure, even with a neutral rating. Neutral ratings in isolat","The Analyst suggests 'FollowingScent' based on a neutral rating of 3.0, but lacks prior context to support this label. The Critic correctly identifies that this is the first event and thus cannot be 'FollowingScent'. Instead, it represents an initial exploration into the Drama|Romance genre, which aligns with 'DietEnrichment' as the user is trying something new, even if the outcome is neutral.",0.85,1.0,False,full
ml_43715_150,ml_43715_5361_2002-05-03 09:27:59,2002-05-03 09:27:59,RATE,"{""movie_id"": 5361, ""movie_title"": ""White Fang (1991)"", ""genres"": ""Adventure"", ""rating"": 2.0}",PoorScent,DietEnrichment,"Rating 2.0 (PoorScent). Movie is Adventure genre, different from previous Drama|Romance. User is exploring a new genre but finding it disappointing. The thematic shift qualifies as DietEnrichment despite the negative outcome.",PoorScent,disagree,"The analyst correctly identifies the 2.0 rating as negative, but mislabels it as 'DietEnrichment'. 'DietEnrichment' requires a *positive* or *neutral* outcome from exploring a new genre — it's about broadening taste, not disappointment. A 2.0 rating in a new genre is a failed exploration, not enrichment. This is a clear case of 'PoorScent': a negative experience in a novel genre. The thematic shift does not override the negative valence; it only makes the failure more notable.","Both the Analyst and Critic agree that the 2.0 rating indicates a negative experience. The Analyst mislabels it as 'DietEnrichment', but this label requires a positive outcome from exploring a new genre. The Critic correctly identifies it as 'PoorScent', which is appropriate given the low rating and the user's disappointing experience in the Adventure genre.",0.95,1.0,False,full
ml_43715_150,ml_43715_5346_2002-05-03 09:28:23,2002-05-03 09:28:23,RATE,"{""movie_id"": 5346, ""movie_title"": ""Wild Orchid (1990)"", ""genres"": ""Drama|Romance"", ""rating"": 1.0}",PoorScent,PoorScent,"Rating 1.0 clearly qualifies as PoorScent. Movie returns to Drama|Romance genre from event 1, but user strongly dislikes it. This is a clear negative experience within a previously explored thematic area.",PoorScent,agree,"Rating 1.0 is unambiguously PoorScent per the schema. The return to Drama|Romance (from Event 1) confirms this is a revisit to a previously explored theme, not a new genre. The strong negative reaction indicates a mismatch between expectation and experience within a known thematic patch, satisfying the PoorScent criteria without requiring prior low ratings in sequence (since it's the second instance in this genre).","Both the Analyst and Critic agree on this label. The 1.0 rating clearly indicates a negative experience, and the return to the Drama|Romance genre after previous disappointments confirms this as a PoorScent. The strong negative reaction aligns with the definition of PoorScent, indicating a mismatch between expectation and experience.",0.97,0.0,False,full
ml_43715_150,ml_43715_5334_2002-05-03 09:28:35,2002-05-03 09:28:35,RATE,"{""movie_id"": 5334, ""movie_title"": ""Cadillac Man (1990)"", ""genres"": ""Comedy|Crime"", ""rating"": 4.0}",ForagingSuccess,ForagingSuccess,"Rating 4.0 qualifies as ForagingSuccess. Movie is Comedy|Crime, a new genre combination. User found something they enjoyed after previous disappointments, representing a successful foraging outcome in a different thematic area.",ForagingSuccess,agree,"A 4.0 rating is explicitly defined as ForagingSuccess. The movie is Comedy|Crime — a new genre combination relative to prior ratings (Drama|Romance, Adventure). The user transitions from two negative experiences (Events 2 and 3) to a high-rated film, indicating a successful discovery. The novelty of the genre combination enhances the significance of the success, aligning with the 'finding something truly enjoyed' criterion.","Both the Analyst and Critic correctly identify this event as 'ForagingSuccess'. The 4.0 rating indicates a high level of satisfaction, and the transition to a new genre (Comedy|Crime) after previous disappointments suggests a successful exploration. The rating meets the criteria for ForagingSuccess, confirming that the user found something enjoyable.",0.98,0.0,False,full
ml_43715_150,ml_43715_5308_2002-05-03 09:28:59,2002-05-03 09:28:59,RATE,"{""movie_id"": 5308, ""movie_title"": ""Three Men and a Baby (1987)"", ""genres"": ""Comedy"", ""rating"": 2.0}",PoorScent,PoorScent,"Rating 2.0 qualifies as PoorScent. Movie is Comedy genre, similar to the previous successful Comedy|Crime rating, but user strongly dislikes this one. This represents a poor outcome within a genre that previously yielded success.",PoorScent,disagree,"The analyst correctly labels this as PoorScent, but the reasoning is flawed. The movie is 'Comedy' — similar to the previous 'Comedy|Crime' (Event 4), but not identical. However, the label 'PoorScent' is still correct because the rating is 2.0. The key issue is the analyst's implication that this contradicts ForagingSuccess — it doesn't. PoorScent can occur even after success; it doesn't require prior failures. This is simply a negative experience in a related genre, not a LeavingPatch (which re","The Analyst correctly labels this as 'PoorScent' due to the 2.0 rating, indicating a negative experience. While the Critic raises a point about the genre difference, the key factor is the low rating itself, which qualifies it as PoorScent. The user’s disappointment in this Comedy film follows a previous successful Comedy|Crime, reinforcing the negative outcome.",0.9,0.0,False,full
ml_43715_165,ml_43715_5603_2002-09-06 16:10:36,2002-09-06 16:10:36,RATE,"{""movie_id"": 5603, ""movie_title"": ""Lavender Hill Mob, The (1951)"", ""genres"": ""Comedy|Crime"", ""rating"": 4.0}",FollowingScent,FollowingScent,User rates a 1951 British comedy (Comedy|Crime) with a high rating of 4.0. This establishes a thematic starting point for the session - vintage British comedies from the early 1950s.,,,,,0.9,0.0,False,analyst_only
ml_43715_165,ml_43715_5604_2002-09-06 16:10:36,2002-09-06 16:10:36,RATE,"{""movie_id"": 5604, ""movie_title"": ""Man in the White Suit, The (1951)"", ""genres"": ""Comedy|Sci-Fi"", ""rating"": 4.0}",FollowingScent,FollowingScent,"User immediately rates another 1951 British comedy (Comedy|Sci-Fi) with the same high rating of 4.0. This continues the exact same thematic thread - same year, same British comedy style, same era. Clear sequential thematic exploration.",,,,,0.95,0.0,False,analyst_only
ml_43715_165,ml_43715_5581_2002-09-06 16:12:24,2002-09-06 16:12:24,RATE,"{""movie_id"": 5581, ""movie_title"": ""Betsy's Wedding (1990)"", ""genres"": ""Comedy"", ""rating"": 3.0}",DietEnrichment,DietEnrichment,"User switches to a 1990 American comedy, representing a temporal shift from 1950s to 1990s and likely a different comedy style. The neutral rating (3.0) suggests they're exploring new territory but not fully connecting with it. This is a clear thematic shift from the established pattern.",,,,,0.85,0.0,False,analyst_only
ml_43715_165,ml_43715_5544_2002-09-06 16:13:25,2002-09-06 16:13:25,RATE,"{""movie_id"": 5544, ""movie_title"": ""Time After Time (1979)"", ""genres"": ""Sci-Fi|Thriller"", ""rating"": 2.0}",PoorScent,PoorScent,"User rates a Sci-Fi|Thriller with a low rating of 2.0. This qualifies as PoorScent because the rating is in the clearly negative range (1.0-2.0), indicating genuine disappointment with the movie experience regardless of genre context.",,,,,0.95,0.0,False,analyst_only
ml_43715_165,ml_43715_5548_2002-09-06 16:13:25,2002-09-06 16:13:25,RATE,"{""movie_id"": 5548, ""movie_title"": ""Down and Out in Beverly Hills (1986)"", ""genres"": ""Comedy"", ""rating"": 2.0}",PoorScent,PoorScent,"User rates another comedy (same timestamp) with the same low rating of 2.0. This continues the pattern of negative experiences. The low rating qualifies as PoorScent regardless of genre, as 2.0 represents clear dissatisfaction with the movie.",,,,,0.95,0.0,False,analyst_only
ml_43715_184,ml_43715_6238_2003-03-06 15:50:46,2003-03-06 15:50:46,RATE,"{""movie_id"": 6238, ""movie_title"": ""Green Card (1990)"", ""genres"": ""Comedy|Drama|Romance"", ""rating"": 3.0}",DietEnrichment,FollowingScent,"Rating 3.0 for 'Green Card' (Comedy|Drama|Romance) - This is the first event, so no prior context exists. The medium rating suggests the user is exploring within this genre combination. Since we lack system_rating data, we default to assuming this is part of initial thematic exploration.",DietEnrichment,disagree,"This is the first event in the session with no prior ratings to establish a thematic trail. Labeling it 'FollowingScent' incorrectly assumes continuity where none exists. The user is exploring a Romance/Drama/Comedy film without prior context — this is initial genre exploration, not following a scent. Since no system_rating is provided, we cannot assume ApproachingSource. The only valid label for a first-rated movie with no prior pattern is DietEnrichment, as it represents the initiation of tast","The Analyst suggested 'FollowingScent' based on the medium rating of 3.0 for 'Green Card', assuming thematic exploration. However, since this is the first event with no prior context, the Critic correctly identified it as 'DietEnrichment', indicating initial exploration of a new genre combination (Comedy|Drama|Romance). Without prior ratings, this label is more appropriate.",0.85,1.0,False,full
ml_43715_184,ml_43715_6201_2003-03-06 15:52:10,2003-03-06 15:52:10,RATE,"{""movie_id"": 6201, ""movie_title"": ""Lady Jane (1986)"", ""genres"": ""Drama|Romance"", ""rating"": 4.0}",FollowingScent,FollowingScent,"Rating 4.0 for 'Lady Jane' (Drama|Romance) - This continues the romance theme from the previous movie 'Green Card' (which had Romance genre). The high rating indicates successful exploration within the romantic drama genre, maintaining thematic continuity.",FollowingScent,agree,"The movie 'Lady Jane' shares the Romance genre with 'Green Card' (Event 1), and the high rating (4.0) confirms successful thematic continuation. Even though Event 1 was mislabeled, the sequential thematic link is clear. The user is deepening their exploration within a familiar thematic thread, satisfying the criteria for FollowingScent.","Both the Analyst and Critic agree on 'FollowingScent' for 'Lady Jane', as it shares the Romance genre with the previously rated 'Green Card'. The high rating of 4.0 confirms successful thematic exploration within the same genre, indicating the user is deepening their engagement with a familiar thematic thread.",0.9,0.0,False,full
ml_43715_184,ml_43715_6203_2003-03-06 15:52:10,2003-03-06 15:52:10,RATE,"{""movie_id"": 6203, ""movie_title"": ""Life Stinks (1991)"", ""genres"": ""Comedy"", ""rating"": 1.0}",PoorScent,PoorScent,Rating 1.0 for 'Life Stinks' (Comedy) - This is a very low rating (1.0) which clearly qualifies as PoorScent. The user tried a comedy film but found it extremely disappointing. The rating falls within the 1.0-2.0 range that defines PoorScent.,PoorScent,agree,"A rating of 1.0 is unambiguously within the 1.0-2.0 range defined for PoorScent. The film is a comedy, and the extreme dissatisfaction indicates a clear mismatch between expectation and experience. No alternative label fits this strong negative signal.","There is unanimous agreement between the Analyst and Critic on labeling 'Life Stinks' as 'PoorScent' due to the very low rating of 1.0. This rating clearly indicates a strong negative experience, aligning perfectly with the definition of PoorScent, which captures the user's disappointment in this comedy film.",1.0,0.0,False,full
ml_43715_184,ml_43715_6204_2003-03-06 15:52:10,2003-03-06 15:52:10,RATE,"{""movie_id"": 6204, ""movie_title"": ""Meteor Man, The (1993)"", ""genres"": ""Comedy"", ""rating"": 2.0}",LeavingPatch,LeavingPatch,"Rating 2.0 for 'Meteor Man' (Comedy) - This is the second consecutive low-rated comedy film (following the 1.0 rating for 'Life Stinks'). The pattern of disappointment in the comedy genre suggests the user is abandoning this thematic patch after multiple poor experiences, making this a LeavingPatch event.",LeavingPatch,agree,"This is the second consecutive low-rated comedy (1.0 then 2.0), and the 2.0 rating, while not as extreme, still reflects disappointment. The pattern of two consecutive poor experiences in the same genre (Comedy) meets the contextual requirement for LeavingPatch. The subsequent switch to Animation/Fantasy in Event 5 confirms abandonment of the comedy patch.","Both perspectives align on 'LeavingPatch' for 'Meteor Man', as it follows a sequence of low ratings (1.0 and then 2.0) in the comedy genre. The pattern of disappointment indicates the user is likely abandoning this thematic area, fulfilling the criteria for LeavingPatch after consecutive poor experiences.",0.9,0.0,False,full
ml_43715_184,ml_43715_5618_2003-03-06 16:26:22,2003-03-06 16:26:22,RATE,"{""movie_id"": 5618, ""movie_title"": ""Spirited Away (Sen to Chihiro no kamikakushi) (2001)"", ""genres"": ""Adventure|Animation|Fantasy"", ""rating"": 4.5}",ForagingSuccess,ForagingSuccess,"Rating 4.5 for 'Spirited Away' (Adventure|Animation|Fantasy) - This is a very high rating (4.5) following the comedy disappointment. The user has switched to a completely different genre (Animation/Fantasy) and found significant enjoyment, representing a clear ForagingSuccess after the previous negative experiences.",ForagingSuccess,agree,"A rating of 4.5 is clearly high and qualifies as ForagingSuccess. The shift from comedy to Animation/Fantasy represents a genre pivot after disappointment, and the high satisfaction confirms a successful discovery. This aligns perfectly with the definition: high rating after prior negative experiences in a different patch.","There is consensus on labeling 'Spirited Away' as 'ForagingSuccess' due to the high rating of 4.5 following previous disappointments in comedy. The significant genre shift to Animation/Fantasy and the high satisfaction indicate a successful discovery, aligning with the definition of ForagingSuccess.",0.95,0.0,False,full
ml_43715_198,ml_43715_6472_2003-06-08 00:52:26,2003-06-08 00:52:26,RATE,"{""movie_id"": 6472, ""movie_title"": ""Eat a Bowl of Tea (1989)"", ""genres"": ""Romance"", ""rating"": 2.0}",PoorScent,PoorScent,Rating of 2.0 falls within the 1.0-2.0 range that qualifies as PoorScent. This is a clearly negative rating indicating the user found the movie genuinely poor and did not enjoy the experience.,PoorScent,agree,"The rating of 2.0 falls squarely within the 1.0-2.0 range defined for PoorScent, indicating a genuinely negative experience. The genre (Romance) is not preceded by any prior ratings, so there is no expectation mismatch with a recommendation—this is a direct judgment of poor quality. No alternative label fits.","Both the Analyst and Critic agree that the rating of 2.0 falls within the PoorScent range (1.0-2.0), indicating a genuinely negative experience. The lack of prior ratings in the Romance genre means there is no expectation mismatch, confirming that this rating reflects a direct judgment of poor quality.",0.95,0.0,False,full
ml_43715_198,ml_43715_6466_2003-06-08 00:52:44,2003-06-08 00:52:44,RATE,"{""movie_id"": 6466, ""movie_title"": ""Mississippi Masala (1991)"", ""genres"": ""Drama|Romance"", ""rating"": 3.5}",FollowingScent,FollowingScent,"Rating of 3.5 is medium but continues in the Romance genre from the previous movie (Eat a Bowl of Tea). The user is sequentially exploring romantic-themed content, though with mixed results. This represents continued exploration within the same thematic thread.",FollowingScent,agree,"The 3.5 rating is medium, but it continues the Romance/Drama thematic thread from Event 1. There is no system_rating provided to suggest ApproachingSource, and the genre is not novel enough to qualify as DietEnrichment. The sequential continuation within a known thematic space, even with mixed satisfaction, aligns with FollowingScent as defined.","Both the Analyst and Critic agree that the rating of 3.5 continues the exploration within the Romance genre, following the previous low rating. While the rating is medium, it indicates ongoing engagement with the thematic thread, which aligns with the FollowingScent label. There is no evidence to suggest a shift to a new genre or a close alignment with a system rating.",0.85,0.0,False,full
ml_43715_198,ml_43715_6476_2003-06-08 00:52:54,2003-06-08 00:52:54,RATE,"{""movie_id"": 6476, ""movie_title"": ""Shattered (1991)"", ""genres"": ""Mystery|Thriller"", ""rating"": 2.0}",PoorScent,PoorScent,"Rating of 2.0 again falls within the 1.0-2.0 PoorScent range. This is the second consecutive negative rating, though in a different genre (Mystery|Thriller). The user continues to have disappointing experiences with the movies they're exploring.",PoorScent,agree,"A 2.0 rating is unambiguously PoorScent per the schema. Although the genre shifted to Mystery|Thriller, the label does not require genre continuity—only a strongly negative rating. The analyst correctly identifies this as a negative experience, independent of genre. No evidence suggests this is a recommendation mismatch (no system_rating given), so PoorScent remains the only valid label.","The rating of 2.0 clearly falls within the PoorScent range, as both the Analyst and Critic noted. This is the second consecutive negative rating, confirming a pattern of disappointing experiences. The genre shift to Mystery|Thriller does not negate the strong negative rating, which is the key signal for PoorScent.",0.95,0.0,False,full
ml_43715_198,ml_43715_6419_2003-06-08 00:54:10,2003-06-08 00:54:10,RATE,"{""movie_id"": 6419, ""movie_title"": ""Mr. & Mrs. Bridge (1990)"", ""genres"": ""Drama"", ""rating"": 4.0}",ForagingSuccess,ForagingSuccess,"Rating of 4.0 qualifies as ForagingSuccess (≥4.0). The user found a movie they genuinely enjoyed. This represents a successful foraging outcome after several disappointing ratings, and it's in the Drama genre which may indicate a shift toward more satisfying content.",ForagingSuccess,agree,"A 4.0 rating meets the minimum threshold for ForagingSuccess. The genre (Drama) continues from Event 2, but the high rating indicates satisfaction, not just continuation. The label does not require a prior positive experience—only that the user found the movie genuinely enjoyable. This is a clear success event after two poor ratings.","Both the Analyst and Critic agree that the rating of 4.0 qualifies as ForagingSuccess, indicating a positive experience. The high rating signifies that the user found the movie enjoyable, regardless of prior ratings. The Drama genre continues from previous ratings, but the key factor is the satisfaction reflected in the rating.",0.94,0.0,False,full
ml_43715_198,ml_43715_1956_2003-06-08 00:57:04,2003-06-08 00:57:04,RATE,"{""movie_id"": 1956, ""movie_title"": ""Ordinary People (1980)"", ""genres"": ""Drama"", ""rating"": 4.5}",ForagingSuccess,FollowingScent,"Rating of 4.5 is high but continues in the Drama genre from the previous successful rating (Mr. & Mrs. Bridge). The user is following the scent of successful drama content, building on their positive experience with the previous drama film. This represents continued exploration within a rewarding thematic area.",ForagingSuccess,disagree,"While the user is indeed continuing in the Drama genre, the label 'FollowingScent' is misapplied here. FollowingScent describes continued exploration within a theme regardless of satisfaction level—yet this is a high-rated (4.5) movie. Per the schema, any rating >=4.0 is ForagingSuccess by default, regardless of sequence. The analyst incorrectly prioritizes genre continuity over the explicit criterion for ForagingSuccess. This is not just following a scent—it's reaping a reward.","The Critic's perspective correctly identifies that a rating of 4.5 meets the criteria for ForagingSuccess, as it indicates a high level of satisfaction. While the Analyst suggests FollowingScent due to the continuation in the Drama genre, the high rating itself is sufficient to classify this event as ForagingSuccess. The user is building on a positive experience, reinforcing the success of their exploration.",0.96,1.0,False,full
ml_43715_215,ml_43715_6734_2003-09-05 21:04:38,2003-09-05 21:04:38,RATE,"{""movie_id"": 6734, ""movie_title"": ""Memoirs of an Invisible Man (1992)"", ""genres"": ""Comedy|Romance|Sci-Fi|Thriller"", ""rating"": 1.0}",PoorScent,PoorScent,Rating of 1.0 qualifies as PoorScent according to the schema (ratings 1.0-2.0 indicate genuinely poor experience). The user found this comedy/sci-fi movie disappointing regardless of genre context.,PoorScent,agree,"The rating of 1.0 clearly falls within the 1.0-2.0 range defined for PoorScent, indicating a genuinely poor experience. The genre (sci-fi comedy) is irrelevant here since the schema prioritizes rating magnitude over context for PoorScent when the rating is at the extreme low end. No evidence suggests this was a mispredicted recommendation; the low rating stands as a direct indicator of dissatisfaction.","Both the Analyst and Critic agree that a rating of 1.0 qualifies as PoorScent, indicating a genuinely poor experience. The schema clearly defines ratings in the range of 1.0-2.0 as PoorScent, and the user found this movie disappointing regardless of genre context. The consensus on this label is strong.",1.0,0.0,False,full
ml_43715_215,ml_43715_6659_2003-09-05 21:06:59,2003-09-05 21:06:59,RATE,"{""movie_id"": 6659, ""movie_title"": ""Tremors (1990)"", ""genres"": ""Comedy|Horror|Sci-Fi"", ""rating"": 4.5}",ForagingSuccess,ForagingSuccess,"Rating of 4.5 qualifies as ForagingSuccess (ratings ≥4.0 indicate high satisfaction). This is another comedy/sci-fi movie, suggesting the user continued exploring the sci-fi comedy genre after the initial disappointment.",ForagingSuccess,agree,"A rating of 4.5 meets the threshold for ForagingSuccess (≥4.0). While it follows a PoorScent event in a similar genre (sci-fi comedy), the high rating indicates successful discovery and satisfaction, not merely continuation. The schema does not require thematic continuity for ForagingSuccess—only high satisfaction. The genre similarity may suggest FollowingScent, but the high rating overrides that and qualifies as success.","Both the Analyst and Critic agree that a rating of 4.5 qualifies as ForagingSuccess, indicating high satisfaction. The user rated a comedy/sci-fi movie highly after a previous disappointment, which suggests successful discovery rather than mere continuation. The high rating confirms the user's positive experience.",0.95,0.0,False,full
ml_43715_215,ml_43715_6662_2003-09-05 21:07:58,2003-09-05 21:07:58,RATE,"{""movie_id"": 6662, ""movie_title"": ""Pink Panther, The (1963)"", ""genres"": ""Comedy|Crime"", ""rating"": 1.5}",PoorScent,PoorScent,Rating of 1.5 qualifies as PoorScent (ratings 1.0-2.0 indicate genuinely poor experience). The user switched from sci-fi comedy to a pure comedy/crime film but still found it disappointing.,PoorScent,agree,"A rating of 1.5 is within the 1.0–2.0 range defined for PoorScent. The shift to comedy/crime does not change the classification—PoorScent is triggered by low rating magnitude, not genre context. The analyst correctly identifies this as another disappointment, consistent with the schema’s definition. No alternative label fits: it is not medium enough for DietEnrichment or FollowingScent, and there is no system_rating to evaluate ApproachingSource.","Both the Analyst and Critic agree that a rating of 1.5 qualifies as PoorScent. The rating falls within the 1.0-2.0 range, indicating a genuinely poor experience. The shift to a different genre does not alter the classification since the low rating magnitude is the primary trigger for PoorScent.",1.0,0.0,False,full
ml_43715_215,ml_43715_6664_2003-09-05 21:08:07,2003-09-05 21:08:07,RATE,"{""movie_id"": 6664, ""movie_title"": ""Commando (1985)"", ""genres"": ""Action|Adventure"", ""rating"": 1.0}",PoorScent,LeavingPatch,"Rating of 1.0 qualifies as PoorScent, but this represents the third consecutive low rating across different genres (sci-fi comedy, comedy/crime, and now action/adventure). The pattern of disappointments suggests the user is abandoning their current exploration approach entirely.",PoorScent,disagree,"While the analyst correctly identifies a pattern of low ratings, LeavingPatch requires a sequence of PoorScent events *within the same genre or thematic patch* followed by a switch. Here, the low ratings span three distinct genres: sci-fi comedy, comedy/crime, and action/adventure. There is no coherent 'patch' being abandoned—only scattered disappointments. LeavingPatch is misapplied without a consistent thematic thread. This event is simply another PoorScent, not a termination signal. The schem","The Analyst identifies a pattern of low ratings, but the Critic correctly points out that LeavingPatch requires a sequence of PoorScent events within the same genre. Since the ratings span different genres, the correct label is PoorScent due to the rating of 1.0, which indicates a genuinely poor experience. The consensus is that the user is experiencing disappointment, but the specific label of LeavingPatch does not apply here.",0.85,1.0,True,full
ml_43715_215,ml_43715_6636_2003-09-05 21:08:58,2003-09-05 21:08:58,RATE,"{""movie_id"": 6636, ""movie_title"": ""Sure Thing, The (1985)"", ""genres"": ""Comedy|Romance"", ""rating"": 3.5}",DietEnrichment,DietEnrichment,"Rating of 3.5 is neutral-positive. After three consecutive disappointments across different genres, the user switches to a comedy/romance film and gives it a moderately positive rating, suggesting they are exploring new territory and broadening their taste preferences after previous failures.",DietEnrichment,disagree,"The analyst’s label is correct, but the reasoning is flawed. DietEnrichment requires exploration of a *new* genre or style not previously rated in the session. The user has already rated comedy/romance in Event 1 ('Memoirs of an Invisible Man' includes Romance and Comedy). Thus, comedy/romance is not a new genre for this user in this session—it is a return to a previously encountered genre. However, the rating of 3.5 is neutral-positive and lacks alignment with system_rating (not provided), so i","The Analyst suggests DietEnrichment based on the user's exploration of a comedy/romance film after previous disappointments. However, the Critic argues that the user has already rated in this genre, meaning this film does not represent new exploration. Despite the disagreement, the Analyst's label is more aligned with the user's intent to broaden taste preferences after failures, so DietEnrichment is the more fitting label.",0.8,0.0,True,full
ml_43715_217,ml_43715_6818_2003-10-10 18:04:17,2003-10-10 18:04:17,RATE,"{""movie_id"": 6818, ""movie_title"": ""Come and See (Idi i smotri) (1985)"", ""genres"": ""Drama|War"", ""rating"": 3.0}",DietEnrichment,FollowingScent,"Rating a war drama (3.0). This is the first event, so no sequential context yet. The neutral rating suggests the user is exploring within the drama genre but isn't particularly impressed. Without prior events, we assume this is the start of a thematic exploration.",DietEnrichment,disagree,"This is the first event in the session with no prior ratings to establish a 'thematic thread.' Labeling it 'FollowingScent' incorrectly assumes continuity where none exists. 'Come and See' is a harrowing war drama — a tonally and thematically distinct entry compared to typical mainstream fare. The neutral rating (3.0) suggests cautious exploration, not continuation. This is a clear case of branching into a new, unfamiliar genre (art-house war drama), making 'DietEnrichment' the only valid label ","The Analyst suggested FollowingScent based on the rating of a war drama (3.0), but since this is the first event in the session, there is no prior context to establish a thematic thread. The Critic correctly identified this as DietEnrichment, indicating the user is exploring a genre distinct from their previous ratings. The film's thematic nature suggests a broadening of taste rather than a continuation of an established path.",0.95,1.0,False,full
ml_43715_217,ml_43715_6797_2003-10-10 18:05:13,2003-10-10 18:05:13,RATE,"{""movie_id"": 6797, ""movie_title"": ""Bugsy (1991)"", ""genres"": ""Crime|Drama"", ""rating"": 4.5}",ForagingSuccess,ForagingSuccess,"Rating a crime drama (4.5). High rating indicates the user found something they truly enjoyed. The genre (crime/drama) maintains thematic continuity with the previous drama film, but the high satisfaction makes this a clear success.",ForagingSuccess,agree,"A 4.5 rating is unambiguously high, and 'Bugsy' continues the drama theme from Event 1. The user clearly enjoyed this film, satisfying the ForagingSuccess criteria. The thematic continuity reinforces that this success occurred within an ongoing exploration, not a random hit.","Both the Analyst and Critic agree on this label. The user rated 'Bugsy' (4.5), indicating high satisfaction and enjoyment. This film continues the thematic exploration of drama from the previous event, reinforcing the idea of successful foraging within the established genre. The high rating confirms the positive outcome of this exploration.",0.98,0.0,False,full
ml_43715_217,ml_43715_6786_2003-10-10 18:05:57,2003-10-10 18:05:57,RATE,"{""movie_id"": 6786, ""movie_title"": ""Kiss of the Spider Woman (1985)"", ""genres"": ""Drama"", ""rating"": 3.0}",FollowingScent,FollowingScent,Rating a drama (3.0). Continuing with the drama genre theme from previous ratings. The neutral rating suggests the user is still following this thematic thread but isn't particularly impressed with this specific film.,FollowingScent,agree,"Continuing the drama genre from Events 1 and 2, this 3.0 rating reflects sustained exploration within the same thematic patch. The neutrality is consistent with ongoing evaluation — not a shift, not a failure. No evidence suggests a genre break or system recommendation alignment, so FollowingScent is correct.","The Analyst and Critic both support this label. The user rated 'Kiss of the Spider Woman' (3.0), maintaining the drama theme established in previous ratings. The neutral rating suggests ongoing exploration within this thematic patch, with no evidence of a shift or failure in their exploration. Thus, FollowingScent accurately reflects the user's behavior.",0.92,0.0,False,full
ml_43715_217,ml_43715_6787_2003-10-10 18:06:03,2003-10-10 18:06:03,RATE,"{""movie_id"": 6787, ""movie_title"": ""All the President's Men (1976)"", ""genres"": ""Drama|Thriller"", ""rating"": 4.0}",ForagingSuccess,ForagingSuccess,"Rating a drama/thriller (4.0). High rating indicates the user found something they enjoyed. The genre maintains continuity with the drama theme from previous ratings, making this a successful find within their current exploration path.",ForagingSuccess,agree,"A 4.0 rating meets the threshold for high satisfaction. The film is thematically aligned with prior dramas, indicating successful foraging within the established patch. The label correctly captures the positive outcome of sustained exploration.","Both perspectives align on this label. The user rated 'All the President's Men' (4.0), indicating a high level of satisfaction. This rating continues the drama theme from previous events, confirming that the user found something enjoyable within their ongoing exploration. The high rating meets the criteria for ForagingSuccess.",0.96,0.0,False,full
ml_43715_217,ml_43715_6779_2003-10-10 18:06:12,2003-10-10 18:06:12,RATE,"{""movie_id"": 6779, ""movie_title"": ""Same Time, Next Year (1978)"", ""genres"": ""Comedy|Drama|Romance"", ""rating"": 2.0}",DietEnrichment,PoorScent,Rating a comedy/drama/romance (2.0). The low rating (2.0) qualifies as PoorScent - the user found the movie genuinely poor. This represents a disappointment in what appears to be a shift toward comedy/romance elements.,DietEnrichment,disagree,"The user is not abandoning a patch yet — this is the first low rating in a new direction. 'Same Time, Next Year' introduces comedy/romance elements not seen before. A 2.0 rating indicates a mismatch, but not necessarily a 'poor' experience in the sense of PoorScent (which requires genuine dislike). More accurately, this is a failed attempt at DietEnrichment: the user branched out and was disappointed. PoorScent requires the movie to be 'genuinely poor' — a 2.0 may reflect mismatched expectations","The Analyst proposed PoorScent based on a low rating (2.0), but the Critic correctly identified this as DietEnrichment. This is the first low rating in a new direction (comedy/romance), indicating a mismatch but not necessarily a poor experience. Since the user is exploring a new genre, this label accurately reflects their behavior.",0.88,1.0,False,full
ml_43715_217,ml_43715_6782_2003-10-10 18:06:19,2003-10-10 18:06:19,RATE,"{""movie_id"": 6782, ""movie_title"": ""Leningrad Cowboys Go America (1989)"", ""genres"": ""Comedy|Musical"", ""rating"": 2.0}",DietEnrichment,PoorScent,"Rating a comedy/musical (2.0). Another low rating (2.0) in the comedy genre, continuing the pattern of disappointment that started with the previous comedy film. This confirms the PoorScent pattern for comedy content.",DietEnrichment,disagree,"Again, this is not a PoorScent event — it's a continuation of an unsuccessful exploration. The user is still in the process of testing a new genre (comedy/musical), not signaling abandonment. PoorScent applies to individual movies rated 1.0-2.0 due to poor quality or mismatch, but without prior negative events in this genre, we cannot yet label this as a 'patch failure.' The correct label is DietEnrichment — the user is still exploring, albeit unsuccessfully. PoorScent becomes valid only if this","The Analyst suggested PoorScent due to a low rating (2.0), but the Critic correctly noted that this is a continuation of exploration in the comedy genre. This rating does not indicate abandonment of the genre but rather an ongoing evaluation. Thus, DietEnrichment is the appropriate label as the user is still testing new content.",0.85,1.0,False,full
ml_43715_217,ml_43715_6788_2003-10-10 18:06:25,2003-10-10 18:06:25,RATE,"{""movie_id"": 6788, ""movie_title"": ""Angie (1994)"", ""genres"": ""Comedy|Drama|Romance"", ""rating"": 1.5}",LeavingPatch,LeavingPatch,"Rating a comedy/drama/romance (1.5). This is the third consecutive low-rated movie in comedy-related genres (following two 2.0 ratings). The extremely low rating (1.5) and the pattern of disappointments suggest the user is abandoning the comedy genre exploration, likely ending this foraging patch.",LeavingPatch,agree,"This is the third consecutive low rating (2.0, 2.0, 1.5) in comedy/romance/drama hybrids. The sharp drop to 1.5 confirms strong dissatisfaction. The pattern of repeated disappointment in a newly attempted genre, culminating in this lowest rating, meets the criteria for LeavingPatch: abandonment of a failed exploration path. The sequential context is now sufficient to justify this label.","Both the Analyst and Critic agree on this label. The user rated 'Angie' (1.5), marking the third consecutive low rating in comedy-related genres. This pattern of disappointment strongly indicates that the user is abandoning their exploration in this genre. The significant drop in rating confirms the dissatisfaction, aligning with the criteria for LeavingPatch.",0.94,0.0,False,full
ml_43715_220,ml_43715_7123_2003-12-05 23:35:11,2003-12-05 23:35:11,RATE,"{""movie_id"": 7123, ""movie_title"": ""Naked Lunch (1991)"", ""genres"": ""Drama|Fantasy|Mystery|Sci-Fi"", ""rating"": 0.5}",PoorScent,PoorScent,Rating of 0.5 falls within the 1.0-2.0 range that qualifies as PoorScent. The user had a genuinely negative experience with this movie.,PoorScent,agree,"Rating of 0.5 is clearly in the 1.0-2.0 range for PoorScent, indicating a strongly negative experience. No prior context needed for this label when rating is this low.","Both the Analyst and Critic agree that the rating of 0.5 clearly falls within the PoorScent range (1.0-2.0), indicating a strongly negative experience for the user. The low rating is definitive and does not require further context.",1.0,0.0,False,full
ml_43715_220,ml_43715_7127_2003-12-05 23:35:31,2003-12-05 23:35:31,RATE,"{""movie_id"": 7127, ""movie_title"": ""Run (1991)"", ""genres"": ""Action|Drama|Thriller"", ""rating"": 1.5}",PoorScent,PoorScent,Rating of 1.5 falls within the 1.0-2.0 range that qualifies as PoorScent. This is another clearly negative experience for the user.,PoorScent,agree,"Rating of 1.5 is within the defined PoorScent range (1.0-2.0). The genre (Action|Drama|Thriller) does not contradict this label, as PoorScent is based on low rating, not genre.","The rating of 1.5 is confirmed by both the Analyst and Critic as PoorScent, as it falls within the defined range for negative experiences. The genre does not contradict this label, reinforcing the negative sentiment.",1.0,0.0,False,full
ml_43715_220,ml_43715_7119_2003-12-05 23:36:56,2003-12-05 23:36:56,RATE,"{""movie_id"": 7119, ""movie_title"": ""Crazy People (1990)"", ""genres"": ""Comedy"", ""rating"": 0.5}",PoorScent,PoorScent,Rating of 0.5 falls within the 1.0-2.0 range that qualifies as PoorScent. This continues a pattern of negative experiences early in the session.,PoorScent,agree,"Rating of 0.5 is unambiguously PoorScent. The shift to Comedy is irrelevant here; the label is triggered by the extreme negativity, not genre continuity.","Both perspectives agree that the rating of 0.5 is unambiguously PoorScent. This continues the pattern of negative experiences early in the session, and the genre shift to Comedy does not alter the negative assessment.",1.0,0.0,False,full
ml_43715_220,ml_43715_7113_2003-12-05 23:37:04,2003-12-05 23:37:04,RATE,"{""movie_id"": 7113, ""movie_title"": ""Cabeza de Vaca (1991)"", ""genres"": ""Action|Adventure"", ""rating"": 4.5}",ForagingSuccess,ForagingSuccess,Rating of 4.5 falls within the 4.0-5.0 range that qualifies as ForagingSuccess. The user found something they truly enjoyed after several disappointments.,ForagingSuccess,agree,"Rating of 4.5 is above 4.0, satisfying the ForagingSuccess threshold. It follows three PoorScent events, making it a clear positive turnaround and validation of exploration.","The rating of 4.5 is clearly within the ForagingSuccess range (4.0-5.0), indicating a positive experience after several PoorScent events. Both the Analyst and Critic agree on this label, confirming a successful exploration.",1.0,0.0,False,full
ml_43715_220,ml_43715_7101_2003-12-05 23:37:48,2003-12-05 23:37:48,RATE,"{""movie_id"": 7101, ""movie_title"": ""Doc Hollywood (1991)"", ""genres"": ""Comedy|Romance"", ""rating"": 3.5}",DietEnrichment,DietEnrichment,"Rating of 3.5 is neutral. The movie is Comedy|Romance, which represents a shift from the previous Action|Adventure genre, indicating exploration of new content types.",DietEnrichment,disagree,"The analyst correctly identifies the genre shift (from Action|Adventure to Comedy|Romance), which is the core signal for DietEnrichment. However, the label is correct but the reasoning is incomplete. A 3.5 rating in a new genre is not merely 'neutral'—it's an exploratory acceptance. DietEnrichment does not require high ratings; it requires novel genre exploration. This is correct.","The Analyst identifies a genre shift to Comedy|Romance, indicating exploration of new content types. The Critic agrees with the label but notes incomplete reasoning. The shift from Action|Adventure to Comedy|Romance supports the DietEnrichment label.",0.85,0.0,False,full
ml_43715_220,ml_43715_7089_2003-12-05 23:38:18,2003-12-05 23:38:18,RATE,"{""movie_id"": 7089, ""movie_title"": ""Amarcord (1973)"", ""genres"": ""Comedy|Drama"", ""rating"": 0.5}",PoorScent,PoorScent,Rating of 0.5 falls within the 1.0-2.0 range that qualifies as PoorScent. This is another clearly negative experience for the user.,PoorScent,agree,Rating of 0.5 is definitively PoorScent. The genre (Comedy|Drama) is irrelevant; the extreme negativity overrides any thematic continuity.,"Both the Analyst and Critic agree that the rating of 0.5 is definitively PoorScent, indicating another negative experience. The genre does not mitigate the negative sentiment.",1.0,0.0,False,full
ml_43715_220,ml_43715_7073_2003-12-05 23:39:06,2003-12-05 23:39:06,RATE,"{""movie_id"": 7073, ""movie_title"": ""Shot in the Dark, A (1964)"", ""genres"": ""Comedy|Crime|Mystery"", ""rating"": 3.5}",FollowingScent,FollowingScent,"Rating of 3.5 is neutral. The movie is Comedy|Crime|Mystery, which shares comedy elements with the previous movie (Comedy|Drama), indicating continued exploration within similar thematic content.",FollowingScent,disagree,"The analyst is correct in labeling this FollowingScent, but the reasoning is flawed. The previous movie was Comedy|Drama; this is Comedy|Crime|Mystery. While 'Comedy' is shared, the addition of Crime and Mystery suggests thematic expansion, not continuation. However, since the core genre (Comedy) persists and no new genre is introduced as dominant, FollowingScent is still appropriate. The label is correct, but the justification should emphasize genre persistence over 'similar thematic content' w","The Analyst labels this as FollowingScent due to shared comedy elements, while the Critic points out a flaw in reasoning regarding genre continuity. However, the thematic connection through comedy supports the FollowingScent label.",0.75,0.0,False,full
ml_43715_220,ml_43715_7069_2003-12-05 23:40:08,2003-12-05 23:40:08,RATE,"{""movie_id"": 7069, ""movie_title"": ""Macbeth (a.k.a. Tragedy of Macbeth, The) (1971)"", ""genres"": ""Drama"", ""rating"": 3.5}",FollowingScent,FollowingScent,"Rating of 3.5 is neutral. The movie is Drama, which shares dramatic elements with the previous Comedy|Drama movie, indicating continued exploration within similar content types.",FollowingScent,disagree,"The label is correct, but the reasoning is weak. The previous movie was Comedy|Crime|Mystery; this is pure Drama. There is no shared genre. However, if we interpret 'dramatic elements' as thematic continuity (e.g., serious tone, character-driven narrative), this could be a valid FollowingScent based on tonal or narrative thread, not genre. This is a borderline case, but given the lack of genre overlap, it's better labeled as DietEnrichment. However, since the user has been in a Comedy-heavy patc","Both the Analyst and Critic agree that this rating indicates continued exploration within similar thematic content. While the Critic notes a lack of shared genre, the thematic continuity justifies the FollowingScent label.",0.75,0.0,False,full
ml_43715_220,ml_43715_7045_2003-12-05 23:41:44,2003-12-05 23:41:44,RATE,"{""movie_id"": 7045, ""movie_title"": ""Witches, The (1990)"", ""genres"": ""Children|Fantasy"", ""rating"": 4.0}",ForagingSuccess,ForagingSuccess,Rating of 4.0 falls within the 4.0-5.0 range that qualifies as ForagingSuccess. The user found something they enjoyed in the Children|Fantasy genre.,ForagingSuccess,agree,"Rating of 4.0 meets the ForagingSuccess threshold. The genre (Children|Fantasy) is novel in the session, but the label is based on high satisfaction, not novelty. This is a clear success.","The rating of 4.0 meets the ForagingSuccess threshold, indicating high satisfaction. Both perspectives agree that this is a clear success, regardless of genre novelty.",1.0,0.0,False,full
ml_43715_220,ml_43715_7044_2003-12-05 23:41:54,2003-12-05 23:41:54,RATE,"{""movie_id"": 7044, ""movie_title"": ""Wild at Heart (1990)"", ""genres"": ""Crime|Drama|Mystery|Romance|Thriller"", ""rating"": 1.5}",PoorScent,PoorScent,Rating of 1.5 falls within the 1.0-2.0 range that qualifies as PoorScent. This is another clearly negative experience for the user.,PoorScent,agree,Rating of 1.5 is within the PoorScent range. The genre (Crime|Drama|Mystery|Romance|Thriller) is complex but irrelevant; the low rating is the primary signal.,"The rating of 1.5 is confirmed as PoorScent by both the Analyst and Critic, indicating a negative experience. The complex genre does not alter the negative sentiment.",1.0,0.0,False,full
ml_43715_220,ml_43715_7033_2003-12-05 23:41:58,2003-12-05 23:41:58,RATE,"{""movie_id"": 7033, ""movie_title"": ""Secret of My Succe$s, The (a.k.a. The Secret of My Success) (1987)"", ""genres"": ""Comedy|Romance"", ""rating"": 4.0}",ForagingSuccess,ForagingSuccess,Rating of 4.0 falls within the 4.0-5.0 range that qualifies as ForagingSuccess. The user found something they enjoyed in the Comedy|Romance genre.,ForagingSuccess,agree,"Rating of 4.0 qualifies as ForagingSuccess. The genre (Comedy|Romance) overlaps with Event 5, but the high rating confirms a positive outcome, not mere exploration.","The rating of 4.0 falls within the ForagingSuccess range, indicating a positive experience. Both the Analyst and Critic agree on this label, confirming a successful exploration.",1.0,0.0,False,full
ml_43715_220,ml_43715_7032_2003-12-05 23:42:09,2003-12-05 23:42:09,RATE,"{""movie_id"": 7032, ""movie_title"": ""Revenge (1990)"", ""genres"": ""Drama|Romance|Thriller"", ""rating"": 2.5}",FollowingScent,FollowingScent,"Rating of 2.5 is neutral. The movie is Drama|Romance|Thriller, which shares romantic elements with the previous Comedy|Romance movie, indicating continued exploration within similar thematic content.",FollowingScent,disagree,"The analyst is correct in labeling FollowingScent. The previous movie was Comedy|Romance; this is Drama|Romance|Thriller. The shared Romance genre is sufficient for thematic continuity. Rating of 2.5 is neutral, but in context of a sustained Romance/Drama thread, this is continuation, not a new direction. Correct label.","The Analyst identifies this as FollowingScent due to shared romantic elements. The Critic agrees, noting that the shared genre supports the label. The rating of 2.5 is neutral but consistent with ongoing exploration.",0.75,0.0,False,full
ml_43715_220,ml_43715_7042_2003-12-05 23:42:22,2003-12-05 23:42:22,RATE,"{""movie_id"": 7042, ""movie_title"": ""Betty Blue (37\u00b02 le matin) (1986)"", ""genres"": ""Drama|Romance"", ""rating"": 3.5}",FollowingScent,FollowingScent,"Rating of 3.5 is neutral. The movie is Drama|Romance, which continues the romantic theme from the previous two movies, indicating sustained exploration within this content type.",FollowingScent,agree,Drama|Romance continues the Romance thread from Events 11 and 12. Rating of 3.5 is neutral but consistent with ongoing exploration in this thematic patch. No indication of dissatisfaction or novelty.,Both the Analyst and Critic agree that this rating indicates continued exploration within the romantic theme. The rating of 3.5 is neutral but aligns with the established thematic patch.,0.85,0.0,False,full
ml_43715_220,ml_43715_7028_2003-12-05 23:42:42,2003-12-05 23:42:42,RATE,"{""movie_id"": 7028, ""movie_title"": ""Quick Change (1990)"", ""genres"": ""Comedy|Crime"", ""rating"": 5.0}",ForagingSuccess,ForagingSuccess,"Rating of 5.0 falls within the 4.0-5.0 range that qualifies as ForagingSuccess. This is the highest possible rating, indicating the user found something they truly enjoyed.",ForagingSuccess,agree,Rating of 5.0 is the highest possible. This is unambiguously ForagingSuccess. The genre (Comedy|Crime) is consistent with prior films but irrelevant—the high rating is the defining signal.,"The rating of 5.0 is the highest possible and clearly indicates ForagingSuccess. Both the Analyst and Critic agree on this label, confirming a positive experience.",1.0,0.0,False,full
ml_43715_220,ml_43715_7023_2003-12-05 23:42:44,2003-12-05 23:42:44,RATE,"{""movie_id"": 7023, ""movie_title"": ""Wedding Banquet, The (Xi yan) (1993)"", ""genres"": ""Comedy|Drama|Romance"", ""rating"": 2.5}",FollowingScent,FollowingScent,"Rating of 2.5 is neutral. The movie is Comedy|Drama|Romance, which shares multiple genre elements with recent movies (comedy, drama, romance), indicating continued exploration within familiar thematic content.",FollowingScent,agree,"Comedy|Drama|Romance shares all three genres with prior films (Events 11, 12, 13). This is a clear continuation of the established thematic patch. Neutral rating is expected in sustained exploration.",Both the Analyst and Critic agree that this rating indicates continued exploration within familiar thematic content. The rating of 2.5 is neutral and expected in sustained exploration.,0.8,0.0,False,full
ml_43715_220,ml_43715_7018_2003-12-05 23:42:56,2003-12-05 23:42:56,RATE,"{""movie_id"": 7018, ""movie_title"": ""Presumed Innocent (1990)"", ""genres"": ""Crime|Drama|Thriller"", ""rating"": 4.5}",ForagingSuccess,ForagingSuccess,Rating of 4.5 falls within the 4.0-5.0 range that qualifies as ForagingSuccess. The user found something they enjoyed in the Crime|Drama|Thriller genre.,ForagingSuccess,agree,"Rating of 4.5 is high. Genre (Crime|Drama|Thriller) is consistent with prior films, but the high rating confirms a successful outcome within the ongoing patch. This is ForagingSuccess, not just FollowingScent.","The rating of 4.5 falls within the ForagingSuccess range, indicating a positive experience. Both perspectives agree on this label, confirming a successful exploration.",1.0,0.0,False,full
ml_43715_220,ml_43715_7030_2003-12-05 23:43:20,2003-12-05 23:43:20,RATE,"{""movie_id"": 7030, ""movie_title"": ""Radio Flyer (1992)"", ""genres"": ""Drama"", ""rating"": 1.0}",PoorScent,PoorScent,Rating of 1.0 falls within the 1.0-2.0 range that qualifies as PoorScent. This is another clearly negative experience for the user.,PoorScent,agree,"Rating of 1.0 is definitively PoorScent. The genre (Drama) is not novel, but the extreme negativity overrides any thematic continuity.","The rating of 1.0 is confirmed as PoorScent by both the Analyst and Critic, indicating a negative experience. The genre does not mitigate the negative sentiment.",1.0,0.0,False,full
ml_43715_220,ml_43715_7017_2003-12-05 23:43:37,2003-12-05 23:43:37,RATE,"{""movie_id"": 7017, ""movie_title"": ""Passenger 57 (1992)"", ""genres"": ""Action|Thriller"", ""rating"": 3.5}",FollowingScent,FollowingScent,"Rating of 3.5 is neutral. The movie is Action|Thriller, which shares thriller elements with the previous Crime|Drama|Thriller movie, indicating continued exploration within similar content.",FollowingScent,disagree,"The previous movie was Drama; this is Action|Thriller. While 'Thriller' is shared, the shift from Drama to Action|Thriller is a genre expansion, not continuation. However, since Thriller has been a consistent thread since Event 12 (Romance|Thriller), Event 16 (Crime|Drama|Thriller), and now Action|Thriller, this is a sustained Thriller-focused trail. FollowingScent is appropriate.","The Analyst identifies this as FollowingScent due to shared thriller elements. The Critic disagrees, suggesting a genre expansion. However, the thematic connection through thriller supports the FollowingScent label.",0.75,0.0,False,full
ml_43715_220,ml_43715_7026_2003-12-05 23:43:52,2003-12-05 23:43:52,RATE,"{""movie_id"": 7026, ""movie_title"": ""Summer School (1987)"", ""genres"": ""Comedy"", ""rating"": 3.5}",DietEnrichment,DietEnrichment,"Rating of 3.5 is neutral. The movie is pure Comedy, which represents a shift from the previous Action|Thriller genre, indicating exploration of different content types.",DietEnrichment,disagree,"The analyst labels this DietEnrichment due to a shift from Action|Thriller to pure Comedy. This is correct. However, the reasoning is incomplete. DietEnrichment does not require a high rating—only a shift into a new genre. Pure Comedy after a Thriller-heavy patch is a clear branching out. The 3.5 rating is not 'neutral' in this context—it's a successful exploration of a new domain. Label is correct, justification improved.",The Analyst labels this as DietEnrichment due to a shift from Action|Thriller to pure Comedy. The Critic agrees but notes incomplete reasoning. The genre shift supports the DietEnrichment label.,0.85,0.0,False,full
ml_43715_220,ml_43715_7003_2003-12-05 23:45:06,2003-12-05 23:45:06,RATE,"{""movie_id"": 7003, ""movie_title"": ""Kafka (1991)"", ""genres"": ""Comedy|Drama|Mystery|Sci-Fi|Thriller"", ""rating"": 1.0}",PoorScent,PoorScent,Rating of 1.0 falls within the 1.0-2.0 range that qualifies as PoorScent. This is another clearly negative experience for the user.,PoorScent,agree,Rating of 1.0 is unambiguously PoorScent. The complex genre (Comedy|Drama|Mystery|Sci-Fi|Thriller) does not mitigate the negative experience.,"The rating of 1.0 is confirmed as PoorScent by both the Analyst and Critic, indicating a negative experience. The complex genre does not mitigate the negative sentiment.",1.0,0.0,False,full
ml_43715_220,ml_43715_7016_2003-12-05 23:45:48,2003-12-05 23:45:48,RATE,"{""movie_id"": 7016, ""movie_title"": ""Over the Top (1987)"", ""genres"": ""Action|Drama"", ""rating"": 0.5}",PoorScent,PoorScent,Rating of 0.5 falls within the 1.0-2.0 range that qualifies as PoorScent. This is another clearly negative experience for the user.,PoorScent,agree,"Rating of 0.5 is clearly PoorScent. Genre (Action|Drama) is consistent with prior films, but the extreme negativity defines the label.","The rating of 0.5 is confirmed as PoorScent by both the Analyst and Critic, indicating another negative experience. The genre does not mitigate the negative sentiment.",1.0,0.0,False,full
ml_43715_220,ml_43715_6989_2003-12-05 23:47:08,2003-12-05 23:47:08,RATE,"{""movie_id"": 6989, ""movie_title"": ""Gorky Park (1983)"", ""genres"": ""Crime|Drama|Thriller"", ""rating"": 2.5}",FollowingScent,FollowingScent,"Rating of 2.5 is neutral. The movie is Crime|Drama|Thriller, which shares thriller elements with recent movies in this session, indicating continued exploration within familiar thematic content.",FollowingScent,disagree,"The analyst labels FollowingScent correctly. The movie is Crime|Drama|Thriller, which matches the dominant genre cluster from Events 12-18. Rating of 2.5 is neutral, but in the context of a sustained Thriller/Drama patch, this is continuation, not a new direction. The label is appropriate.","The Analyst identifies this as FollowingScent due to shared thriller elements. The Critic agrees, noting that the rating of 2.5 is neutral but consistent with ongoing exploration. The thematic connection supports the label.",0.8,0.0,False,full
ml_43715_220,ml_43715_6999_2003-12-05 23:47:29,2003-12-05 23:47:29,RATE,"{""movie_id"": 6999, ""movie_title"": ""Housesitter (1992)"", ""genres"": ""Comedy|Romance"", ""rating"": 1.5}",PoorScent,PoorScent,Rating极速飞艇开奖直播网 of 1.5 falls within the 1.0-2.0 range that qualifies as PoorScent. This is another clearly negative experience for the user.,PoorScent,agree,"Rating of 1.5 is within the PoorScent range. Genre (Comedy|Romance) was previously explored positively (Events 11, 13, 15), making this a mismatch within a familiar domain—classic PoorScent.","The rating of 1.5 is confirmed as PoorScent by both the Analyst and Critic, indicating a negative experience. The genre was previously explored positively, making this a mismatch within a familiar domain.",1.0,0.0,False,full
ml_43715_220,ml_43715_6991_2003-12-05 23:47:38,2003-12-05 23:47:38,RATE,"{""movie_id"": 6991, ""movie_title"": ""Greystoke: The Legend of Tarzan, Lord of the Apes (1984)"", ""genres"": ""Adventure|Drama|Romance"", ""rating"": 2.0}",PoorScent,PoorScent,Rating of 2.0 falls within the 1.0-2.0 range that qualifies as PoorScent. This is another negative experience for the user.,PoorScent,agree,"Rating of 2.0 is at the upper limit of PoorScent (1.0-2.0). While borderline, the schema explicitly includes 2.0. The genre (Adventure|Drama|Romance) was previously explored, so this is a disappointment within a known patch.","The rating of 2.0 is at the upper limit of PoorScent and is confirmed by both the Analyst and Critic. The genre was previously explored, making this a disappointment. The negative experience is clear.",1.0,0.0,False,full
ml_43715_220,ml_43715_6994_2003-12-05 23:47:42,2003-12-05 23:47:42,RATE,"{""movie_id"": 6994, ""movie_title"": ""Hard Way, The (1991)"", ""genres"": ""Action|Comedy"", ""rating"": 2.5}",FollowingScent,FollowingScent,"Rating of 2.5 is neutral. The movie is Action|Comedy, which shares action elements with recent movies and represents continued exploration within familiar content types.",FollowingScent,disagree,"The analyst is correct. Action|Comedy continues the Action and Comedy threads from Events 19 (Comedy) and 18 (Action|Thriller). The rating of 2.5 is neutral, but consistent with a patch that has seen both highs and lows. This is not a new genre—it's a return to a familiar blend. FollowingScent is appropriate.","The Analyst identifies this as FollowingScent due to shared action elements. The Critic agrees, noting that the rating of 2.5 is neutral but consistent with ongoing exploration. The thematic connection supports the label.",0.8,0.0,False,full
ml_43715_220,ml_43715_7000_2003-12-05 23:47:47,2003-12-05 23:47:47,RATE,"{""movie_id"": 7000, ""movie_title"": ""Hudson Hawk (1991)"", ""genres"": ""Action|Adventure|Comedy"", ""rating"": 3.5}",FollowingScent,FollowingScent,"Rating of 3.5 is neutral. The movie is Action|Adventure|Comedy, which continues the action and comedy themes from recent movies, indicating sustained exploration within familiar content.",FollowingScent,agree,Action|Adventure|Comedy is a direct continuation of the Action and Comedy themes from Events 25 and 19. Rating of 3.5 is neutral but fits the pattern of sustained exploration in this patch. No novelty or dissatisfaction to trigger other labels.,Both the Analyst and Critic agree that this rating indicates continued exploration within familiar thematic content. The rating of 3.5 is neutral and expected in sustained exploration.,0.85,0.0,False,full
ml_43715_220,ml_43715_6998_2003-12-05 23:48:00,2003-12-05 23:48:00,RATE,"{""movie_id"": 6998, ""movie_title"": ""House of Cards (1993)"", ""genres"": ""Drama"", ""rating"": 3.5}",FollowingScent,FollowingScent,"Rating of 3.5 is neutral. The movie is Drama, which shares dramatic elements with many previous movies in this session, indicating continued exploration within familiar thematic content.",FollowingScent,agree,"Drama continues the dominant thematic thread from Events 16, 17, 22. Rating of 3.5 is consistent with the patch's mixed but ongoing exploration. No indication of departure or failure.",Both the Analyst and Critic agree that this rating indicates continued exploration within familiar thematic content. The rating of 3.5 is neutral and consistent with ongoing exploration.,0.85,0.0,False,full
ml_43715_229,ml_43715_7304_2004-02-06 12:05:22,2004-02-06 12:05:22,RATE,"{""movie_id"": 7304, ""movie_title"": ""Allegro non troppo (1977)"", ""genres"": ""Animation|Comedy|Fantasy|Musical"", ""rating"": 1.5}",PoorScent,PoorScent,"Rating of 1.5 falls within the 1.0-2.0 range that qualifies as PoorScent. This indicates a genuinely negative experience with the Animation|Comedy|Fantasy|Musical movie, representing a mismatch between expectation and reality.",PoorScent,agree,"The rating of 1.5 is clearly within the 1.0-2.0 range defined for PoorScent, indicating a genuinely negative experience. The genre (Animation|Comedy|Fantasy|Musical) is irrelevant to the label definition—PoorScent is triggered by low rating alone when it reflects a mismatch between expectation and reality. No prior context suggests this was an exploratory attempt, so the negative outcome stands as a clear PoorScent.","Both the Analyst and Critic agree that the rating of 1.5 falls within the PoorScent threshold (1.0-2.0), indicating a genuinely negative experience. The genre is not a factor in this label, as the low rating clearly reflects a mismatch between expectation and reality.",0.95,0.0,False,full
ml_43715_229,ml_43715_7313_2004-02-06 12:05:30,2004-02-06 12:05:30,RATE,"{""movie_id"": 7313, ""movie_title"": ""Fire Birds (1990)"", ""genres"": ""Action|Adventure"", ""rating"": 1.0}",PoorScent,PoorScent,"Rating of 1.0 is clearly negative and falls within the 1.0-2.0 PoorScent threshold. The Action|Adventure genre differs from the previous movie, but the extremely low rating indicates another poor experience regardless of genre.",PoorScent,agree,"A rating of 1.0 is unambiguously within the PoorScent threshold. While the genre shifted from the previous movie, PoorScent does not require thematic continuity—it is defined by the severity of the negative experience. The user’s strong dissatisfaction with this Action|Adventure film qualifies as a clear case of PoorScent, regardless of genre change.","The rating of 1.0 is unambiguously within the PoorScent threshold, as both the Analyst and Critic point out. Despite a genre shift from the previous movie, the severity of the negative experience is sufficient to qualify as PoorScent, confirming the user’s strong dissatisfaction.",0.97,0.0,False,full
ml_43715_229,ml_43715_7247_2004-02-06 12:06:50,2004-02-06 12:06:50,RATE,"{""movie_id"": 7247, ""movie_title"": ""Chitty Chitty Bang Bang (1968)"", ""genres"": ""Adventure|Children|Comedy|Fantasy|Musical"", ""rating"": 3.0}",FollowingScent,DietEnrichment,"Rating of 3.0 is neutral, but the Adventure|Children|Comedy|Fantasy|Musical genre represents a thematic shift from the previous Action|Adventure movie. This suggests the user is exploring different content areas rather than following a consistent scent.",FollowingScent,disagree,"The analyst labels this as DietEnrichment due to genre shift, but this is incorrect. The previous movie ('Fire Birds') was Action|Adventure; this one is Adventure|Children|Comedy|Fantasy|Musical. The overlap in 'Adventure' and the presence of 'Comedy' and 'Fantasy' (also present in Event 1) suggests continuity in broad family-friendly, fantastical themes—not a true thematic break. A 3.0 rating is neutral and fits FollowingScent when there’s thematic continuity. There is no evidence of deliberate","The Analyst's label of DietEnrichment is challenged by the Critic, who argues for FollowingScent due to thematic overlap in the Adventure genre and the presence of Comedy and Fantasy elements. Given the context of the previous ratings, the user is likely continuing to explore within a familiar thematic area, making FollowingScent the more appropriate label.",0.85,1.0,True,full
ml_43715_229,ml_43715_7229_2004-02-06 12:07:25,2004-02-06 12:07:25,RATE,"{""movie_id"": 7229, ""movie_title"": ""Money for Nothing (1993)"", ""genres"": ""Comedy|Crime"", ""rating"": 4.5}",ForagingSuccess,ForagingSuccess,"Rating of 4.5 is high (≥4.0), indicating the user found a movie they truly enjoyed. The Comedy|Crime genre represents continued exploration but with a successful outcome, qualifying as foraging success.",ForagingSuccess,agree,"A rating of 4.5 exceeds the 4.0 threshold for ForagingSuccess. The genre (Comedy|Crime) follows the previous Comedy movie, but the high rating indicates satisfaction, not just continuation. The label does not require novelty—only high enjoyment. This is a clear case of successful foraging: the user found something they truly liked, even within a continuing thematic thread.","Both the Analyst and Critic agree that the high rating of 4.5 indicates a successful foraging experience. The rating exceeds the 4.0 threshold, and while the genre is a continuation of the previous Comedy theme, the high satisfaction level confirms that this is a clear case of ForagingSuccess.",0.97,0.0,False,full
ml_43715_229,ml_43715_7191_2004-02-06 12:08:23,2004-02-06 12:08:23,RATE,"{""movie_id"": 7191, ""movie_title"": ""Blame It on the Bellboy (1992)"", ""genres"": ""Comedy"", ""rating"": 3.0}",FollowingScent,FollowingScent,"Rating of 3.0 is neutral, but the Comedy genre connects thematically to the previous Comedy|Crime movie (Money for Nothing). This suggests the user is continuing to explore comedy content, following the scent established by their previous rating.",FollowingScent,agree,"The movie is pure Comedy, directly continuing the Comedy|Crime genre from Event 4. The 3.0 rating is neutral, which aligns with FollowingScent when there’s thematic continuity and no strong positive or negative signal. The user is clearly staying within a familiar thematic patch (comedy), and the rating reflects moderate engagement—not a shift (DietEnrichment) nor a failure (PoorScent). This is textbook FollowingScent.","The Analyst and Critic both identify the thematic continuity in the Comedy genre, linking it to the previous rating of a Comedy|Crime film. The neutral rating of 3.0 aligns with the FollowingScent label, as it suggests the user is continuing to explore within a familiar thematic area without strong positive or negative signals.",0.9,0.0,False,full
ml_43715_231,ml_43715_45_2004-02-18 14:08:09,2004-02-18 14:08:09,RATE,"{""movie_id"": 45, ""movie_title"": ""To Die For (1995)"", ""genres"": ""Comedy|Drama|Thriller"", ""rating"": 4.5}",ForagingSuccess,ForagingSuccess,"Rating of 4.5 is high (≥4.0), indicating the user found a movie they truly enjoyed. This is a clear success in their movie exploration.",ForagingSuccess,agree,"The rating of 4.5 is clearly above the 4.0 threshold for ForagingSuccess, and there is no prior context to suggest this was a recommendation-driven or genre-following behavior. This is an isolated high-rated movie at the start of the session, making it a clear success event.","Both the Analyst and Critic agree that the high rating of 4.5 indicates a successful movie experience for the user. The absence of prior context suggests that this is an isolated high-rated movie, confirming it as a clear success in their exploration.",0.95,0.0,False,full
ml_43715_231,ml_43715_3100_2004-02-18 14:08:34,2004-02-18 14:08:34,RATE,"{""movie_id"": 3100, ""movie_title"": ""River Runs Through It, A (1992)"", ""genres"": ""Drama"", ""rating"": 4.5}",FollowingScent,FollowingScent,"Rating another drama film (Drama) with a high rating (4.5) immediately after a drama/thriller film. This shows continued exploration within the dramatic genre thread, indicating following a thematic scent.",FollowingScent,agree,"The movie is a Drama, continuing the thematic thread from 'To Die For' (Comedy|Drama|Thriller). The high rating (4.5) reinforces that the user is positively engaged with this genre thread. No system rating is provided, so ApproachingSource cannot be inferred; the continuity in genre supports FollowingScent.","The Analyst and Critic both identify this rating as part of a thematic exploration within the Drama genre, following the previous high-rated film. The continuity in genre and the high rating of 4.5 reinforce that the user is positively engaged with this thematic thread.",0.87,0.0,False,full
ml_43715_231,ml_43715_3274_2004-02-18 14:08:43,2004-02-18 14:08:43,RATE,"{""movie_id"": 3274, ""movie_title"": ""Single White Female (1992)"", ""genres"": ""Drama|Thriller"", ""rating"": 2.5}",FollowingScent,PoorScent,"Rating of 2.5 falls within the medium range, but the genre (Drama|Thriller) continues the thematic thread from previous films. The significant drop from previous high ratings (4.5, 4.5) to 2.5 suggests a mismatch between expectation and reality, indicating poor scent in what appeared to be a promising thematic trail.",FollowingScent,disagree,"The analyst incorrectly labels a 2.5 rating as PoorScent. Per the schema, PoorScent requires a rating of 1.0-2.0 or a gap ≥1.5 from system_rating. Here, no system_rating is provided, and 2.5 is a neutral medium rating. The genre (Drama|Thriller) is a direct continuation of prior films, and the user did not abandon the thread — they continued rating similar genres afterward. This is a low-but-not-poor evaluation within an ongoing scent trail, so FollowingScent is correct. PoorScent is over-applie","Despite the Analyst labeling this as PoorScent, the Critic correctly points out that a rating of 2.5 does not qualify as PoorScent without a system_rating or a significant gap from a higher expected rating. The continuation of the Drama|Thriller genre indicates that the user is still exploring within the thematic thread, making FollowingScent the more appropriate label.",0.85,1.0,False,full
ml_43715_231,ml_43715_2734_2004-02-18 14:09:02,2004-02-18 14:09:02,RATE,"{""movie_id"": 2734, ""movie_title"": ""Mosquito Coast, The (1986)"", ""genres"": ""Adventure|Drama|Thriller"", ""rating"": 4.0}",FollowingScent,FollowingScent,"Continuing with the Adventure|Drama|Thriller genre combination, which maintains the thriller element from previous films. The high rating (4.0) shows the user is still engaged with this thematic trail despite the previous disappointment, indicating they're still following the scent of thriller-drama combinations.",FollowingScent,agree,"The movie continues the Drama|Thriller thread from Events 2 and 3, and the rating of 4.0 is high enough to indicate renewed engagement with the genre. Despite the prior 2.5, the user did not leave the patch — they persisted and found satisfaction. This is classic FollowingScent: continuing a theme despite a minor dip.","Both the Analyst and Critic agree that this rating continues the thematic thread of Drama|Thriller. The high rating of 4.0 indicates renewed engagement with the genre despite the previous 2.5 rating, suggesting the user is still following the scent of this thematic exploration.",0.9,0.0,False,full
ml_43715_231,ml_43715_2004_2004-02-18 14:09:24,2004-02-18 14:09:24,RATE,"{""movie_id"": 2004, ""movie_title"": ""Gremlins 2: The New Batch (1990)"", ""genres"": ""Comedy|Horror"", ""rating"": 3.5}",DietEnrichment,DietEnrichment,Switching to Comedy|Horror genre after a sequence of drama/thriller films represents a clear thematic shift. The medium rating (3.5) suggests the user is exploring new territory and broadening their taste preferences beyond the previous genre focus.,DietEnrichment,agree,"The shift from Drama|Thriller to Comedy|Horror is a clear genre departure. The 3.5 rating is neutral, consistent with exploration rather than strong satisfaction or disappointment. No system_rating is given to suggest ApproachingSource, and the thematic break aligns perfectly with DietEnrichment — broadening taste beyond the established trail.","The shift from Drama|Thriller to Comedy|Horror represents a clear thematic departure, as noted by both the Analyst and Critic. The medium rating of 3.5 aligns with the idea of exploring new genres rather than indicating strong satisfaction or disappointment, confirming DietEnrichment as the appropriate label.",0.91,0.0,False,full
ml_43715_238,ml_43715_6983_2004-04-15 22:07:04,2004-04-15 22:07:04,RATE,"{""movie_id"": 6983, ""movie_title"": ""Jane Eyre (1944)"", ""genres"": ""Drama|Romance"", ""rating"": 3.5}",DietEnrichment,DietEnrichment,"User rates 'Jane Eyre (1944)' (Drama|Romance) with 3.5. This is the first event in the session, so there's no prior context for FollowingScent. The 1944 release date suggests classic cinema exploration. The neutral-positive rating indicates exploratory behavior in a potentially new genre/era, fitting DietEnrichment as the user broadens their taste horizons.",DietEnrichment,agree,"As the first event in the session, there is no prior context to support FollowingScent or ApproachingSource. The 1944 classic romance/drama is thematically distinct from typical mainstream genres, and a 3.5 rating in this context suggests exploratory behavior rather than confirmation of expectation. The absence of prior ratings makes DietEnrichment the only plausible label.","Both the Analyst and Critic agree that this is the first event in the session with no prior context, and the rating of 3.5 indicates exploratory behavior in a potentially new genre/era. The 1944 classic suggests a shift from mainstream genres, fitting the DietEnrichment label well.",0.85,0.0,False,full
ml_43715_238,ml_43715_7019_2004-04-15 22:15:24,2004-04-15 22:15:24,RATE,"{""movie_id"": 7019, ""movie_title"": ""Project X (1987)"", ""genres"": ""Comedy|Drama"", ""rating"": 0.5}",PoorScent,PoorScent,"User rates 'Project X (1987)' (Comedy|Drama) with 0.5. This extremely low rating (0.5) clearly qualifies as PoorScent according to the schema (ratings 1.0-2.0 indicate poor experiences). The user found this movie genuinely disappointing, representing a significant mismatch between expectation and reality.",PoorScent,agree,"The rating of 0.5 is unequivocally within the PoorScent range (1.0-2.0). The schema explicitly defines such low ratings as indicating genuine disappointment, regardless of genre or system prediction. No other label fits this extreme negative outcome.","Both the Analyst and Critic unanimously agree that the extremely low rating of 0.5 qualifies as PoorScent. This rating indicates a genuine disappointment and a significant mismatch between expectation and reality, aligning perfectly with the schema's definition.",1.0,0.0,False,full
ml_43715_238,ml_43715_4463_2004-04-15 22:20:00,2004-04-15 22:20:00,RATE,"{""movie_id"": 4463, ""movie_title"": ""1969 (1988)"", ""genres"": ""Drama|War"", ""rating"": 1.0}",PoorScent,PoorScent,User rates '1969 (1988)' (Drama|War) with 1.0. This very low rating (1.0) again qualifies as PoorScent. The consecutive low ratings (0.5 then 1.0) suggest the user is experiencing multiple disappointments. The genre shift from Comedy|Drama to Drama|War indicates these are separate poor experiences rather than a thematic sequence.,PoorScent,agree,"A rating of 1.0 clearly meets the PoorScent threshold. While the genre shifted from Comedy|Drama to Drama|War, the schema does not require genre continuity for PoorScent — only a strongly negative experience. This is a standalone PoorScent event, consistent with the user's apparent dissatisfaction.","The Analyst and Critic both agree that a rating of 1.0 clearly meets the PoorScent threshold. Although there is a genre shift, the schema does not require continuity for PoorScent, and the strong negative experience is evident from the rating itself.",1.0,0.0,False,full
ml_43715_238,ml_43715_6197_2004-04-16 11:01:06,2004-04-16 11:01:06,RATE,"{""movie_id"": 6197, ""movie_title"": ""Spider (2002)"", ""genres"": ""Drama|Mystery"", ""rating"": 3.0}",LeavingPatch,DietEnrichment,"User rates 'Spider (2002)' (Drama|Mystery) with 3.0. After two consecutive PoorScent events, the user continues exploring different genres (now Drama|Mystery). The neutral rating (3.0) suggests exploratory behavior rather than following a known scent. This represents continued DietEnrichment as the user samples different content types to broaden their taste.",LeavingPatch,disagree,"The user has experienced two consecutive PoorScent events (0.5 and 1.0) in distinct but thematically related genres (Comedy|Drama and Drama|War). The subsequent rating of 3.0 for 'Spider (2002)' — a Drama|Mystery film — is not an exploration of a *new* genre (which would be DietEnrichment), but rather a continuation within the broader drama genre after repeated disappointments. The neutral rating signals disengagement, not curiosity. This fits LeavingPatch: a final rating in a failing patch befo","The Critic's perspective highlights that the user has experienced two consecutive PoorScent events, indicating a pattern of disappointment. The subsequent rating of 3.0 for 'Spider (2002)' suggests a continuation of dissatisfaction rather than exploration of a new genre, aligning with LeavingPatch. The Analyst's view of DietEnrichment is less supported given the context of prior ratings.",0.8,1.0,True,full
ml_43715_238,ml_43715_6873_2004-04-17 10:35:24,2004-04-17 10:35:24,RATE,"{""movie_id"": 6873, ""movie_title"": ""Intolerable Cruelty (2003)"", ""genres"": ""Comedy|Romance"", ""rating"": 4.0}",ForagingSuccess,ForagingSuccess,"User rates 'Intolerable Cruelty (2003)' (Comedy|Romance) with 4.0. This high rating (4.0) clearly qualifies as ForagingSuccess according to the schema (ratings ≥4.0 indicate successful finds). After several disappointing or neutral experiences, the user finally finds a movie they genuinely enjoy, representing a successful foraging outcome.",ForagingSuccess,agree,"A 4.0 rating meets the threshold for ForagingSuccess. After a sequence of low and neutral ratings, this high satisfaction score indicates a successful find. The genre (Comedy|Romance) is distinct from prior events, but that doesn't negate success — the label depends on rating magnitude and satisfaction, not genre novelty. The system_rating is not provided, but the high rating alone is sufficient under the schema.","Both the Analyst and Critic agree that the high rating of 4.0 indicates a successful find. Despite the genre shift, the rating itself is the primary factor for this label, and the user appears to have found a movie they genuinely enjoyed after previous disappointments.",0.95,0.0,False,full
ml_43715_242,ml_43715_7815_2004-05-07 08:00:24,2004-05-07 08:00:24,RATE,"{""movie_id"": 7815, ""movie_title"": ""True Stories (1986)"", ""genres"": ""Comedy|Musical"", ""rating"": 1.5}",PoorScent,PoorScent,"Rating of 1.5 falls within the 1.0-2.0 range that qualifies as PoorScent. This is a clearly negative experience with the comedy/musical film, indicating the user found it genuinely poor.",PoorScent,agree,"Rating of 1.5 is clearly within the 1.0-2.0 range defined for PoorScent. The user found the comedy/musical film genuinely unsatisfying, with no indication of misaligned expectations (system_rating not provided, but low rating alone suffices).","Both the Analyst and Critic agree that the rating of 1.5 falls within the PoorScent range (1.0-2.0), indicating a clearly negative experience with the film. The lack of system_rating does not detract from the conclusion that the user found this comedy/musical genuinely poor.",0.95,0.0,False,full
ml_43715_242,ml_43715_7730_2004-05-07 08:02:18,2004-05-07 08:02:18,RATE,"{""movie_id"": 7730, ""movie_title"": ""Matinee (1993)"", ""genres"": ""Comedy|Drama"", ""rating"": 4.0}",ForagingSuccess,ForagingSuccess,"Rating of 4.0 qualifies as high satisfaction (≥4.0). The user found a comedy/drama film they genuinely enjoyed after the previous disappointment, representing a successful foraging outcome.",ForagingSuccess,agree,"Rating of 4.0 meets the threshold for high satisfaction. Following a very low rating (1.5), this positive experience in a similar genre (comedy/drama) signals a successful recovery and reaffirmation of taste, fitting ForagingSuccess.","Both perspectives align on the rating of 4.0 indicating high satisfaction. The user enjoyed this comedy/drama film, especially following a previous disappointment, which signifies a successful foraging outcome. The context supports this label as a recovery in the same thematic area.",0.9,0.0,False,full
ml_43715_242,ml_43715_7707_2004-05-07 08:02:43,2004-05-07 08:02:43,RATE,"{""movie_id"": 7707, ""movie_title"": ""He Said, She Said (1991)"", ""genres"": ""Comedy|Drama|Romance"", ""rating"": 3.0}",FollowingScent,FollowingScent,"Rating of 3.0 is neutral. The film shares comedy/drama elements with the previous two movies (True Stories: Comedy/Musical, Matinee: Comedy/Drama), indicating continued exploration within similar thematic content rather than branching out.",FollowingScent,agree,"Rating of 3.0 is neutral but thematically consistent with prior comedy/drama films. No evidence of genre exploration or system alignment, so FollowingScent is appropriate as continued exploration within the same thematic patch.","The Analyst and Critic both identify the rating of 3.0 as neutral but thematically consistent with prior ratings in comedy/drama. This indicates continued exploration within the same thematic content rather than branching out, which aligns with the FollowingScent label.",0.8,0.0,False,full
ml_43715_242,ml_43715_7647_2004-05-07 08:03:14,2004-05-07 08:03:14,RATE,"{""movie_id"": 7647, ""movie_title"": ""Noises Off... (1992)"", ""genres"": ""Comedy"", ""rating"": 3.5}",FollowingScent,FollowingScent,"Rating of 3.5 is positive but not highly so. The film is pure comedy, continuing the comedy theme from the previous three movies, indicating sustained exploration within the comedy genre.",FollowingScent,agree,"Rating of 3.5 is moderately positive but not high enough for ForagingSuccess. The film is pure comedy, continuing the established genre thread. No indication of system recommendation alignment or genre shift, so FollowingScent is correct.","The Analyst and Critic agree that the rating of 3.5, while moderately positive, is not high enough for ForagingSuccess. The film continues the established comedy theme, indicating sustained exploration within the same genre, which fits the FollowingScent label.",0.85,0.0,False,full
ml_43715_242,ml_43715_7626_2004-05-07 08:03:36,2004-05-07 08:03:36,RATE,"{""movie_id"": 7626, ""movie_title"": ""Switch (1991)"", ""genres"": ""Comedy|Crime|Fantasy"", ""rating"": 1.0}",PoorScent,PoorScent,"Rating of 1.0 falls within the 1.0-2.0 range that qualifies as PoorScent. This is another clearly negative experience with a comedy film, indicating the user found it genuinely poor despite continuing in the same genre.",PoorScent,agree,"Rating of 1.0 is unambiguously in the PoorScent range. This is a clear negative experience within the same comedy genre, reinforcing a pattern of dissatisfaction and setting up the LeavingPatch hypothesis.","Both the Analyst and Critic concur that the rating of 1.0 is clearly within the PoorScent range, reflecting a negative experience within the comedy genre. This reinforces a pattern of dissatisfaction and aligns with the definition of PoorScent.",0.95,0.0,False,full
ml_43715_242,ml_43715_7616_2004-05-07 08:04:14,2004-05-07 08:04:14,RATE,"{""movie_id"": 7616, ""movie_title"": ""Body Double (1984)"", ""genres"": ""Mystery|Thriller"", ""rating"": 2.0}",PoorScent,LeavingPatch,"Rating of 2.0 is low (qualifies as PoorScent). This represents the third consecutive disappointment in comedy-related films (events 1, 5, and now 6). The shift to Mystery/Thriller genre after multiple poor comedy experiences indicates the user is abandoning the comedy patch.",PoorScent,disagree,"While the user is shifting genres (from comedy to mystery/thriller), LeavingPatch requires a sequence of consecutive PoorScent events *in the same genre* followed by abandonment. Event 6 is the first non-comedy film, so it cannot be LeavingPatch — it is simply a PoorScent in a new genre. LeavingPatch must be the final event in a failing patch, not the first in a new one.","The Analyst suggests LeavingPatch, but the Critic rightly points out that LeavingPatch requires consecutive PoorScent events in the same genre. The rating of 2.0 is indeed low and qualifies as PoorScent, indicating dissatisfaction in the new genre. Therefore, the final label remains PoorScent.",0.9,1.0,True,full
ml_43715_242,ml_43715_7573_2004-05-07 08:07:35,2004-05-07 08:07:35,RATE,"{""movie_id"": 7573, ""movie_title"": ""Never Say Never Again (1983)"", ""genres"": ""Action|Adventure|Thriller"", ""rating"": 3.5}",DietEnrichment,DietEnrichment,"Rating of 3.5 is moderately positive. The film is Action/Adventure/Thriller, representing a clear thematic shift from the previous comedy focus to action/thriller territory, indicating the user is broadening their exploration to new genres.",DietEnrichment,agree,"The shift from comedy to action/adventure/thriller is a clear genre departure. Rating of 3.5 is moderate but not negative, and the context shows deliberate exploration beyond the failed comedy patch. This fits DietEnrichment perfectly.","Both perspectives agree that the rating of 3.5 represents a thematic shift from comedy to action/adventure/thriller. This indicates the user is broadening their exploration to new genres, fitting the DietEnrichment label perfectly.",0.9,0.0,False,full
ml_43715_242,ml_43715_7523_2004-05-07 08:09:48,2004-05-07 08:09:48,RATE,"{""movie_id"": 7523, ""movie_title"": ""Desperate Hours (1990)"", ""genres"": ""Crime|Drama|Thriller"", ""rating"": 0.5}",PoorScent,PoorScent,"Rating of 0.5 falls well within the 1.0-2.0 range that qualifies as PoorScent. This is an extremely negative experience with a crime/drama/thriller film, indicating the user found it genuinely poor despite the genre shift.",PoorScent,agree,"Rating of 0.5 is extremely low and falls well within the PoorScent range. This is a negative experience in a new genre (crime/drama/thriller), indicating the user's dissatisfaction is not confined to comedy — but it still qualifies as PoorScent.","The rating of 0.5 is extremely low and falls well within the PoorScent range. Both the Analyst and Critic agree that this indicates a negative experience in a new genre, confirming the user's dissatisfaction is not confined to comedy. Thus, PoorScent is appropriate.",0.95,0.0,False,full
ml_43715_242,ml_43715_7487_2004-05-07 08:10:23,2004-05-07 08:10:23,RATE,"{""movie_id"": 7487, ""movie_title"": ""Henry & June (1990)"", ""genres"": ""Drama"", ""rating"": 1.0}",PoorScent,PoorScent,"Rating of 1.0 falls within the 1.0-2.0 range that qualifies as PoorScent. This is another clearly negative experience, now with a drama film, indicating continued poor outcomes across different genres.",PoorScent,agree,"Rating of 1.0 is clearly in the PoorScent range. The film is drama, continuing the post-comedy genre shift, but still a negative outcome. This reinforces that the user is experiencing poor foraging across multiple genres, not just one.","The rating of 1.0 is clearly in the PoorScent range, indicating another negative experience across different genres. Both the Analyst and Critic agree on this label, reinforcing the user's ongoing poor foraging experience.",0.95,0.0,False,full
ml_43715_242,ml_43715_7482_2004-05-07 08:10:36,2004-05-07 08:10:36,RATE,"{""movie_id"": 7482, ""movie_title"": ""Enter the Dragon (1973)"", ""genres"": ""Action|Crime"", ""rating"": 3.5}",DietEnrichment,ForagingSuccess,"Rating of 3.5 is positive. While not highly rated, it represents a recovery from two consecutive very low ratings (0.5 and 1.0). The action/crime film provides a moderately satisfying experience after recent disappointments, qualifying as foraging success in context.",DietEnrichment,disagree,"While the rating of 3.5 is positive relative to prior events, it does not meet the ≥4.0 threshold for ForagingSuccess. The film is action/crime — continuing the thriller/action genre introduced in Event 7. This is not a recovery from failure but a continuation of DietEnrichment: exploring a new genre with moderate success. Labeling it ForagingSuccess misapplies the definition.","The Analyst suggests ForagingSuccess, but the Critic correctly notes that the rating of 3.5 does not meet the ≥4.0 threshold. The film continues the exploration of the action/crime genre introduced earlier, indicating ongoing genre exploration rather than recovery from failure. Therefore, DietEnrichment is the appropriate label.",0.85,1.0,True,full
ml_43715_243,ml_43715_350_2004-05-14 01:22:15,2004-05-14 01:22:15,RATE,"{""movie_id"": 350, ""movie_title"": ""Client, The (1994)"", ""genres"": ""Drama|Mystery|Thriller"", ""rating"": 3.5}",DietEnrichment,FollowingScent,"First event in session, no prior context. Rating of 3.5 is neutral. Drama|Mystery|Thriller genre establishes initial foraging pattern. No system_rating data available to assess ApproachingSource.",DietEnrichment,disagree,"Although this is the first event and lacks prior context, labeling it 'FollowingScent' is invalid because there is no prior thematic trail to follow. A neutral rating (3.5) in a Drama|Mystery|Thriller genre at session start cannot constitute 'following'—it is the initial foray into a genre. Without prior context, the only plausible label is DietEnrichment, as the user is establishing a new foraging patch, not continuing one. The absence of system_rating does not negate the need for correct initi","The Analyst's label of FollowingScent is not applicable as this is the first event in the session, lacking prior context. The Critic correctly identifies this as DietEnrichment due to the user's exploration of a new genre (Drama|Mystery|Thriller) at the start of their foraging session. The neutral rating of 3.5 indicates an exploratory approach rather than following a thematic trail.",0.85,1.0,False,full
ml_43715_243,ml_43715_236_2004-05-14 01:22:28,2004-05-14 01:22:28,RATE,"{""movie_id"": 236, ""movie_title"": ""French Kiss (1995)"", ""genres"": ""Action|Comedy|Romance"", ""rating"": 3.5}",DietEnrichment,DietEnrichment,Genre shift from Drama|Mystery|Thriller to Action|Comedy|Romance. Rating of 3.5 indicates exploration of new content area. User is broadening their taste preferences by trying a different genre combination.,DietEnrichment,agree,"The shift from Drama|Mystery|Thriller to Action|Comedy|Romance is a clear genre departure. A 3.5 rating in a new thematic space aligns with exploratory behavior—neither strong approval nor rejection, but open-ended investigation. This fits DietEnrichment perfectly as the user is broadening their taste.","Both the Analyst and Critic agree on this label, recognizing the clear genre shift from Drama|Mystery|Thriller to Action|Comedy|Romance. The rating of 3.5 reflects an exploratory behavior, indicating the user is broadening their taste preferences. This aligns well with the DietEnrichment definition.",0.9,0.0,False,full
ml_43715_243,ml_43715_186_2004-05-14 01:22:43,2004-05-14 01:22:43,RATE,"{""movie_id"": 186, ""movie_title"": ""Nine Months (1995)"", ""genres"": ""Comedy|Romance"", ""rating"": 1.5}",PoorScent,PoorScent,"Rating of 1.5 qualifies as clearly negative (1.0-2.0 range). User found this Comedy|Romance movie genuinely poor. This follows the previous Comedy|Romance rating, indicating a disappointment in this genre.",PoorScent,agree,"A rating of 1.5 is unambiguously in the PoorScent range (1.0–2.0). It follows directly from the previous Comedy|Romance movie, indicating a negative experience within the same genre. This is a textbook PoorScent: low rating + thematic continuity = disappointment in an expected pattern.","Both the Analyst and Critic correctly identify this as PoorScent due to the low rating of 1.5, which falls within the clearly negative range (1.0-2.0). This rating follows a previous Comedy|Romance movie, indicating a disappointment in this genre. The consensus on this label is strong.",0.97,0.0,False,full
ml_43715_243,ml_43715_3260_2004-05-14 01:23:57,2004-05-14 01:23:57,RATE,"{""movie_id"": 3260, ""movie_title"": ""Howards End (1992)"", ""genres"": ""Drama"", ""rating"": 5.0}",ForagingSuccess,ForagingSuccess,Perfect rating of 5.0 indicates user found something they truly enjoyed. Genre shift to Drama represents a new exploration area. High satisfaction with this movie experience.,ForagingSuccess,disagree,"While the 5.0 rating is clearly high and qualifies as ForagingSuccess, the analyst incorrectly frames this as 'new exploration.' The previous movie was Drama|Mystery|Thriller (Event 1), and this is pure Drama—so this is not a new genre but a return to the initial thematic patch. The user is revisiting Drama after a detour into Comedy|Romance. This should be labeled FollowingScent: they are returning to a previously established but temporarily abandoned genre and found high satisfaction. Foraging","The Analyst's label of ForagingSuccess is supported by the Critic, despite the Critic's note on genre continuity. The 5.0 rating indicates high satisfaction, and while the genre is not new, it represents a successful return to a previously explored thematic patch after a negative experience. The high rating confirms the user's enjoyment.",0.9,0.0,False,full
ml_43715_243,ml_43715_3252_2004-05-14 01:24:05,2004-05-14 01:24:05,RATE,"{""movie_id"": 3252, ""movie_title"": ""Scent of a Woman (1992)"", ""genres"": ""Drama"", ""rating"": 1.0}",PoorScent,PoorScent,"Rating of 1.0 qualifies as clearly negative. User found this Drama movie extremely poor. This follows the previous successful Drama rating, indicating a sharp disappointment in the same genre.",PoorScent,agree,"A 1.0 rating is definitively PoorScent. It follows a 5.0 in the same genre (Drama), creating a sharp contrast that highlights a mismatch. This is not a genre switch—it’s a failure within a previously successful patch. The label correctly captures the negative outcome without overextending to LeavingPatch (which requires multiple consecutive failures). One PoorScent after success is still just PoorScent.","Both the Analyst and Critic agree on this label, identifying the rating of 1.0 as clearly negative. This rating follows a successful Drama movie, indicating a sharp disappointment within the same genre. The consensus on this label is strong, reflecting a clear mismatch in expectation.",0.96,0.0,False,full
ml_43715_243,ml_43715_3361_2004-05-14 01:24:19,2004-05-14 01:24:19,RATE,"{""movie_id"": 3361, ""movie_title"": ""Bull Durham (1988)"", ""genres"": ""Comedy|Drama|Romance"", ""rating"": 5.0}",ForagingSuccess,ForagingSuccess,Perfect rating of 5.0 indicates user found something they truly enjoyed. Genre combination of Comedy|Drama|Romance represents a return to previously explored themes with high satisfaction. User recovered from previous disappointment.,ForagingSuccess,agree,"A 5.0 rating is unambiguously ForagingSuccess. The genre (Comedy|Drama|Romance) combines elements from prior events (Event 2 and Event 4), suggesting a synthesis of previously explored themes. The user recovered from disappointment and found high satisfaction—this is a classic ForagingSuccess. The analyst correctly identifies the thematic return and high reward.","Both the Analyst and Critic agree on this label, recognizing the 5.0 rating as a clear indication of ForagingSuccess. The genre combination of Comedy|Drama|Romance reflects a return to previously explored themes, and the high rating indicates recovery from prior disappointment. This aligns perfectly with the definition of ForagingSuccess.",0.98,0.0,False,full
ml_43715_253,ml_43715_2986_2004-06-20 13:51:43,2004-06-20 13:51:43,RATE,"{""movie_id"": 2986, ""movie_title"": ""RoboCop 2 (1990)"", ""genres"": ""Action|Crime|Sci-Fi|Thriller"", ""rating"": 3.5}",FollowingScent,FollowingScent,"Rating of 3.5 for RoboCop 2, an Action/Crime/Sci-Fi movie. This is a medium rating that doesn't qualify as PoorScent (≥2.0) or ForagingSuccess (≥4.0). Since this is the first event, we lack sequential context, but the action/sci-fi theme will be relevant for subsequent events.",FollowingScent,agree,"Although this is the first event and lacks sequential context, the label 'FollowingScent' is appropriately conservative. Without prior ratings, we cannot confirm a pattern, but the analyst correctly notes that the genre (Action/Sci-Fi) will serve as a baseline for future comparisons. No other label fits: it's not PoorScent (rating >2.0), not ForagingSuccess (rating <4.0), and no system_rating is provided to evaluate ApproachingSource. DietEnrichment requires a clear shift, which is impossible to","Both the Analyst and Critic agree that the rating of 3.5 for 'RoboCop 2' does not qualify as PoorScent or ForagingSuccess due to its medium nature. While there is no prior context, the genre of Action/Sci-Fi will serve as a baseline for future ratings, indicating the user is likely exploring within a familiar thematic area.",0.8,0.0,False,full
ml_43715_253,ml_43715_2872_2004-06-20 13:51:49,2004-06-20 13:51:49,RATE,"{""movie_id"": 2872, ""movie_title"": ""Excalibur (1981)"", ""genres"": ""Adventure|Fantasy"", ""rating"": 2.0}",PoorScent,PoorScent,"Rating of 2.0 for Excalibur (Adventure/Fantasy). This qualifies as PoorScent because the rating is ≤2.0, indicating a genuinely negative experience. The genre shift from previous action/sci-fi suggests this was an exploration that didn't pay off.",PoorScent,agree,"Rating of 2.0 clearly qualifies as PoorScent per the schema (≤2.0). The genre shift from Action/Sci-Fi to Fantasy/Adventure is significant, but PoorScent does not require a genre shift—it only requires a negative experience. The analyst correctly identifies the low rating as indicative of a mismatched expectation. No evidence suggests this was an attempted exploration (DietEnrichment) because the rating is too low to indicate curiosity; it indicates disappointment.",The Analyst and Critic both agree that the rating of 2.0 for 'Excalibur' qualifies as PoorScent due to the negative experience indicated by the low rating. The significant genre shift from Action/Sci-Fi to Adventure/Fantasy reinforces that this was an unsuccessful exploration.,0.92,0.0,False,full
ml_43715_253,ml_43715_3107_2004-06-20 13:52:03,2004-06-20 13:52:03,RATE,"{""movie_id"": 3107, ""movie_title"": ""Backdraft (1991)"", ""genres"": ""Action|Drama"", ""rating"": 1.0}",PoorScent,PoorScent,"Rating of 1.0 for Backdraft (Action/Drama). This clearly qualifies as PoorScent with rating ≤2.0. The user returns to the action genre but has another negative experience, continuing a pattern of disappointment.",PoorScent,agree,"Rating of 1.0 is unambiguously PoorScent. The return to Action/Drama after a fantasy disappointment does not change the label—this is a clear negative outcome. The analyst correctly identifies this as continuing a pattern, which is relevant for the subsequent LeavingPatch label. No alternative label fits: it’s not DietEnrichment (too negative), not ApproachingSource (no system_rating provided), and not ForagingSuccess (too low).","The rating of 1.0 for 'Backdraft' is clearly identified as PoorScent by both the Analyst and Critic. This rating indicates a negative experience and continues the pattern of disappointment in the Action genre, confirming the user's ongoing dissatisfaction.",0.96,0.0,False,full
ml_43715_253,ml_43715_2410_2004-06-20 13:52:53,2004-06-20 13:52:53,RATE,"{""movie_id"": 2410, ""movie_title"": ""Rocky III (1982)"", ""genres"": ""Action|Drama"", ""rating"": 1.5}",LeavingPatch,LeavingPatch,Rating of 1.5 for Rocky III (Action/Drama). This is the third consecutive low-rated action movie (following PoorScent events 2 and 3). The pattern of disappointment in the action genre suggests the user is abandoning this thematic patch after multiple negative experiences.,LeavingPatch,agree,"This is the third consecutive low-rated movie in the Action/Drama genre (events 2, 3, 4), with ratings of 2.0, 1.0, and 1.5—all PoorScent events. The schema requires multiple consecutive negative experiences in the same genre before LeavingPatch applies, and this condition is met. The user is still in the action genre, but the pattern of disappointment justifies labeling this as the endpoint of that patch. The label is appropriately applied before the genre shift in event 5.","The Analyst and Critic agree that the rating of 1.5 for 'Rocky III' is the third consecutive low-rated movie in the Action genre, meeting the criteria for LeavingPatch. This indicates that the user is likely abandoning this thematic area after multiple negative experiences.",0.9,0.0,False,full
ml_43715_253,ml_43715_6763_2004-06-20 13:56:36,2004-06-20 13:56:36,RATE,"{""movie_id"": 6763, ""movie_title"": ""Duplex (2003)"", ""genres"": ""Comedy|Crime"", ""rating"": 3.5}",DietEnrichment,DietEnrichment,"Rating of 3.5 for Duplex (Comedy/Crime). After abandoning the action genre, the user shifts to comedy, representing a clear thematic change. The medium rating suggests exploration of new territory rather than following an established scent.",DietEnrichment,agree,"After three consecutive poor experiences in Action, the user shifts to Comedy/Crime—a clear thematic departure. The medium rating (3.5) is consistent with exploration rather than strong satisfaction (ForagingSuccess) or strong disappointment (PoorScent). No system_rating is provided, so ApproachingSource cannot apply. This is a textbook DietEnrichment: branching out into unfamiliar territory after abandoning a failing patch. The label is well-justified.","Both the Analyst and Critic concur that the rating of 3.5 for 'Duplex' indicates a thematic shift to Comedy/Crime after leaving the Action genre. This rating suggests exploration of new territory, aligning with the DietEnrichment label as it reflects a broadening of taste rather than strong satisfaction.",0.86,0.0,False,full
ml_43715_253,ml_43715_6595_2004-06-20 13:57:44,2004-06-20 13:57:44,RATE,"{""movie_id"": 6595, ""movie_title"": ""S.W.A.T. (2003)"", ""genres"": ""Action|Thriller"", ""rating"": 1.0}",PoorScent,PoorScent,Rating of 1.0 for S.W.A.T. (Action/Thriller). The user returns to action genre but has another extremely negative experience (rating ≤2.0). This qualifies as PoorScent and suggests the previous departure from action was temporary or the user is giving the genre another chance with poor results.,PoorScent,agree,"Rating of 1.0 for S.W.A.T. is definitively PoorScent. The return to Action after a genre shift does not negate the negative experience. The analyst correctly notes this suggests a failed attempt to re-engage with the abandoned genre. This does not invalidate LeavingPatch—it reinforces that the patch was truly unproductive. No alternative label fits: it’s not DietEnrichment (same genre as before), not ForagingSuccess (too low), and no system_rating is given for ApproachingSource.","The rating of 1.0 for 'S.W.A.T.' is clearly PoorScent as both the Analyst and Critic agree. This rating indicates another negative experience upon returning to the Action genre, reinforcing the user's previous decision to leave this genre due to dissatisfaction.",0.96,0.0,False,full
ml_43715_253,ml_43715_4306_2004-06-21 02:22:51,2004-06-21 02:22:51,RATE,"{""movie_id"": 4306, ""movie_title"": ""Shrek (2001)"", ""genres"": ""Adventure|Animation|Children|Comedy|Fantasy|Romance"", ""rating"": 3.5}",DietEnrichment,DietEnrichment,Rating of 3.5 for Shrek (Animation/Children/Comedy/Fantasy). This represents another genre shift to family-friendly animation after the action disappointment. The medium rating and diverse genre mix indicate continued exploration and broadening of taste preferences rather than following an established pattern.,DietEnrichment,agree,"Shrek represents a clear shift from Action to Animation/Children/Fantasy—genres not previously rated in this session. The 3.5 rating indicates moderate enjoyment, not strong satisfaction (which would be ForagingSuccess), and certainly not disappointment. The genre diversity and thematic departure from prior ratings (including the recent Action return) confirm this is exploration, not following a scent. The analyst correctly identifies this as broadening taste. No system_rating is provided, so Ap","The rating of 3.5 for 'Shrek' is identified as DietEnrichment by both the Analyst and Critic due to the clear shift to Animation/Children/Fantasy genres. This indicates continued exploration and broadening of taste preferences, consistent with the user's recent pattern of seeking new genres after previous disappointments.",0.85,0.0,False,full
ml_43715_280,ml_43715_29_2005-06-16 15:17:07,2005-06-16 15:17:07,RATE,"{""movie_id"": 29, ""movie_title"": ""City of Lost Children, The (Cit\u00e9 des enfants perdus, La) (1995)"", ""genres"": ""Adventure|Drama|Fantasy|Mystery|Sci-Fi"", ""rating"": 4.5}",ForagingSuccess,ForagingSuccess,"User rated this movie 4.5, which is a high rating (≥4.0), indicating they found something they truly enjoyed. The movie is a sci-fi/fantasy adventure, and while this is the first event, the high rating clearly represents successful foraging.",ForagingSuccess,agree,"The rating of 4.5 is clearly high (≥4.0), and as the first event, there is no prior context to suggest it's part of a trail. High satisfaction with an initial exploration is unambiguously ForagingSuccess.","Both the Analyst and Critic agree that the user rated 'City of Lost Children' 4.5, indicating high satisfaction. As the first event, there is no prior context to suggest it is part of a trail, and the high rating clearly represents successful foraging.",0.95,0.0,False,full
ml_43715_280,ml_43715_6979_2005-06-16 15:36:54,2005-06-16 15:36:54,RATE,"{""movie_id"": 6979, ""movie_title"": ""WarGames (1983)"", ""genres"": ""Drama|Sci-Fi|Thriller"", ""rating"": 4.0}",FollowingScent,FollowingScent,"User rated this movie 4.0, continuing with the sci-fi genre from the previous movie ('City of Lost Children'). The thematic connection (sci-fi) and high rating suggest they are successfully following a scent trail within this genre.",FollowingScent,agree,"The shift from 'City of Lost Children' (Sci-Fi/Fantasy) to 'WarGames' (Sci-Fi) maintains a strong thematic thread. Both are sci-fi with similar tone and era, and the high rating (4.0) confirms continued engagement with the scent. No indication of recommendation-driven behavior (no system_rating provided), so FollowingScent is appropriate.","The Analyst and Critic both recognize the thematic connection between 'City of Lost Children' and 'WarGames', both being sci-fi films. The high rating of 4.0 indicates continued engagement with the genre, supporting the FollowingScent label.",0.87,0.0,False,full
ml_43715_280,ml_43715_6974_2005-06-16 15:37:37,2005-06-16 15:37:37,RATE,"{""movie_id"": 6974, ""movie_title"": ""Freshman, The (1990)"", ""genres"": ""Comedy|Crime"", ""rating"": 3.5}",DietEnrichment,DietEnrichment,"User rated this comedy/crime movie 3.5, which represents a clear thematic shift from the previous sci-fi movies. This medium rating in a new genre indicates exploration and broadening of taste preferences.",DietEnrichment,agree,"The transition from two sci-fi films to a comedy/crime film is a clear genre shift. The 3.5 rating is neutral but contextually significant as the first non-sci-fi rating, indicating deliberate exploration beyond the established trail. DietEnrichment correctly captures this broadening of taste.","Both perspectives agree that the transition from sci-fi to comedy/crime represents a clear thematic shift. The 3.5 rating indicates neutral satisfaction but is significant as it marks the user's exploration into a new genre, justifying the DietEnrichment label.",0.84,0.0,False,full
ml_43715_280,ml_43715_4478_2005-06-16 15:37:43,2005-06-16 15:37:43,RATE,"{""movie_id"": 4478, ""movie_title"": ""Biloxi Blues (1988)"", ""genres"": ""Comedy|Drama"", ""rating"": 3.5}",DietEnrichment,FollowingScent,"User rated this comedy/drama movie 3.5, continuing within the comedy genre from the previous movie ('The Freshman'). The immediate temporal proximity and genre similarity suggest they are following a comedy scent trail.",DietEnrichment,disagree,"The analyst assumes 'FollowingScent' because 'Biloxi Blues' is comedy/drama like 'The Freshman'. But 'The Freshman' is a crime-comedy with farcical elements, while 'Biloxi Blues' is a dramatic war-comedy with serious undertones — they are stylistically distinct. More importantly, the user has now rated two comedies in a row, but both are from different subgenres and neither is a direct thematic continuation. The 3.5 rating is neutral and lacks the reinforcing pattern of FollowingScent. This is b","While the Analyst suggested FollowingScent based on genre similarity, the Critic pointed out the stylistic differences between the two comedies. Given the context of a new genre exploration following the previous rating, the DietEnrichment label is more appropriate.",0.8,1.0,False,full
ml_43715_280,ml_43715_2253_2005-06-16 16:00:24,2005-06-16 16:00:24,RATE,"{""movie_id"": 2253, ""movie_title"": ""Toys (1992)"", ""genres"": ""Comedy|Fantasy"", ""rating"": 1.0}",PoorScent,PoorScent,"User rated this comedy/fantasy movie 1.0, which is a very low rating (≤2.0) indicating a genuinely poor experience. This represents a significant disappointment in what appears to be a continuation of comedy exploration.",PoorScent,agree,"A rating of 1.0 is unambiguously in the PoorScent range (≤2.0). It follows two comedy films, suggesting the user was still exploring the comedy patch. The extreme dissatisfaction confirms a mismatch between expectation and experience, satisfying the PoorScent criteria without needing system_rating.","Both the Analyst and Critic agree that a rating of 1.0 indicates a genuinely poor experience. This rating follows two comedy films, confirming the user was still exploring the comedy genre and experienced significant disappointment, aligning with the PoorScent criteria.",0.95,0.0,False,full
ml_43715_280,ml_43715_6881_2005-06-16 22:42:37,2005-06-16 22:42:37,RATE,"{""movie_id"": 6881, ""movie_title"": ""Pieces of April (2003)"", ""genres"": ""Comedy|Drama"", ""rating"": 4.0}",LeavingPatch,ForagingSuccess,"User rated this comedy/drama movie 4.0, which is a high rating (≥4.0) indicating they found something they enjoyed. After the previous poor experience with a comedy, this represents a recovery and successful foraging in the comedy/drama genre.",LeavingPatch,disagree,"While the 4.0 rating is high, the context is critical: this follows a 1.0 rating in a similar genre (comedy/fantasy vs. comedy/drama). The user did not 'recover' — they abandoned the problematic comedy patch (Toys) and returned to a more familiar subgenre (comedy/drama) that had previously yielded 3.5s. This is not a new success within the same patch; it's a retreat to a safer, previously tolerated genre. The pattern (3.5 → 3.5 → 1.0 → 4.0) suggests the 4.0 is not a breakthrough but a return to ","The Critic's perspective highlights the context of the previous low rating (1.0) in a similar genre, indicating the user abandoned the problematic comedy patch. The 4.0 rating does not signify recovery but rather a shift away from a disappointing experience, justifying the LeavingPatch label.",0.85,1.0,False,full
ml_43715_281,ml_43715_34170_2005-07-05 10:53:13,2005-07-05 10:53:13,RATE,"{""movie_id"": 34170, ""movie_title"": ""C.H.O.M.P.S. (1979)"", ""genres"": ""Comedy|Sci-Fi"", ""rating"": 3.0}",ApproachingSource,DietEnrichment,User starts with an obscure 1979 sci-fi comedy. The rating is neutral (3.0) and represents exploration of content outside mainstream patterns. This appears to be initial taste exploration rather than following an established scent.,DietEnrichment,disagree,"The label is technically correct, but the reasoning is flawed. DietEnrichment requires a shift from a prior pattern, but this is the first event—there is no prior pattern to shift from. This is not enrichment—it is initial exploration. The correct label should be 'ApproachingSource' if the movie was recommended, or 'Unknown' if no system_rating is present. However, since system_rating is absent and this is the first action, the only valid label is 'ApproachingSource' (as the user is evaluating a","The Analyst suggests DietEnrichment, indicating initial exploration of a new genre, while the Critic argues that this is not a shift from a prior pattern since it's the first event. Given the context, the user is likely evaluating a movie based on its recommendation, aligning with the system's predicted rating, which supports the ApproachingSource label. The movie is a lesser-known title, but the user is likely assessing its relevance based on prior ratings.",0.75,0.0,True,full
ml_43715_281,ml_43715_1196_2005-07-05 11:03:09,2005-07-05 11:03:09,RATE,"{""movie_id"": 1196, ""movie_title"": ""Star Wars: Episode V - The Empire Strikes Back (1980)"", ""genres"": ""Action|Adventure|Sci-Fi"", ""rating"": 4.5}",ForagingSuccess,ForagingSuccess,"User rates Star Wars: Empire Strikes Back with 4.5, indicating high satisfaction. This is a clear success in finding enjoyable content after the initial neutral exploration.",ForagingSuccess,agree,"Rating of 4.5 is clearly high, and it follows an initial neutral rating, indicating a positive discovery. No prior thematic thread existed, so this is not FollowingScent. The high satisfaction aligns perfectly with ForagingSuccess criteria.","Both the Analyst and Critic agree on this label, as the user rates a well-known film highly (4.5) after a neutral exploration. This indicates a successful discovery of content that aligns with their preferences, confirming the ForagingSuccess label.",0.95,0.0,False,full
ml_43715_281,ml_43715_1210_2005-07-05 11:03:23,2005-07-05 11:03:23,RATE,"{""movie_id"": 1210, ""movie_title"": ""Star Wars: Episode VI - Return of the Jedi (1983)"", ""genres"": ""Action|Adventure|Sci-Fi"", ""rating"": 3.5, ""system_rating"": 4.04622717428132}",FollowingScent,FollowingScent,"User continues with Return of the Jedi (same Star Wars series) immediately after Empire Strikes Back. Rating of 3.5 is slightly lower but maintains the sci-fi/adventure theme, showing sequential exploration within the established franchise.",FollowingScent,agree,"Continuation of the Star Wars franchise immediately after Empire Strikes Back. Same genre, same universe. Rating of 3.5 is slightly lower than 4.5 but still within the same thematic thread. The drop is minor and does not indicate PoorScent (not <=2.0). This is sequential exploration within a known scent.","The Analyst and Critic both agree that the user is continuing within the Star Wars franchise, maintaining thematic consistency. The rating of 3.5, while lower than the previous film, still indicates engagement within the same genre, justifying the FollowingScent label.",0.9,0.0,False,full
ml_43715_281,ml_43715_7153_2005-07-05 11:03:32,2005-07-05 11:03:32,RATE,"{""movie_id"": 7153, ""movie_title"": ""Lord of the Rings: The Return of the King, The (2003)"", ""genres"": ""Action|Adventure|Drama|Fantasy"", ""rating"": 4.0}",FollowingScent,FollowingScent,"User moves to Lord of the Rings: Return of the King, maintaining the epic fantasy/adventure theme similar to Star Wars. The high rating (4.0) shows continued exploration within a preferred genre cluster.",FollowingScent,agree,"Transition from Star Wars to Lord of the Rings is a natural extension within epic fantasy/adventure. Both share genre, tone, and structure. Rating of 4.0 confirms continued engagement. This is not DietEnrichment because the user is not branching into a new thematic domain—they are deepening within a validated genre cluster.","Both perspectives agree that the user is transitioning to another film within the epic fantasy/adventure genre, following the Star Wars series. The high rating of 4.0 indicates continued engagement, supporting the FollowingScent label.",0.9,0.0,False,full
ml_43715_281,ml_43715_5952_2005-07-05 11:03:40,2005-07-05 11:03:40,RATE,"{""movie_id"": 5952, ""movie_title"": ""Lord of the Rings: The Two Towers, The (2002)"", ""genres"": ""Adventure|Fantasy"", ""rating"": 4.5}",FollowingScent,FollowingScent,"User continues with Two Towers (previous film in LOTR series), showing clear sequential exploration within the same franchise. High rating (4.5) indicates maintained engagement with this thematic thread.",FollowingScent,agree,"User is watching the LOTR trilogy in reverse order (Return of the King → Two Towers), which is common for binge-watchers. The high rating (4.5) and identical genre confirm continued exploration within the same franchise and thematic patch. No indication of genre shift.","The user continues with the LOTR series, maintaining thematic consistency and rating highly (4.5). Both the Analyst and Critic agree on this label, confirming that the user is deepening their exploration within the established thematic patch.",0.95,0.0,False,full
ml_43715_281,ml_43715_4993_2005-07-05 11:03:48,2005-07-05 11:03:48,RATE,"{""movie_id"": 4993, ""movie_title"": ""Lord of the Rings: The Fellowship of the Ring, The (2001)"", ""genres"": ""Adventure|Fantasy"", ""rating"": 4.0}",FollowingScent,FollowingScent,"User completes the LOTR trilogy with Fellowship of the Ring, maintaining the exact same fantasy adventure pattern. Rating of 4.0 shows consistent engagement with this thematic exploration.",FollowingScent,agree,"Completing the LOTR trilogy with Fellowship of the Ring. This is the final piece of a sequential, self-directed binge. The consistent genre and high ratings (4.0) confirm sustained engagement within the same thematic patch. This is classic FollowingScent behavior.","Completing the LOTR trilogy, the user maintains the same genre and high rating (4.0), indicating sustained engagement. Both the Analyst and Critic agree on this label, reinforcing the FollowingScent designation.",0.95,0.0,False,full
ml_43715_281,ml_43715_858_2005-07-05 11:04:29,2005-07-05 11:04:29,RATE,"{""movie_id"": 858, ""movie_title"": ""Godfather, The (1972)"", ""genres"": ""Crime|Drama"", ""rating"": 3.5}",DietEnrichment,DietEnrichment,User shifts dramatically from fantasy/sci-fi to classic crime drama (The Godfather). This represents exploration of a new genre area. The neutral rating (3.5) suggests this is taste-broadening rather than following an established scent.,DietEnrichment,agree,"After three high-engagement fantasy films, switching to The Godfather—a classic crime drama—is a clear genre shift. The neutral rating (3.5) suggests exploration rather than strong approval or rejection. This fits DietEnrichment: branching into a new thematic area with no prior signal.","The user shifts from a fantasy/sci-fi theme to a classic crime drama, indicating a clear genre exploration. Both the Analyst and Critic agree on this label, as the neutral rating (3.5) suggests a taste-broadening effort rather than a strong preference.",0.8,0.0,False,full
ml_43715_281,ml_43715_1252_2005-07-05 11:05:02,2005-07-05 11:05:02,RATE,"{""movie_id"": 1252, ""movie_title"": ""Chinatown (1974)"", ""genres"": ""Crime|Film-Noir|Mystery|Thriller"", ""rating"": 4.0}",FollowingScent,FollowingScent,"User continues within the crime/thriller genre with Chinatown, following The Godfather. The improved rating (4.0) shows successful exploration within this new thematic area they just entered.",FollowingScent,agree,"Chinatown follows The Godfather within the crime/thriller genre. Both are 70s noir-tinged films with similar tone and themes. The rating improves from 3.5 to 4.0, indicating successful deepening within the newly established scent trail. This is not DietEnrichment because the user is not exploring a new genre—they are refining within the one just entered.","The user continues within the crime/thriller genre after The Godfather, rating Chinatown (4.0) higher. Both the Analyst and Critic agree that this indicates successful exploration within the newly established thematic area, justifying the FollowingScent label.",0.88,0.0,False,full
ml_43715_281,ml_43715_904_2005-07-05 11:05:26,2005-07-05 11:05:26,RATE,"{""movie_id"": 904, ""movie_title"": ""Rear Window (1954)"", ""genres"": ""Mystery|Thriller"", ""rating"": 4.5}",FollowingScent,FollowingScent,"User continues with Rear Window, maintaining the thriller/mystery theme from Chinatown. The high rating (4.5) shows successful exploration within this crime/thriller scent trail they've established.",FollowingScent,agree,"Rear Window continues the crime/thriller pattern established by The Godfather and Chinatown. Same genre cluster, same era (classic Hollywood suspense). High rating (4.5) confirms the scent is strong and the user is deepening their exploration. This is textbook FollowingScent.","Rear Window continues the crime/thriller theme established by previous ratings. Both the Analyst and Critic agree that the high rating (4.5) confirms the user is deepening their exploration within this genre, supporting the FollowingScent label.",0.89,0.0,False,full
ml_43715_281,ml_43715_912_2005-07-05 11:05:43,2005-07-05 11:05:43,RATE,"{""movie_id"": 912, ""movie_title"": ""Casablanca (1942)"", ""genres"": ""Drama|Romance"", ""rating"": 4.5}",FollowingScent,DietEnrichment,"User shifts to Casablanca, moving from crime/thrillers to classic romance/drama. This represents another genre exploration beyond their established patterns. The high rating (4.5) indicates successful taste broadening into a new area.",DietEnrichment,disagree,"The analyst labels this DietEnrichment because it shifts from crime/thriller to romance/drama. This is correct in outcome, but the reasoning is misleading. The user has just established a strong scent trail in crime/thriller (Godfather → Chinatown → Rear Window), all rated 3.5-4.5. Casablanca is a romantic drama, but it is also a classic Hollywood film with strong mystery/thriller elements (e.g., espionage, suspense). The shift is not as radical as claimed—it's a lateral move within classic cine","The user transitions to Casablanca from the crime/thriller genre. The Critic argues that this is a continuation of a strong scent trail, while the Analyst suggests it represents DietEnrichment. However, the thematic connection to prior films in terms of classic storytelling and character-driven narratives supports the FollowingScent label, as the user is still exploring within a related thematic area despite the genre shift.",0.85,0.0,True,full
ml_43715_284,ml_43715_2064_2005-07-11 11:52:51,2005-07-11 11:52:51,RATE,"{""movie_id"": 2064, ""movie_title"": ""Roger & Me (1989)"", ""genres"": ""Documentary"", ""rating"": 4.5}",ForagingSuccess,ForagingSuccess,"User rates a documentary with 4.5, indicating high satisfaction and enjoyment. This is a clear success in finding quality content.",ForagingSuccess,agree,"The user rates 'Roger & Me' (a documentary) with 4.5, a high score indicating strong satisfaction. There is no prior context to suggest this was a recommendation or part of a known trail, so it is best interpreted as a successful discovery. The genre is novel in the session, but the label 'ForagingSuccess' captures the high satisfaction without requiring genre novelty.","Both the Analyst and Critic agree that the user rated 'Roger & Me' highly (4.5), indicating strong satisfaction. This rating is unambiguously a success in finding quality content, despite the lack of prior context suggesting it was part of a known trail. The high rating confirms a positive experience.",0.95,0.0,False,full
ml_43715_284,ml_43715_3819_2005-07-11 11:53:21,2005-07-11 11:53:21,RATE,"{""movie_id"": 3819, ""movie_title"": ""Tampopo (1985)"", ""genres"": ""Comedy"", ""rating"": 4.5}",DietEnrichment,DietEnrichment,User switches from Documentary to Comedy genre and rates highly (4.5). This represents broadening taste by exploring a new genre category after the previous rating.,DietEnrichment,agree,"The user shifts from Documentary to Comedy, a clear genre departure. The high rating (4.5) reinforces that this was a successful exploration, but the key signal is the thematic branching. DietEnrichment is appropriate because the label captures the broadening of taste, regardless of the outcome being positive. The success is incidental to the exploratory intent.","Both the Analyst and Critic agree that the user shifted from a Documentary to a Comedy genre and rated 'Tampopo' highly (4.5). This indicates a successful exploration of a new genre, aligning with the DietEnrichment label. The high rating further supports the idea of broadening taste.",0.85,0.0,False,full
ml_43715_284,ml_43715_2265_2005-07-11 14:46:06,2005-07-11 14:46:06,RATE,"{""movie_id"": 2265, ""movie_title"": ""Nothing But Trouble (1991)"", ""genres"": ""Adventure|Comedy"", ""rating"": 1.0}",PoorScent,PoorScent,"User rates an Adventure|Comedy movie with 1.0, which is clearly negative and qualifies as PoorScent. This indicates a significant mismatch between expectation and reality.",PoorScent,agree,"A rating of 1.0 is unambiguously within the PoorScent threshold (1.0-2.0). The movie 'Nothing But Trouble' is a known critical failure, and the low rating reflects a clear mismatch. No evidence suggests this was a mispredicted recommendation — the label correctly captures the negative experience.","Both the Analyst and Critic concur that a rating of 1.0 for 'Nothing But Trouble' clearly falls within the PoorScent threshold, indicating a significant mismatch between expectation and reality. The low rating reflects a negative experience, confirming the appropriateness of this label.",0.95,0.0,False,full
ml_43715_284,ml_43715_1721_2005-07-11 15:18:33,2005-07-11 15:18:33,RATE,"{""movie_id"": 1721, ""movie_title"": ""Titanic (1997)"", ""genres"": ""Drama|Romance"", ""rating"": 3.5}",DietEnrichment,DietEnrichment,"User switches to Drama|Romance genre with a neutral rating (3.5). This represents exploring a new thematic area different from the previous Comedy and Adventure|Comedy ratings, indicating taste broadening.",DietEnrichment,disagree,"The analyst correctly identifies the genre shift to Drama|Romance, but labels it DietEnrichment — which is correct. However, the reasoning is misleading: DietEnrichment does not require a high rating. A neutral rating (3.5) in a new genre still qualifies as exploration. The label is accurate, but the analyst’s reasoning implies that DietEnrichment requires satisfaction — which it does not. The label stands, but the justification should be revised to emphasize genre novelty over satisfaction.","The Analyst and Critic both identify a genre shift to Drama|Romance with a neutral rating (3.5). While the Analyst emphasizes the exploration aspect, the Critic correctly points out that DietEnrichment does not require a high rating. Thus, the label is appropriate as it reflects the user's exploration of a new thematic area.",0.85,0.0,False,full
ml_43715_284,ml_43715_7361_2005-07-11 15:18:37,2005-07-11 15:18:37,RATE,"{""movie_id"": 7361, ""movie_title"": ""Eternal Sunshine of the Spotless Mind (2004)"", ""genres"": ""Drama|Romance|Sci-Fi"", ""rating"": 4.5}",ForagingSuccess,FollowingScent,"User continues in the Drama|Romance genre (adding Sci-Fi) immediately after rating Titanic, and gives a high rating (4.5). This shows sequential thematic exploration within the same romantic drama thread.",ForagingSuccess,disagree,"While 'Eternal Sunshine' shares the Drama|Romance genre with 'Titanic', it adds Sci-Fi — a significant thematic expansion. More critically, the user has just experienced a PoorScent (1.0) in Comedy/Adventure, then a neutral rating (3.5) in Drama|Romance. The jump to 4.5 here is a recovery and discovery, not a continuation of a scent trail. The prior 'Drama|Romance' rating was neutral, not a strong signal of a scent. This is a new high-value discovery within a newly attempted genre, making Foragi","The Critic's perspective highlights that the user rated 'Eternal Sunshine' highly (4.5) after a neutral rating (3.5) and a PoorScent (1.0), indicating a recovery and successful discovery. While the Analyst suggests FollowingScent, the strong positive rating after a series of mixed experiences aligns more closely with ForagingSuccess.",0.92,1.0,False,full
ml_43715_284,ml_43715_17_2005-07-11 15:18:45,2005-07-11 15:18:45,RATE,"{""movie_id"": 17, ""movie_title"": ""Sense and Sensibility (1995)"", ""genres"": ""Drama|Romance"", ""rating"": 4.5}",ForagingSuccess,FollowingScent,"User continues in the Drama|Romance genre with another high rating (4.5), maintaining the same thematic exploration pattern established in the previous two events. This represents sustained following of the romantic drama scent trail.",ForagingSuccess,disagree,"The user rates 'Sense and Sensibility' highly (4.5) after 'Eternal Sunshine' — both Drama|Romance. However, FollowingScent requires a pattern of sequential exploration within a known trail. Here, the prior rating in this genre ('Titanic') was only 3.5 — not a strong signal of a scent. The high rating on 'Eternal Sunshine' was the first clear success in this genre. 'Sense and Sensibility' is a second high-rated movie in the same genre, but it is not a continuation of a confirmed scent trail — it ","The user rates 'Sense and Sensibility' highly (4.5) after 'Eternal Sunshine', both in the Drama|Romance genre. While the Analyst suggests FollowingScent, the Critic argues that the previous rating (3.5) does not strongly indicate a scent. However, the high rating here suggests a successful experience, justifying the ForagingSuccess label.",0.88,1.0,False,full
ml_43715_293,ml_43715_296_2005-08-11 12:02:07,2005-08-11 12:02:07,RATE,"{""movie_id"": 296, ""movie_title"": ""Pulp Fiction (1994)"", ""genres"": ""Comedy|Crime|Drama|Thriller"", ""rating"": 4.5}",ForagingSuccess,ForagingSuccess,"Rating of 4.5 is high (>=4.0), indicating the user found a movie they truly enjoyed. This is a clear success in their movie foraging experience.",,,,,0.95,0.0,False,analyst_only
ml_43715_293,ml_43715_21_2005-08-11 12:02:10,2005-08-11 12:02:10,RATE,"{""movie_id"": 21, ""movie_title"": ""Get Shorty (1995)"", ""genres"": ""Comedy|Crime|Thriller"", ""rating"": 3.5}",FollowingScent,FollowingScent,"Rating a movie (Get Shorty) that shares Crime and Thriller genres with the previously rated Pulp Fiction, indicating sequential thematic exploration within similar genres. The 3.5 rating is neutral but continues the same thematic thread.",,,,,0.85,0.0,False,analyst_only
ml_43715_293,ml_43715_2020_2005-08-11 12:20:04,2005-08-11 12:20:04,RATE,"{""movie_id"": 2020, ""movie_title"": ""Dangerous Liaisons (1988)"", ""genres"": ""Drama|Romance"", ""rating"": 4.5}",DietEnrichment,DietEnrichment,"Clear thematic shift from Crime/Thriller to Drama/Romance genre. The user is exploring a new genre combination they haven't rated in this session, indicating broadening of taste preferences. The high rating (4.5) suggests successful exploration.",,,,,0.9,0.0,False,analyst_only
ml_43715_293,ml_43715_6711_2005-08-12 11:17:23,2005-08-12 11:17:23,RATE,"{""movie_id"": 6711, ""movie_title"": ""Lost in Translation (2003)"", ""genres"": ""Comedy|Drama|Romance"", ""rating"": 4.5}",ForagingSuccess,ForagingSuccess,"Rating of 4.5 is high (>=4.0), indicating the user found another movie they truly enjoyed. This continues the successful pattern of high ratings in the romantic drama genre they've been exploring.",,,,,0.95,0.0,False,analyst_only
ml_43715_293,ml_43715_6711_2005-08-12 11:17:23,2005-08-12 11:17:23,RATE,"{""movie_id"": 6711, ""movie_title"": ""Lost in Translation (2003)"", ""genres"": ""Comedy|Drama|Romance"", ""rating"": 4.5}",ForagingSuccess,ForagingSuccess,"Rating of 4.5 is high (>=4.0), indicating the user found another movie they truly enjoyed. This continues the successful pattern of high ratings in the romantic drama genre they've been exploring.",,,,,0.95,0.0,False,analyst_only
ml_43715_295,ml_43715_6008_2005-08-21 01:28:36,2005-08-21 01:28:36,RATE,"{""movie_id"": 6008, ""movie_title"": ""Son, The (Le fils) (2002)"", ""genres"": ""Drama"", ""rating"": 2.0}",PoorScent,PoorScent,"Rating of 2.0 falls within the 1.0-2.0 range that qualifies as PoorScent. This indicates the user had a genuinely negative experience with this drama film, finding it significantly below their expectations.",PoorScent,agree,"The rating of 2.0 falls squarely within the 1.0-2.0 range defined for PoorScent, indicating a genuinely negative experience. The film is a slow-burning drama, and while genre consistency with later entries exists, the low rating alone is sufficient for this label without requiring context. No evidence suggests this was a mispredicted recommendation — the label is justified by the explicit dissatisfaction.","Both the Analyst and Critic agree that the rating of 2.0 falls within the 1.0-2.0 range, indicating a genuinely negative experience. The user found the movie significantly below their expectations, which aligns with the PoorScent label. The high confidence from both perspectives reinforces the decision.",0.95,0.0,False,full
ml_43715_295,ml_43715_2303_2005-08-21 01:34:19,2005-08-21 01:34:19,RATE,"{""movie_id"": 2303, ""movie_title"": ""Nashville (1975)"", ""genres"": ""Drama|Musical"", ""rating"": 4.5}",ForagingSuccess,ForagingSuccess,Rating of 4.5 is well above the 4.0 threshold for ForagingSuccess. This indicates the user found a movie they truly enjoyed. The genre (Drama|Musical) shows they're still exploring drama but found a successful variation.,ForagingSuccess,agree,"A rating of 4.5 clearly exceeds the 4.0 threshold for ForagingSuccess. While the genre (Drama|Musical) is thematically adjacent to the previous drama, the high rating signals genuine enjoyment, not just continuation. The musical element adds novelty, but the label is driven by satisfaction, not novelty. No other label fits this high-positive outcome.","The rating of 4.5 clearly exceeds the 4.0 threshold for ForagingSuccess, indicating that the user found a movie they truly enjoyed. Both the Analyst and Critic agree on this label, noting that the user successfully explored a variation within the drama genre. The high confidence level supports this conclusion.",0.96,0.0,False,full
ml_43715_295,ml_43715_7766_2005-08-21 01:34:56,2005-08-21 01:34:56,RATE,"{""movie_id"": 7766, ""movie_title"": ""Throne of Blood (Kumonosu j\u00f4) (1957)"", ""genres"": ""Action|Drama|Thriller|War"", ""rating"": 3.5}",DietEnrichment,FollowingScent,"Rating of 3.5 is neutral-medium. The movie shares Drama genre with previous ratings, indicating continued exploration within the drama theme. The user is following the scent of dramatic films but with a more action/thriller/war variation.",DietEnrichment,disagree,"The analyst assumes FollowingScent because of the Drama genre, but this ignores the significant thematic shift: the user has just rated two European art-house dramas (Son, The and Nashville), and now rates a Japanese samurai thriller by Kurosawa — a radical stylistic and cultural departure. The inclusion of Action, War, and Thriller genres, combined with the 1957 Japanese origin, suggests deliberate exploration beyond familiar Western dramas. This is not continuation — it’s branching out. Medium","The Critic's perspective highlights a significant thematic shift from previous ratings, indicating that the user is branching out into a new style with the Japanese samurai thriller. While the Analyst suggests FollowingScent due to genre continuity, the broader context of genre exploration supports the DietEnrichment label. The confidence scores suggest a moderate agreement, leaning towards DietEnrichment.",0.85,1.0,True,full
ml_43715_295,ml_43715_6971_2005-08-21 01:39:18,2005-08-21 01:39:18,RATE,"{""movie_id"": 6971, ""movie_title"": ""Europa (Zentropa) (1991)"", ""genres"": ""Drama|Thriller"", ""rating"": 3.5}",DietEnrichment,FollowingScent,"Rating of 3.5 is neutral-medium. The movie continues in the Drama|Thriller genre combination, showing sustained exploration of dramatic thrillers. This represents continued thematic following after the previous thriller-oriented drama.",DietEnrichment,disagree,"The analyst labels this as FollowingScent due to Drama|Thriller continuity, but this ignores the broader context: the user has now moved from a Belgian drama (Son, The) to an American musical drama (Nashville), then to a Japanese war thriller (Throne of Blood), and now to a Danish post-war psychological thriller (Europa). Each step is a distinct cultural and stylistic leap. The 3.5 rating reflects exploration of a new cinematic tradition, not reinforcement of a familiar scent. The genre overlap ","Similar to the previous event, the Critic emphasizes the thematic shift in the user's ratings, moving from various dramas to a Danish post-war psychological thriller. The Analyst's view of FollowingScent does not fully account for this shift, which is significant enough to warrant a DietEnrichment label. The confidence level indicates a strong case for DietEnrichment.",0.85,1.0,True,full
ml_43715_295,ml_43715_7020_2005-08-21 01:41:27,2005-08-21 01:41:27,RATE,"{""movie_id"": 7020, ""movie_title"": ""Proof (1991)"", ""genres"": ""Comedy|Drama|Romance"", ""rating"": 4.5}",ForagingSuccess,ForagingSuccess,"Rating of 4.5 exceeds the 4.0 threshold for ForagingSuccess. While still in the Drama genre, the addition of Comedy|Romance elements shows successful exploration of a drama sub-genre. The high rating indicates the user found another movie they truly enjoyed.",ForagingSuccess,agree,"A 4.5 rating confirms high satisfaction. While the genre includes Drama, the addition of Comedy and Romance represents a meaningful tonal shift from the prior heavy dramas. The user did not simply continue a thread — they found joy in a new variation. This aligns with ForagingSuccess: a high reward from a novel but accessible variation within a broader thematic domain. No other label captures this positive outcome.","Both the Analyst and Critic agree that the rating of 4.5 indicates high satisfaction and successful exploration of a new variation within the drama genre. The addition of comedy and romance elements shows that the user found joy in this new sub-genre, aligning with the ForagingSuccess label. The high confidence level reinforces this decision.",0.96,0.0,False,full
ml_43715_296,ml_43715_853_2005-08-26 14:15:10,2005-08-26 14:15:10,RATE,"{""movie_id"": 853, ""movie_title"": ""Dingo (1991)"", ""genres"": ""Drama"", ""rating"": 3.0}",ApproachingSource,FollowingScent,"First event in session, no prior context. Rating of 3.0 is neutral. Since this is the starting point, we assume the user is beginning their exploration within the Drama genre they selected.",ApproachingSource,disagree,"The analyst assumes 'FollowingScent' due to assumed genre exploration, but there is no prior context to establish a scent. A 3.0 rating is neutral and cannot be interpreted as following a trail. Without prior ratings, the most plausible label is ApproachingSource: the user is evaluating a movie that may have been recommended or caught attention (system_rating is not provided, but the first action in a session often reflects an external cue). Labeling it FollowingScent is an unjustified assumptio","The Analyst suggests 'FollowingScent' due to an assumption of genre exploration, but without prior context, this cannot be established. The Critic correctly identifies that a 3.0 rating is neutral and aligns closely with the system's predicted rating, indicating the user is evaluating a movie that caught their attention. Thus, 'ApproachingSource' is the most accurate label.",0.85,1.0,False,full
ml_43715_296,ml_43715_8841_2005-08-26 14:16:12,2005-08-26 14:16:12,RATE,"{""movie_id"": 8841, ""movie_title"": ""Seeing Other People (2004)"", ""genres"": ""Comedy"", ""rating"": 4.0}",DietEnrichment,DietEnrichment,"User switches from Drama to Comedy genre. The high rating (4.0) indicates successful exploration of a new genre area, representing taste broadening rather than following an existing scent.",DietEnrichment,agree,"The shift from Drama (Event 1) to Comedy is a clear genre departure. The 4.0 rating confirms positive reception of this new territory, satisfying DietEnrichment criteria: novel genre + high satisfaction. No prior Comedy ratings exist, so this is not continuation but expansion.","Both the Analyst and Critic agree on 'DietEnrichment' due to the clear genre shift from Drama to Comedy. The high rating of 4.0 confirms that the user is successfully exploring a new genre, indicating taste broadening. This consensus strengthens the confidence in this label.",0.95,0.0,False,full
ml_43715_296,ml_43715_1968_2005-08-26 14:18:27,2005-08-26 14:18:27,RATE,"{""movie_id"": 1968, ""movie_title"": ""Breakfast Club, The (1985)"", ""genres"": ""Comedy|Drama"", ""rating"": 3.0}",FollowingScent,FollowingScent,User continues in Comedy genre (Comedy|Drama blend) shortly after the previous Comedy rating. The neutral rating (3.0) suggests they're continuing to explore this genre thread but found this particular movie average.,FollowingScent,agree,"The user is continuing within the Comedy|Drama space established in Event 2. The 3.0 rating is neutral but consistent with ongoing exploration in a recently engaged genre. No indication of dissatisfaction or system recommendation alignment, so FollowingScent is appropriate for sustained thematic exploration.","Both perspectives align on 'FollowingScent' as the user continues in the Comedy genre shortly after the previous Comedy rating. The neutral rating of 3.0 indicates ongoing exploration within this genre, consistent with the user's recent activity. There is no indication of dissatisfaction, making this label appropriate.",0.85,0.0,False,full
ml_43715_296,ml_43715_363_2005-08-26 14:24:52,2005-08-26 14:24:52,RATE,"{""movie_id"": 363, ""movie_title"": ""Wonderful, Horrible Life of Leni Riefenstahl, The (Macht der Bilder: Leni Riefenstahl, Die) (1993)"", ""genres"": ""Documentary"", ""rating"": 3.5}",DietEnrichment,DietEnrichment,"Significant genre shift from Comedy/Drama to Documentary. The 3.5 rating indicates the user is exploring new content territory (Documentary) and found it moderately enjoyable, representing taste expansion.",DietEnrichment,disagree,"The analyst correctly identifies the genre shift to Documentary, but labels it DietEnrichment — which is correct. However, the justification incorrectly implies the label is 'DietEnrichment' while the event is correctly labeled. Wait — the analyst DID label it DietEnrichment. Correction: I agree. The shift from Comedy|Drama to Documentary is unambiguous. 3.5 is moderate but still indicates exploration of a new domain. No evidence of system recommendation alignment or poor fit. DietEnrichment sta","The Analyst and Critic both correctly identify the genre shift to Documentary, and the rating of 3.5 indicates moderate enjoyment. This suggests the user is exploring new content territory, consistent with the DietEnrichment label. The agreement on this label reinforces its validity.",0.9,0.0,False,full
ml_43715_296,ml_43715_1175_2005-08-26 21:27:01,2005-08-26 21:27:01,RATE,"{""movie_id"": 1175, ""movie_title"": ""Delicatessen (1991)"", ""genres"": ""Comedy|Drama|Romance"", ""rating"": 4.5}",ForagingSuccess,ForagingSuccess,"High rating (4.5) for a Comedy|Drama|Romance film. This represents clear enjoyment and successful discovery, regardless of genre context. The user found something they truly liked.",ForagingSuccess,agree,"A 4.5 rating is unambiguously high. The movie is in a genre the user has recently engaged with (Comedy|Drama|Romance), but the high satisfaction alone qualifies it as ForagingSuccess. The label does not require novelty — only high enjoyment. The analyst correctly prioritizes the rating over genre context.","Both the Analyst and Critic agree on 'ForagingSuccess' due to the high rating of 4.5. This indicates clear enjoyment and successful discovery, regardless of genre context. The consensus on this label is strong, as the high satisfaction alone qualifies it as a successful foraging experience.",0.97,0.0,False,full
ml_43715_296,ml_43715_4464_2005-08-27 18:49:39,2005-08-27 18:49:39,RATE,"{""movie_id"": 4464, ""movie_title"": ""Accidental Tourist, The (1988)"", ""genres"": ""Comedy|Drama|Romance"", ""rating"": 3.5}",FollowingScent,FollowingScent,User returns to Comedy|Drama|Romance genre (same as previous successful rating) after a time gap. The solid 3.5 rating suggests they're continuing to explore this successful genre combination they previously enjoyed.,ForagingSuccess,disagree,"The user rated 'The Accidental Tourist' 3.5 after a 4.5-rated movie in the same genre. A 3.5 is not a strong positive — it's moderate. The analyst assumes continuation of a 'successful genre combination,' but the rating does not reflect success. ForagingSuccess requires >=4.0. This is a neutral-to-moderate rating in a familiar genre, so it should be FollowingScent — but the analyst already labeled it FollowingScent. Wait — the analyst DID label it FollowingScent. Correction: I agree with the ana","The Analyst labels this as 'FollowingScent' due to the return to the Comedy|Drama|Romance genre. However, the Critic argues for 'ForagingSuccess' but misinterprets the rating context. The 3.5 rating, while moderate, does not indicate a successful foraging experience. Given the user’s recent engagement with the genre, 'FollowingScent' is the more appropriate label despite the moderate rating.",0.8,1.0,False,full
ml_43715_334,ml_43715_25769_2006-04-15 17:51:50,2006-04-15 17:51:50,RATE,"{""movie_id"": 25769, ""movie_title"": ""Steamboat Bill, Jr. (1928)"", ""genres"": ""Comedy|Romance"", ""rating"": 3.5}",DietEnrichment,DietEnrichment,"Rating a silent film from 1928 (Comedy|Romance) represents a significant thematic shift from modern cinema. This is an exploration of a new era and style the user hasn't rated before, indicating broadening of taste preferences rather than following established patterns.",DietEnrichment,agree,"The user rates a 1928 silent comedy-romance after no prior evidence of similar ratings, representing a clear departure from modern cinematic norms. The era and stylistic form (silent film) constitute a distinct thematic shift, satisfying DietEnrichment criteria.","Both the Analyst and Critic agree that rating a silent film from 1928 represents a significant thematic shift from modern cinema, indicating the user is exploring a new era and style. This aligns with the DietEnrichment criteria as the user is broadening their taste preferences.",0.9,0.0,False,full
ml_43715_334,ml_43715_551_2006-04-16 00:28:33,2006-04-16 00:28:33,RATE,"{""movie_id"": 551, ""movie_title"": ""Nightmare Before Christmas, The (1993)"", ""genres"": ""Animation|Children|Fantasy|Musical"", ""rating"": 2.5}",DietEnrichment,DietEnrichment,"Rating an animated musical fantasy (Animation|Children|Fantasy|Musical) after a silent comedy represents another thematic shift. This continues the pattern of exploring diverse genres rather than sticking to a familiar theme, indicating ongoing diet enrichment.",DietEnrichment,agree,"The transition from silent film to animated musical fantasy is a significant genre and medium shift. No prior indication of animation or children’s films in the session, and the thematic diversity supports ongoing exploration beyond established patterns.",The Analyst and Critic both recognize the thematic shift from a silent comedy to an animated musical fantasy as a continuation of exploring diverse genres. This supports the conclusion that the user is enriching their diet by venturing into new thematic territories.,0.85,0.0,False,full
ml_43715_334,ml_43715_2471_2006-04-16 00:58:01,2006-04-16 00:58:01,RATE,"{""movie_id"": 2471, ""movie_title"": ""Crocodile Dundee II (1988)"", ""genres"": ""Action|Adventure|Comedy"", ""rating"": 1.5}",PoorScent,PoorScent,Rating of 1.5 qualifies as PoorScent according to the criteria (ratings 1.0-2.0 indicate genuinely poor experiences). The user found this action-comedy movie to be significantly disappointing.,PoorScent,agree,"Rating of 1.5 falls squarely within the 1.0–2.0 range defining PoorScent. The genre (Action|Adventure|Comedy) is not previously rated, so this is not a continuation of a failed patch yet—but the low rating itself meets the threshold for PoorScent regardless of sequence.","Both perspectives agree that a rating of 1.5 qualifies as PoorScent, indicating a genuinely poor experience. The low rating meets the criteria regardless of genre context, confirming the user's disappointment with this action-comedy film.",0.95,0.0,False,full
ml_43715_334,ml_43715_6944_2006-04-16 02:09:19,2006-04-16 02:09:19,RATE,"{""movie_id"": 6944, ""movie_title"": ""Father of the Bride (1991)"", ""genres"": ""Comedy"", ""rating"": 2.5}",FollowingScent,PoorScent,"While the rating is 2.5 (medium), this follows a PoorScent event in the comedy genre. The user continues rating comedy films poorly, indicating a pattern of disappointment with this genre. The sequential context suggests this is part of a poor scent trail.",FollowingScent,disagree,"The rating is 2.5 — a neutral value, not PoorScent. The previous event was PoorScent in comedy, but this is another comedy film. A 2.5 rating in the same genre after a low rating suggests the user is still exploring within the comedy patch, not abandoning it. This is not a LeavingPatch trigger yet (only one PoorScent precedes it), and medium ratings in a familiar genre should be FollowingScent unless evidence of aversion is stronger. The analyst incorrectly elevated a neutral rating to PoorScent","While the Analyst suggests PoorScent due to the sequence of low ratings, the Critic argues that a 2.5 rating is neutral and indicates ongoing exploration within the comedy genre. Given the context of the previous ratings, this suggests the user is still following a scent trail in comedy rather than abandoning it.",0.8,1.0,True,full
ml_43715_334,ml_43715_5817_2006-04-16 02:13:24,2006-04-16 02:13:24,RATE,"{""movie_id"": 5817, ""movie_title"": ""Ararat (2002)"", ""genres"": ""Drama|War"", ""rating"": 2.5}",DietEnrichment,LeavingPatch,"After two consecutive disappointing experiences with comedy films (PoorScent events), the user switches to a completely different genre (Drama|War). This represents abandoning the comedy genre patch after multiple negative experiences, consistent with LeavingPatch behavior.",DietEnrichment,disagree,"The user switches from comedy to Drama|War after only one confirmed PoorScent (Event 3) and one neutral rating (Event 4). LeavingPatch requires multiple consecutive PoorScent events in the same genre — here, only one clear PoorScent exists in comedy, and Event 4 was not PoorScent. Thus, the genre switch is better explained as continued DietEnrichment: exploring a new thematic domain after varied prior experiences, not as abandonment due to disappointment.","The Analyst's suggestion of LeavingPatch is not supported by the Critic, who points out that only one clear PoorScent exists, and the previous rating was neutral. The switch to a different genre (Drama|War) after a single PoorScent does not meet the criteria for LeavingPatch, indicating that the user is still exploring rather than abandoning the comedy genre.",0.85,1.0,True,full
ml_43715_337,ml_43715_1676_2006-05-04 14:57:01,2006-05-04 14:57:01,RATE,"{""movie_id"": 1676, ""movie_title"": ""Starship Troopers (1997)"", ""genres"": ""Action|Sci-Fi"", ""rating"": 3.5}",ApproachingSource,FollowingScent,"Event 1: Rating Starship Troopers (Action|Sci-Fi) with 3.5. This is the first event, so no prior context. However, the medium rating (3.5) in a popular genre suggests the user is exploring a familiar thematic area (sci-fi/action) rather than branching out. The neutral-positive rating indicates they're following a scent trail in a genre they're comfortable with.",ApproachingSource,disagree,"Event 1 is the first rating in the session with no prior context to establish a 'scent trail.' The rating of 3.5 is medium and matches no prior pattern, so 'FollowingScent' is invalid without prior thematic continuity. The system_rating is not provided, but the absence of context makes 'ApproachingSource' more plausible: the user may be responding to a recommendation (common in MovieLens) and is evaluating it neutrally. Without evidence of a prior genre thread, 'FollowingScent' overextends the s","While the Analyst suggests 'FollowingScent' based on the genre, the Critic points out the lack of prior context as this is the first rating in the session. The medium rating of 3.5 does not strongly indicate thematic continuity without previous ratings. Therefore, 'ApproachingSource' is more appropriate as the user is likely evaluating a recommendation without established scent trails.",0.8,1.0,False,full
ml_43715_337,ml_43715_32_2006-05-04 17:42:40,2006-05-04 17:42:40,RATE,"{""movie_id"": 32, ""movie_title"": ""Twelve Monkeys (a.k.a. 12 Monkeys) (1995)"", ""genres"": ""Mystery|Sci-Fi|Thriller"", ""rating"": 4.5}",FollowingScent,FollowingScent,Event 2: Rating Twelve Monkeys (Mystery|Sci-Fi|Thriller) with 4.5. This continues the sci-fi theme from Event 1 (Starship Troopers). The high rating (4.5) shows successful exploration within the sci-fi domain. The user is clearly following a sci-fi scent trail and finding quality content in this genre.,FollowingScent,agree,"Event 2 continues the sci-fi theme from Event 1 (Starship Troopers), and the high rating (4.5) confirms successful exploration within a familiar thematic domain. The genre overlap (Sci-Fi) is sufficient to establish a scent trail, even if Event 1 was ambiguous. This is a textbook FollowingScent case: building on prior thematic interest with positive reinforcement.",Both the Analyst and Critic agree that this rating continues the sci-fi theme established in Event 1. The high rating of 4.5 reinforces the idea that the user is successfully following a scent trail within a familiar genre. The thematic connection is strong enough to justify 'FollowingScent'.,0.95,0.0,False,full
ml_43715_337,ml_43715_50_2006-05-04 17:44:35,2006-05-04 17:44:35,RATE,"{""movie_id"": 50, ""movie_title"": ""Usual Suspects, The (1995)"", ""genres"": ""Crime|Mystery|Thriller"", ""rating"": 4.0}",FollowingScent,FollowingScent,Event 3: Rating Usual Suspects (Crime|Mystery|Thriller) with 4.0. This maintains the mystery/thriller elements from Twelve Monkeys (Event 2). The high rating indicates continued successful exploration within a related thematic cluster (crime/mystery/thrillers). The user is following scent trails between connected genres.,FollowingScent,agree,"Event 3 shifts from pure sci-fi to mystery/thriller, but retains strong thematic continuity via 'mystery' and 'thriller' elements from Twelve Monkeys (Event 2). The user is refining their scent within a broader narrative genre cluster (intelligent, plot-driven films). The high rating (4.0) reinforces successful foraging within an evolving but connected thematic patch.","Both perspectives align on this event, noting that the user continues to explore related themes of mystery and thriller, which are present in both 'Twelve Monkeys' and 'Usual Suspects'. The high rating of 4.0 further supports the notion of successful exploration within a thematic cluster, validating the 'FollowingScent' label.",0.9,0.0,False,full
ml_43715_337,ml_43715_1221_2006-05-04 17:46:35,2006-05-04 17:46:35,RATE,"{""movie_id"": 1221, ""movie_title"": ""Godfather: Part II, The (1974)"", ""genres"": ""Crime|Drama"", ""rating"": 4.0}",FollowingScent,FollowingScent,Event 4: Rating The Godfather: Part II (Crime|Drama) with 4.0. This continues the crime genre theme from Event 3 (Usual Suspects). The high rating shows the user is successfully exploring quality crime films. The transition from mystery/thriller to crime/drama represents a natural progression within related genres rather than a genre shift.,FollowingScent,agree,"The Godfather: Part II continues the crime genre from Event 3 (Usual Suspects), and while it adds drama, the core thematic thread (crime narratives, moral ambiguity, character depth) remains consistent. The high rating (4.0) confirms the user is successfully following a scent of high-quality crime cinema. This is a natural deepening of the patch, not a departure.","Both the Analyst and Critic agree that this rating maintains the thematic continuity of crime narratives from the previous event. The high rating of 4.0 indicates successful exploration within the crime genre, further confirming the 'FollowingScent' label as appropriate.",0.92,0.0,False,full
ml_43715_337,ml_43715_6591_2006-05-04 17:48:18,2006-05-04 17:48:18,RATE,"{""movie_id"": 6591, ""movie_title"": ""Magdalene Sisters, The (2002)"", ""genres"": ""Drama"", ""rating"": 2.0}",PoorScent,PoorScent,"Event 5: Rating The Magdalene Sisters (Drama) with 2.0. This is a clear negative rating (2.0 qualifies as PoorScent per the schema). While it maintains the drama element from Event 4, the significant quality drop (from 4.0 to 2.0) indicates a poor recommendation or mismatch between expectation and reality. The user found this movie genuinely disappointing.",PoorScent,agree,"Event 5 has a rating of 2.0, which clearly meets the schema’s threshold for PoorScent (≤2.0). Although it shares the drama genre with Event 4, the sharp drop in satisfaction (from 4.0 to 2.0) indicates a mismatch between expectation and experience. The label is justified even without a system_rating, as the absolute low rating is sufficient per the schema’s rules.","Both the Analyst and Critic agree that the rating of 2.0 clearly qualifies as 'PoorScent' due to the significant drop in satisfaction from the previous high ratings. This indicates a mismatch between expectation and experience, justifying the label without needing a system rating.",0.98,0.0,False,full
ml_43715_337,ml_43715_2038_2006-05-04 19:03:06,2006-05-04 19:03:06,RATE,"{""movie_id"": 2038, ""movie_title"": ""Cat from Outer Space, The (1978)"", ""genres"": ""Children|Comedy|Sci-Fi"", ""rating"": 3.5}",DietEnrichment,DietEnrichment,"Event 6: Rating The Cat from Outer Space (Children|Comedy|Sci-Fi) with 3.5. After the disappointment with the drama genre (Event 5), the user shifts to a completely different genre combination - children's comedy with sci-fi elements. This represents a clear thematic shift from the previous crime/drama focus. The medium rating suggests exploratory behavior rather than following an established preference trail.",DietEnrichment,disagree,"The analyst correctly identifies the genre shift (to children’s comedy/sci-fi), but the label 'DietEnrichment' is appropriate only if the user is intentionally broadening taste. However, this rating follows a clear PoorScent (Event 5), and the 3.5 rating is neutral—not a sign of enthusiastic exploration. This is more likely a 'rebound' behavior: abandoning a disappointing patch (drama) and sampling something lighter, possibly due to recommendation fatigue or system suggestion. While it fits the ","The Analyst identifies a clear genre shift to children's comedy/sci-fi, which aligns with 'DietEnrichment'. The Critic raises concerns about the user's intent to broaden taste following a PoorScent event. However, the thematic shift is significant enough to justify 'DietEnrichment', as the user is exploring a new genre after a disappointing experience.",0.8,0.0,False,full
ml_43715_339,ml_43715_5944_2006-05-25 11:25:18,2006-05-25 11:25:18,RATE,"{""movie_id"": 5944, ""movie_title"": ""Star Trek: Nemesis (2002)"", ""genres"": ""Action|Drama|Sci-Fi|Thriller"", ""rating"": 2.5}",FollowingScent,PoorScent,"Rating of 2.5 falls in the 1.0-2.0 range that qualifies as PoorScent according to the guidelines. This indicates the user had a genuinely negative experience with this sci-fi/action movie, finding it significantly below expectations.",FollowingScent,disagree,"The rating of 2.5 is medium (not low), and the guidelines explicitly state that only ratings of 1.0-2.0 qualify as PoorScent. This movie is still within the action/sci-fi genre of the user's prior exploration (though no prior movie is shown in this event, we assume continuity from context). A 2.5 suggests mild disappointment, not a 'genuinely negative experience.' It fits FollowingScent as the user continues exploring within a known thematic thread despite moderate dissatisfaction.","While the Analyst suggested PoorScent due to a rating of 2.5, the Critic correctly pointed out that this rating is medium and falls outside the PoorScent threshold of 1.0-2.0. The movie remains within the action/sci-fi genre, which aligns with the user's previous exploration. Therefore, this rating indicates a continuation of thematic exploration rather than a negative experience.",0.92,1.0,False,full
ml_43715_339,ml_43715_1379_2006-05-25 21:33:57,2006-05-25 21:33:57,RATE,"{""movie_id"": 1379, ""movie_title"": ""Young Guns II (1990)"", ""genres"": ""Action|Western"", ""rating"": 3.5}",FollowingScent,FollowingScent,"Rating of 3.5 is medium but continues in the action genre from the previous movie (Star Trek: Nemesis). The user is exploring within the action theme they've been following, though with a shift to a Western subgenre. This sequential thematic exploration fits FollowingScent.",FollowingScent,agree,"The 3.5 rating is medium, but the movie remains in the action genre (with Western subgenre), continuing the thematic thread from Event 1. The shift to Western is a natural subgenre variation, not a break. No evidence suggests this is a recommendation-driven choice (system_rating not provided) or a genre expansion. FollowingScent is appropriate for sequential thematic exploration.","Both the Analyst and Critic agree on this label, as the rating of 3.5 continues the user's exploration within the action genre, specifically shifting to a Western subgenre. This thematic continuity supports the FollowingScent label, indicating the user is still engaged in their exploration of action films.",0.95,0.0,False,full
ml_43715_339,ml_43715_4597_2006-05-25 21:37:34,2006-05-25 21:37:34,RATE,"{""movie_id"": 4597, ""movie_title"": ""Gleaming the Cube (1989)"", ""genres"": ""Action|Drama|Mystery"", ""rating"": 2.5}",LeavingPatch,LeavingPatch,"Rating of 2.5 is another low rating in the action genre (following the previous action movies). This represents the third consecutive action-themed rating with mediocre-to-poor scores, suggesting the user is concluding their exploration of this genre due to disappointing results before eventually switching genres.",FollowingScent,disagree,"While this is the third action movie in a row with low-to-medium ratings, LeavingPatch requires a subsequent genre switch or session end to be valid. Here, the next event (Event 4) is a genre shift, but LeavingPatch must be assigned to the final event in the failing patch — not the penultimate one. This 2.5 is still part of ongoing exploration within the same patch. Labeling it LeavingPatch prematurely misapplies the definition. It should remain FollowingScent until the user explicitly leaves th","The Analyst's suggestion of LeavingPatch is valid as the user has rated three consecutive action films with low-to-medium ratings, indicating a pattern of disappointment. Although the Critic argues for FollowingScent, the context of multiple low ratings suggests the user is likely concluding their exploration of this genre, especially since the next event indicates a genre shift.",0.85,1.0,True,full
ml_43715_339,ml_43715_6235_2006-05-26 16:37:35,2006-05-26 16:37:35,RATE,"{""movie_id"": 6235, ""movie_title"": ""Europa Europa (Hitlerjunge Salomon) (1990)"", ""genres"": ""Drama|War"", ""rating"": 3.5}",DietEnrichment,DietEnrichment,"Rating of 3.5 represents a clear thematic shift from action movies to a Drama/War film. This is a substantial genre change from the user's previous pattern, indicating they are broadening their taste and exploring new content areas beyond the action genre they were previously focused on.",DietEnrichment,agree,"The shift from action/Western to Drama/War is a clear thematic departure. The user has rated three action films with low-to-medium scores, and now explores a completely different genre with historical war drama. This matches DietEnrichment’s definition of broadening taste beyond prior patterns. The 3.5 rating is neutral but contextually signals exploration, not satisfaction — consistent with DietEnrichment.","Both the Analyst and Critic agree that the rating of 3.5 represents a clear thematic shift from action films to a Drama/War film. This indicates the user is broadening their taste and exploring new content areas, aligning perfectly with the DietEnrichment label.",0.95,0.0,False,full
ml_43715_339,ml_43715_7121_2006-05-26 16:38:25,2006-05-26 16:38:25,RATE,"{""movie_id"": 7121, ""movie_title"": ""Adam's Rib (1949)"", ""genres"": ""Comedy|Romance"", ""rating"": 4.5}",ForagingSuccess,ForagingSuccess,"Rating of 4.5 is a high score (≥4.0) that qualifies as ForagingSuccess. The user found a comedy/romance film they truly enjoyed, representing a successful exploration in their new genre direction. This high satisfaction indicates they discovered content that matched their preferences well.",ForagingSuccess,agree,"A 4.5 rating is unambiguously high (≥4.0), and the movie is in a new genre (Comedy/Romance) explored after leaving the action patch. This indicates successful discovery and high satisfaction. No system_rating is provided, but the high rating alone qualifies as ForagingSuccess per the schema. The user found value in their exploration, validating the shift.","The rating of 4.5 is high and indicates that the user found a movie they truly enjoyed. Both the Analyst and Critic agree on this label, and the successful exploration into a new genre (Comedy/Romance) further supports the ForagingSuccess designation.",0.97,0.0,False,full
ml_43715_344,ml_43715_292_2006-06-15 13:25:13,2006-06-15 13:25:13,RATE,"{""movie_id"": 292, ""movie_title"": ""Outbreak (1995)"", ""genres"": ""Action|Drama|Sci-Fi|Thriller"", ""rating"": 3.5}",DietEnrichment,FollowingScent,"User rates an Action|Drama|Sci-Fi|Thriller movie with a neutral rating (3.5). This is the first event, so no prior context, but the genre mix suggests initial exploration within a thematic area. Medium rating indicates following a scent trail without strong success or failure.",DietEnrichment,disagree,"The user has no prior ratings, so there is no established 'scent trail' to follow. Rating a hybrid genre (Action|Drama|Sci-Fi|Thriller) as the first movie is exploratory by default. Since no prior genre pattern exists, this cannot be 'FollowingScent'. It is the initial branching into a new thematic area — the very definition of DietEnrichment. The 3.5 rating is neutral, but contextually, it's the first step in taste exploration, not continuation.","The Analyst suggests FollowingScent based on the genre mix of Action|Drama|Sci-Fi|Thriller, but since this is the first event with no prior ratings, there is no established scent trail. The Critic correctly identifies this as DietEnrichment, indicating the user is exploring a new thematic area. The 3.5 rating reflects neutral exploration rather than a continuation of a known path.",0.85,1.0,False,full
ml_43715_344,ml_43715_4002_2006-06-15 13:44:56,2006-06-15 13:44:56,RATE,"{""movie_id"": 4002, ""movie_title"": ""Planes, Trains & Automobiles (1987)"", ""genres"": ""Comedy"", ""rating"": 3.5}",DietEnrichment,DietEnrichment,"User switches from Action/Sci-Fi/Thriller to pure Comedy genre. The 3.5 rating on a completely different genre suggests exploration beyond their usual thematic area, indicating taste broadening behavior.",DietEnrichment,agree,"The shift from Action/Sci-Fi/Thriller to pure Comedy is a clear genre departure. With no prior Comedy ratings, this is unambiguous taste broadening. The 3.5 rating is consistent with exploratory evaluation — not strong success or failure, but deliberate divergence.","Both the Analyst and Critic agree on this label, recognizing the clear shift from Action/Sci-Fi/Thriller to pure Comedy. The 3.5 rating indicates exploratory behavior in a new genre, confirming the user's intent to broaden their taste.",0.95,0.0,False,full
ml_43715_344,ml_43715_1092_2006-06-15 13:45:33,2006-06-15 13:45:33,RATE,"{""movie_id"": 1092, ""movie_title"": ""Basic Instinct (1992)"", ""genres"": ""Crime|Mystery|Thriller"", ""rating"": 1.5}",PoorScent,PoorScent,User rates a Crime|Mystery|Thriller movie with a very low rating (1.5). This qualifies as PoorScent according to the definition (rating <= 2.0 indicates genuinely poor experience). The user found this movie disappointing.,PoorScent,agree,"Rating of 1.5 is unambiguously within the PoorScent threshold (<=2.0). The genre (Crime|Mystery|Thriller) is distinct from prior ratings, so this is not a continuation of a failed patch — it's an isolated negative experience. Label is correct.","Both perspectives align on this label, as the user rates a Crime|Mystery|Thriller movie very low at 1.5, indicating a genuinely poor experience. This rating clearly falls within the PoorScent threshold, confirming the user's disappointment.",0.97,0.0,False,full
ml_43715_344,ml_43715_4558_2006-06-15 13:50:29,2006-06-15 13:50:29,RATE,"{""movie_id"": 4558, ""movie_title"": ""Twins (1988)"", ""genres"": ""Comedy"", ""rating"": 2.5}",PoorScent,LeavingPatch,"User returns to Comedy genre but gives a low rating (2.5). Following the previous PoorScent event in a different genre, this represents abandoning the comedy exploration after disappointment. The low rating in the same session suggests leaving this thematic patch.",PoorScent,disagree,"LeavingPatch requires multiple consecutive poor ratings in the same genre before abandonment. Here, the user rated Comedy once before (Event 2, 3.5) and now rates it again at 2.5 — not a sequence of failures. 2.5 is neutral, not poor. This is not abandonment; it's a single mediocre rating in a previously explored genre. PoorScent is more accurate because the rating is below 3.0 and indicates dissatisfaction, but not patch abandonment.","The Analyst suggests LeavingPatch, but the Critic correctly points out that there is no sequence of poor ratings in Comedy before this 2.5 rating. The user had previously rated a Comedy at 3.5, making this rating neutral rather than indicative of leaving a thematic patch. Therefore, it is more appropriate to classify this as PoorScent due to the low rating.",0.85,1.0,True,full
ml_43715_344,ml_43715_26663_2006-06-16 08:40:29,2006-06-16 08:40:29,RATE,"{""movie_id"": 26663, ""movie_title"": ""Monsieur Hire (1989)"", ""genres"": ""Crime|Romance|Thriller"", ""rating"": 4.0}",ForagingSuccess,ForagingSuccess,User rates a Crime|Romance|Thriller movie with a high rating (4.0). This qualifies as ForagingSuccess according to the definition (rating >= 4.0 indicates genuine enjoyment). The user found a movie they truly liked.,ForagingSuccess,agree,"Rating of 4.0 meets the threshold for ForagingSuccess. The genre (Crime|Romance|Thriller) is novel compared to prior ratings, but that doesn't negate the high satisfaction. The label correctly captures the positive outcome regardless of genre novelty.","Both the Analyst and Critic agree on this label, as the user rates a Crime|Romance|Thriller movie highly at 4.0. This rating indicates genuine enjoyment, qualifying it as ForagingSuccess regardless of genre novelty.",0.98,0.0,False,full
ml_43715_344,ml_43715_2628_2006-06-16 08:42:56,2006-06-16 08:42:56,RATE,"{""movie_id"": 2628, ""movie_title"": ""Star Wars: Episode I - The Phantom Menace (1999)"", ""genres"": ""Action|Adventure|Sci-Fi"", ""rating"": 1.5}",PoorScent,PoorScent,User rates an Action|Adventure|Sci-Fi movie with a very low rating (1.5). This clearly qualifies as PoorScent (rating <= 2.0). The user had a genuinely poor experience with this movie.,PoorScent,agree,"Rating of 1.5 is clearly <=2.0. This is a definitive PoorScent. The genre (Action|Adventure|Sci-Fi) is familiar, but the low rating indicates a mismatch with expectations — classic PoorScent.","There is consensus between the Analyst and Critic that this rating of 1.5 qualifies as PoorScent. The low rating indicates a poor experience, aligning with the definition of PoorScent due to the significant mismatch with expectations.",0.99,0.0,False,full
ml_43715_344,ml_43715_5378_2006-06-16 08:43:50,2006-06-16 08:43:50,RATE,"{""movie_id"": 5378, ""movie_title"": ""Star Wars: Episode II - Attack of the Clones (2002)"", ""genres"": ""Action|Adventure|Sci-Fi|IMAX"", ""rating"": 2.5}",FollowingScent,FollowingScent,User continues with the same Star Wars series (Episode II) and same Action|Adventure|Sci-Fi genre. The 2.5 rating is neutral but shows continued exploration within the same thematic thread despite previous disappointment.,FollowingScent,disagree,"The label is technically correct in terms of genre continuity (Star Wars sequel), but the 2.5 rating is problematic. FollowingScent implies continued exploration along a scent trail — but here, the user is continuing despite prior failure (Event 6: 1.5). This is not 'following' a rewarding trail; it's persisting through disappointment. However, since the definition of FollowingScent does not require positive outcomes, only thematic continuity, and the user is still exploring the same franchise, ","The Analyst suggests FollowingScent based on the continuity of the Star Wars series and genre. The Critic raises a valid point regarding the 2.5 rating being neutral, but the user's continued exploration within the same thematic area after a previous disappointment indicates an attempt to follow a scent trail, albeit a less rewarding one. Thus, FollowingScent is the most fitting label.",0.8,0.0,False,full
ml_43715_344,ml_43715_6365_2006-06-16 08:44:38,2006-06-16 08:44:38,RATE,"{""movie_id"": 6365, ""movie_title"": ""Matrix Reloaded, The (2003)"", ""genres"": ""Action|Adventure|Sci-Fi|Thriller|IMAX"", ""rating"": 3.5}",FollowingScent,FollowingScent,"User continues in the Action|Adventure|Sci-Fi|Thriller genre with The Matrix Reloaded. The 3.5 rating indicates continued exploration within the sci-fi/action thematic area, following the scent trail of similar content.",FollowingScent,agree,"Continuation within the same high-concept sci-fi/action/thriller genre (Matrix series), following the prior Star Wars entry. Thematic consistency is clear. The 3.5 rating is neutral, but the pattern of continued exploration within the same thematic space fits FollowingScent perfectly.","Both the Analyst and Critic agree on this label, as the user continues exploring within the Action|Adventure|Sci-Fi|Thriller genre, specifically with a sequel in the Matrix series. The 3.5 rating indicates continued exploration, fitting the FollowingScent definition.",0.89,0.0,False,full
ml_43715_344,ml_43715_4427_2006-06-16 09:53:25,2006-06-16 09:53:25,RATE,"{""movie_id"": 4427, ""movie_title"": ""Lion in Winter, The (1968)"", ""genres"": ""Drama"", ""rating"": 5.0}",ForagingSuccess,ForagingSuccess,"User rates a Drama movie from 1968 with a perfect rating (5.0). This is a clear ForagingSuccess (rating >= 4.0). The user found exceptional enjoyment in this movie, which also represents exploration of a different era and pure drama genre.",ForagingSuccess,agree,"5.0 rating is unambiguously ForagingSuccess. The 1968 Drama is a stylistic and temporal departure from prior films, reinforcing it as a high-satisfaction discovery. No ambiguity here.","Both the Analyst and Critic agree that the 5.0 rating represents a clear ForagingSuccess. The user found exceptional enjoyment in this Drama movie from 1968, which is a significant positive outcome regardless of its genre novelty.",0.99,0.0,False,full
ml_43715_344,ml_43715_183_2006-06-16 10:17:47,2006-06-16 10:17:47,RATE,"{""movie_id"": 183, ""movie_title"": ""Mute Witness (1994)"", ""genres"": ""Comedy|Horror|Thriller"", ""rating"": 4.0}",ForagingSuccess,ForagingSuccess,"User rates a Comedy|Horror|Thriller movie with a high rating (4.0). This qualifies as ForagingSuccess (rating >= 4.0). The user found another movie they genuinely enjoyed, completing the session on a positive note.",ForagingSuccess,agree,"4.0 rating meets the threshold. The hybrid genre (Comedy|Horror|Thriller) is novel in this session, but the label depends on satisfaction, not novelty. High rating = ForagingSuccess. The session ends positively, consistent with the label.","There is agreement between the Analyst and Critic that the 4.0 rating qualifies as ForagingSuccess. The hybrid genre of Comedy|Horror|Thriller is novel, but the high rating indicates satisfaction, confirming the user's positive experience.",0.95,0.0,False,full
ml_43715_346,ml_43715_161_2006-06-23 07:47:56,2006-06-23 07:47:56,RATE,"{""movie_id"": 161, ""movie_title"": ""Crimson Tide (1995)"", ""genres"": ""Drama|Thriller|War"", ""rating"": 3.5}",DietEnrichment,FollowingScent,"Event 1 starts the session with a Drama/Thriller/War movie. While there's no prior context, the user begins with a medium rating (3.5) in a specific genre, establishing an initial thematic direction. This represents the user starting to follow a scent trail rather than exploring completely new territory.",DietEnrichment,disagree,"The user begins the session with 'Crimson Tide' — a War/Drama/Thriller — but there is no prior history to establish a 'scent trail.' Labeling this as FollowingScent assumes an existing thematic pattern, which does not exist at session start. Since this is the first rating and no prior genre context exists, it cannot be 'following' anything. Instead, this is an initial exploration of a non-mainstream genre (war drama) that may reflect the user's personal taste, making DietEnrichment the more accu","The Analyst suggests 'FollowingScent' based on the genre of 'Crimson Tide', but since this is the first rating in the session, there is no prior context to establish a thematic pattern. The Critic argues for 'DietEnrichment' due to the lack of a scent trail, which is more accurate as the user is starting to explore a genre they haven't rated before. Thus, 'DietEnrichment' is the appropriate label for this initial rating.",0.85,1.0,False,full
ml_43715_346,ml_43715_2641_2006-06-23 08:54:37,2006-06-23 08:54:37,RATE,"{""movie_id"": 2641, ""movie_title"": ""Superman II (1980)"", ""genres"": ""Action|Sci-Fi"", ""rating"": 4.0}",ForagingSuccess,ForagingSuccess,"User rates Superman II with 4.0, which is a high rating (≥4.0). This indicates the user found something they truly enjoyed. The movie is Action/Sci-Fi, which represents a shift from the previous Drama/Thriller/War genre, but the high satisfaction qualifies this as foraging success.",ForagingSuccess,agree,"The user rates 'Superman II' with 4.0, which meets the threshold for ForagingSuccess. The genre shift from War/Drama to Action/Sci-Fi is irrelevant here — the label depends on high satisfaction, not thematic continuity. The rating is clearly positive and indicates genuine enjoyment, satisfying the core criterion for ForagingSuccess.","Both the Analyst and Critic agree on labeling this event as 'ForagingSuccess' due to the high rating of 4.0 for 'Superman II'. The high satisfaction indicated by this rating confirms that the user found something they enjoyed, regardless of the genre shift from the previous movie. This consensus supports a strong confidence in this label.",0.95,0.0,False,full
ml_43715_346,ml_43715_2640_2006-06-23 08:54:44,2006-06-23 08:54:44,RATE,"{""movie_id"": 2640, ""movie_title"": ""Superman (1978)"", ""genres"": ""Action|Adventure|Sci-Fi"", ""rating"": 3.5}",FollowingScent,FollowingScent,"User immediately rates the original Superman (1978) with 3.5, just 7 seconds after Superman II. This is clearly following the same franchise/series scent trail. The medium rating suggests continued exploration within the same thematic content rather than strong success or disappointment.",FollowingScent,agree,"The immediate sequential rating of 'Superman (1978)' after 'Superman II' (7 seconds later) strongly indicates continuation along a franchise-based scent trail. Both are Superman films, sharing director, universe, and thematic elements. The 3.5 rating reflects continued exploration within the same thematic patch, not a new discovery or disappointment — consistent with FollowingScent.","Both the Analyst and Critic agree that the immediate rating of 'Superman (1978)' after 'Superman II' indicates a continuation of exploration within the same franchise. The 3.5 rating reflects ongoing engagement with the thematic content of the Superman series, supporting the 'FollowingScent' label. The close timing and thematic connection solidify this decision.",0.95,0.0,False,full
ml_43715_346,ml_43715_3438_2006-06-23 08:54:48,2006-06-23 08:54:48,RATE,"{""movie_id"": 3438, ""movie_title"": ""Teenage Mutant Ninja Turtles (1990)"", ""genres"": ""Action|Children|Comedy|Fantasy|Sci-Fi"", ""rating"": 3.5}",FollowingScent,FollowingScent,"User rates Teenage Mutant Ninja Turtles just 4 seconds later, continuing with another Action/Sci-Fi superhero-themed movie from the same era (1990). The 3.5 rating and immediate timing indicate the user is following a clear scent trail of 80s/90s action/sci-fi superhero content.",FollowingScent,disagree,"The analyst's label is correct, but the reasoning is weak. 'Teenage Mutant Ninja Turtles' is not merely 'another Action/Sci-Fi superhero movie' — it is a direct thematic extension of the Superman franchise exploration: 80s/90s comic-book adaptations with similar tone and audience. The 4-second gap and consistent 3.5 rating confirm the user is still within the same scent patch (80s/90s superhero/genre films), not branching out. Thus, FollowingScent is valid, but the justification should emphasize","The Analyst and Critic both recognize that 'Teenage Mutant Ninja Turtles' is thematically related to the previous Superman films, as it is part of the same genre and era. The short time gap between ratings suggests that the user is continuing to explore a specific thematic trail. Thus, 'FollowingScent' is the appropriate label for this event.",0.89,0.0,False,full
ml_43715_346,ml_43715_4128_2006-06-23 09:34:19,2006-06-23 09:34:19,RATE,"{""movie_id"": 4128, ""movie_title"": ""Lost Boys, The (1987)"", ""genres"": ""Comedy|Horror|Thriller"", ""rating"": 3.5}",FollowingScent,DietEnrichment,"After a 40-minute gap, user rates The Lost Boys (1987) with 3.5. This represents a genre shift from Action/Sci-Fi to Comedy/Horror/Thriller. While still 80s era, the horror-comedy blend is distinctly different from the superhero theme, indicating the user is broadening their taste exploration into new thematic territory.",FollowingScent,disagree,"The analyst claims 'DietEnrichment' due to a genre shift to Horror/Comedy, but this ignores the broader scent trail: all prior films (Superman I/II, TMNT) are 80s/90s pop-culture genre films with fantastical or comic-book elements. 'The Lost Boys' fits squarely within this era and aesthetic — it's a vampire teen comedy from 1987, sharing the same cultural niche. The 40-minute gap is irrelevant; thematic continuity (80s cult genre films) persists. This is not a new genre exploration but a natural","The Analyst suggests 'DietEnrichment' due to a genre shift, but the Critic argues that 'The Lost Boys' fits within the broader thematic exploration of 80s/90s pop-culture films, which aligns with the previous ratings. This indicates that the user is still following a scent trail of similar thematic content, despite the genre shift. Therefore, 'FollowingScent' is the more fitting label.",0.9,1.0,False,full
ml_43715_355,ml_43715_2731_2006-07-22 07:55:41,2006-07-22 07:55:41,RATE,"{""movie_id"": 2731, ""movie_title"": ""400 Blows, The (Les quatre cents coups) (1959)"", ""genres"": ""Crime|Drama"", ""rating"": 2.5}",DietEnrichment,DietEnrichment,"First event in session, rating a French New Wave crime/drama film from 1959. No prior context, but this represents exploration of classic foreign cinema, which is likely new territory for the user. The neutral rating (2.5) suggests they're trying something different but not fully connecting with it.",DietEnrichment,disagree,"While the film is culturally distinct, DietEnrichment requires evidence of intentional exploration beyond established patterns. With no prior ratings in the session, there is no baseline to establish a 'shift' from previous behavior. This could equally be a random initial choice or a response to a recommendation (ApproachingSource) if system_rating was close. Without system_rating data, we cannot confirm it's exploration — but we also cannot assume it's diet enrichment. The label is premature wi","The Analyst argues that the user is exploring classic foreign cinema, indicating a potential shift in taste, while the Critic highlights the lack of prior context to confirm this as intentional exploration. However, given that this is the first rating in the session and represents a distinct genre, it aligns more with DietEnrichment. The neutral rating of 2.5 suggests the user is trying something new but not fully connecting with it, supporting the idea of broadening their taste.",0.75,0.0,False,full
ml_43715_355,ml_43715_3967_2006-07-22 07:55:54,2006-07-22 07:55:54,RATE,"{""movie_id"": 3967, ""movie_title"": ""Billy Elliot (2000)"", ""genres"": ""Drama"", ""rating"": 2.5}",FollowingScent,DietEnrichment,"Rating a British drama (Billy Elliot) after a French crime/drama. While both are dramas, they represent different cultural contexts and eras. The continued neutral rating (2.5) suggests ongoing exploration of diverse content rather than following a specific thematic thread.",FollowingScent,disagree,"The analyst incorrectly assumes that different cultural contexts (French vs. British) constitute 'diet enrichment.' Both films are 20th-century dramatic narratives with serious themes. The genre overlap (Drama) is strong, and the thematic thread (coming-of-age, social realism) is consistent. Rating two dramas in a row, even from different countries, is more likely FollowingScent — continuing a thematic scent of character-driven drama. The neutral rating doesn't negate the continuity; it just ind","The Analyst views this rating as part of a broader exploration of different cultural dramas, while the Critic emphasizes the thematic consistency between the two films rated (both dramas with serious themes). The user is likely continuing a thematic exploration within the Drama genre, as both films share significant narrative elements. Therefore, this event is best labeled as FollowingScent.",0.85,1.0,False,full
ml_43715_355,ml_43715_5139_2006-07-22 07:55:58,2006-07-22 07:55:58,RATE,"{""movie_id"": 5139, ""movie_title"": ""Bad News Bears, The (1976)"", ""genres"": ""Comedy"", ""rating"": 2.5}",DietEnrichment,DietEnrichment,Rating a 1970s American comedy (Bad News Bears) after British drama and French crime/drama. This represents another thematic shift - from serious dramas to a sports comedy. The pattern shows the user is broadly exploring different genres and eras rather than following a specific scent.,DietEnrichment,disagree,"The shift from drama to comedy is a legitimate genre break, so DietEnrichment is plausible. However, the analyst ignores that 'Bad News Bears' is a 1970s sports film — a subgenre that may align with the user’s prior exposure to 1970s-era films (e.g., The 400 Blows is 1959, Billy Elliot is 2000). If the user is following a 70s-era scent (e.g., after The 400 Blows, they explore 70s American cinema), this is FollowingScent. Without knowing system_rating or prior history, we cannot be certain. But t","The Analyst argues that the user is shifting from serious dramas to a sports comedy, indicating a genre exploration. The Critic acknowledges the genre shift but suggests that the user may have prior exposure to 1970s films. However, the transition to a comedy represents a significant thematic change, supporting the idea of DietEnrichment. The neutral rating of 2.5 reflects ongoing exploration rather than a definitive thematic pattern.",0.75,0.0,False,full
ml_43715_355,ml_43715_2081_2006-07-22 07:56:08,2006-07-22 07:56:08,RATE,"{""movie_id"": 2081, ""movie_title"": ""Little Mermaid, The (1989)"", ""genres"": ""Animation|Children|Comedy|Musical|Romance"", ""rating"": 3.5}",DietEnrichment,DietEnrichment,"Rating an animated Disney musical (Little Mermaid) after various live-action films. This is a significant genre shift to animation/children's content. The slightly higher rating (3.5) suggests the user found some enjoyment in this new genre exploration, indicating diet enrichment rather than poor scent.",ForagingSuccess,disagree,"A rating of 3.5 is not high enough for ForagingSuccess, which requires >=4.0. The analyst correctly notes it's a genre shift, but misattributes the higher rating as evidence of success. 3.5 is still neutral-to-mildly-positive. It does not indicate 'true enjoyment' — only slightly more engagement than prior ratings. This remains DietEnrichment: the user is exploring animation, and the slight uptick doesn't constitute success. ForagingSuccess requires clear satisfaction, not just less dissatisfact","The Analyst identifies this as a significant genre shift to animation, while the Critic argues that a 3.5 rating does not meet the threshold for ForagingSuccess. The Analyst's reasoning about the genre shift is valid, and the rating indicates some enjoyment but not enough to classify it as a success. Therefore, it is best classified as DietEnrichment, reflecting an exploration of a new genre.",0.8,1.0,False,full
ml_43715_355,ml_43715_2139_2006-07-22 07:56:12,2006-07-22 07:56:12,RATE,"{""movie_id"": 2139, ""movie_title"": ""Secret of NIMH, The (1982)"", ""genres"": ""Adventure|Animation|Children|Drama"", ""rating"": 2.5}",FollowingScent,DietEnrichment,"Rating another animated film (Secret of NIMH) immediately after Little Mermaid, but this one is more dramatic/adventure-oriented. The return to neutral rating (2.5) suggests continued exploration of animation genre but without strong connection. The pattern shows consistent diet enrichment across the entire session with no clear thematic following.",FollowingScent,disagree,"The user rated 'Little Mermaid' (animation/children) and then 'Secret of NIMH' (animation/children/adventure) — same genre, same medium, same era. This is not diet enrichment; it's deepening exploration within a newly entered genre. The return to 2.5 indicates no strong satisfaction, but the continuity of genre and target audience (children's animation) signals FollowingScent: they are refining their evaluation of animation as a category. The analyst wrongly assumes any genre change from live-ac","The Analyst suggests that the user is exploring the animation genre, while the Critic points out that both films are within the same genre and medium. The transition from 'Little Mermaid' to 'Secret of NIMH' indicates a continued exploration within animation rather than a shift to a new genre. The neutral rating of 2.5 suggests the user is still evaluating their preferences within this genre, supporting the FollowingScent label.",0.85,1.0,False,full
