session_id,event_id,event_timestamp,action_type,content,cognitive_label,analyst_label,analyst_justification,critic_label,critic_agreement,critic_justification,judge_justification,confidence_score,disagreement_score,flagged_for_review,pipeline_mode
so_session_1543,post_24846318,2014-07-20 02:48:06.427000+02:00,POST_QUESTION,"Posted question: HttpClient ReadAsAsync does not deserialize | Body: <p>I am not sure if the issue I am having is related to the way I'm using Task or if I am an not using ReadAsAsync correctly.  I am following the pattern I found here:</p>  <p><a href=""http://blogs.ms...",FollowingScent,FollowingScent,User posts a question about HttpClient ReadAsAsync deserialization issue. This is a clear initiation of information seeking with specific technical intent.,FollowingScent,agree,"The user explicitly formulates a technical question about HttpClient ReadAsAsync deserialization, indicating clear information-seeking intent. This is a canonical example of FollowingScent.",Both the Analyst and Critic agree that the user is clearly initiating a knowledge-seeking action by posting a specific technical question about HttpClient deserialization. This indicates a clear intent to find information.,0.95,0.0,False,full
so_session_1543,comment_38579855,2014-07-20 02:52:21.417000+02:00,COMMENT,"Commented on: If/else syntax error in python | Comment: You are missing a closing parens here. There are nice editors out there that might make your life easier in future by highlighting those (I admit that it is easy to overlook, so why not taking advanta",PoorScent,DietEnrichment,"User provides helpful feedback on a Python syntax error, offering constructive advice about missing parentheses and suggesting better editors.",PoorScent,disagree,"The comment is directed at a completely unrelated post ('If/else syntax error in python') which is not the user's own question. This is not contributing to the ecosystem they're engaged with — it's off-topic advice. More critically, it's a non-constructive, dismissive remark ('there are nice editors out there') that doesn't fix or clarify the content. It's a negative signal in context: the user is criticizing the post's quality by implying the asker is incompetent for not using better tools. Thi","The Analyst suggests DietEnrichment due to the constructive feedback provided, but the Critic argues that the comment is unrelated to the user's own question, indicating it does not contribute positively to the ecosystem. The clear negative context of the comment leads to a PoorScent classification.",0.85,1.0,True,full
so_session_1543,post_24846362,2014-07-20 02:57:06.687000+02:00,POST_QUESTION,"Posted question: C++ two class convert each other and call their functions | Body: <p>I've two classes.One of them has no return value and throwing values,other one has return type and doesn't throw anything.What i want to achieve is convert classes between each other and call their...",FollowingScent,FollowingScent,User posts another question about C++ class conversion and function calling. Clear intent to seek information on a specific programming problem.,FollowingScent,agree,"Clear, specific technical question about C++ class interconversion. This is a textbook FollowingScent event.","Both perspectives align in recognizing that the user is posting a specific question about C++ class conversion, demonstrating clear intent to seek information.",0.95,0.0,False,full
so_session_1543,post_24846385,2014-07-20 03:01:32.453000+02:00,POST_ANSWER,"Posted answer to question bytearray(b'24846017') | Answer: <blockquote>   <p>how can <code>whoAmI()</code> access the name of the type it is ""called from""?</p> </blockquote>  <p>You can access the superclass using <a href=""http://docs.oracle.com/javase/8/docs...",ForagingSuccess,ForagingSuccess,"User posts an answer to a question, providing a solution to someone else's problem. This represents successful knowledge contribution.",ForagingSuccess,agree,"The user provides a solution to a question about bytearray decoding. Even though the answer content appears malformed (referencing whoAmI() which doesn't match the question title), the act of posting a solution to someone else's problem is ForagingSuccess by definition.","Both the Analyst and Critic agree that the user is providing a solution to a question, which constitutes a successful knowledge contribution, despite some concerns about the content's clarity.",0.85,0.0,False,full
so_session_1543,comment_38580077,2014-07-20 03:18:09.417000+02:00,COMMENT,"Commented on post 24840519 | Comment: I re-phrase: what's the meaning of ""a"" and ""b""?",ApproachingSource,ApproachingSource,"User asks for clarification about the meaning of variables 'a' and 'b' in a post, seeking to better understand the existing information.",ApproachingSource,agree,"The user asks for clarification on the meaning of variables 'a' and 'b', indicating active evaluation of existing content. This is classic ApproachingSource.","Both the Analyst and Critic agree that the user is seeking clarification about the meaning of variables in a post, indicating active evaluation of existing content.",0.9,0.0,False,full
so_session_1543,comment_38580300,2014-07-20 03:44:44.383000+02:00,COMMENT,"Commented on: Use Lambda or Linq to create Model of SelectList with Selected item for razor View in MVC5 | Comment: I'm confused by the structure of your data. Is the intention that each user be able to select a preference for `AbsolutePress` and a preference for `FluidFlow`, and that these values are used for form",ApproachingSource,ApproachingSource,"User expresses confusion about the structure of code in a post, indicating they are evaluating and trying to understand the existing information.",ApproachingSource,agree,"User expresses confusion about code structure, signaling they are trying to understand and evaluate the information. This is ApproachingSource.","The user expresses confusion about the code structure, which both the Analyst and Critic interpret as an attempt to understand and evaluate the existing information.",0.9,0.0,False,full
so_session_1543,comment_38580358,2014-07-20 03:52:21.163000+02:00,COMMENT,"Commented on post 24841056 | Comment: I think, it does not work for the latest version of PrimeFaces, PFM paginator it's not even documented in PF guide 5.0, check this example, i think it's work for previous version : https://code.google",PoorScent,PoorScent,"User criticizes a solution, stating it doesn't work for the latest version of PrimeFaces and pointing out documentation issues. Clear negative evaluation.",PoorScent,agree,User explicitly states the solution 'does not work for the latest version' and criticizes documentation gaps. This is a clear negative evaluation of information quality.,"Both the Analyst and Critic agree that the user is providing a negative evaluation of a solution, explicitly stating it does not work, which signals low-quality content.",0.9,0.0,False,full
so_session_1543,comment_38580468,2014-07-20 04:04:50.100000+02:00,COMMENT,"Commented on: HTML Form using Ajax and PHP not working | Comment: Why are you using `type=""email""`, I never understood these types of things, you'd be better off with `type=""text""`",ApproachingSource,PoorScent,"User questions the use of type='email' in a critical manner, expressing skepticism about the approach taken in the HTML form.",ApproachingSource,disagree,"The comment questions the use of type='email' but does not assert it's wrong — it expresses personal confusion ('I never understood these types of things'). This is not a negative evaluation of the post's quality, but rather a request for clarification. The user is trying to understand the rationale, which is ApproachingSource. PoorScent requires explicit criticism or signaling of unhelpfulness, which is absent here.","The Analyst suggests PoorScent due to skepticism about the approach, while the Critic argues it is a personal inquiry. The comment expresses confusion rather than outright criticism, leading to an ApproachingSource classification.",0.85,1.0,True,full
so_session_1543,post_24846663,2014-07-20 04:05:19.983000+02:00,POST_QUESTION,"Posted question: C++ Snake clone: timer function ignores given stop time and stops at it's own fixed time | Body: <p>I'm trying to make a Snake clone using C++ and OpenGL/GLUT. However, I've been having trouble programming the short time intervals allowed for input between movements. I've tried a few timing metho...",FollowingScent,FollowingScent,User posts a question about a C++ Snake clone timer issue. Clear intent to seek information on a specific programming problem.,FollowingScent,agree,Specific question about timer behavior in a C++ Snake clone. Clear information-seeking intent.,"Both the Analyst and Critic agree that the user is posting a specific question about a C++ timer issue, indicating clear information-seeking intent.",0.95,0.0,False,full
so_session_1543,post_24846722,2014-07-20 04:14:21.823000+02:00,POST_ANSWER,"Posted answer to question bytearray(b'24846654') | Answer: <p>Say you create a file named <code>script.php</code>, use can use PHP to change the MIME of the document, using the <code>header</code> PHP function.</p>  <pre><code>&lt;?php header(""Content-Type: t...",ForagingSuccess,ForagingSuccess,User posts an answer providing a solution about PHP MIME type handling. Successful knowledge contribution to help solve someone's problem.,ForagingSuccess,agree,"User provides a solution for PHP MIME type handling. Even if the answer is brief, it's a direct contribution to solving a problem.","Both perspectives align in recognizing that the user is providing a solution to a question about PHP MIME type handling, constituting a successful knowledge contribution.",0.9,0.0,False,full
so_session_1543,comment_38580729,2014-07-20 04:35:12.263000+02:00,COMMENT,"Commented on: Create a time series with daily frequency in R | Comment: With `ts`, set the `frequency` to 365. You have to skip February 29 in order to use `stl()`.",DietEnrichment,DietEnrichment,User provides helpful technical advice about setting frequency to 365 and handling leap years when creating time series in R.,DietEnrichment,agree,"Provides specific, actionable advice on setting frequency to 365 and handling leap years. This improves the quality and accuracy of the information ecosystem.","Both the Analyst and Critic agree that the user provides helpful technical advice about setting frequency in R, which enriches the information environment.",0.9,0.0,False,full
so_session_1543,comment_38580749,2014-07-20 04:37:11.393000+02:00,COMMENT,"Commented on post 24846722 | Comment: Alright, you should accept the answer anyways because it solves the question regarding the post.  Thanks.",ForagingSuccess,DietEnrichment,"User encourages the question asker to accept an answer that solves their problem, promoting good community practices.",ForagingSuccess,disagree,"The comment encourages accepting a solution that already solves the problem. This is not enriching content — it's validating resolution. The user is signaling that the information need has been met, which aligns with ForagingSuccess (the social act of closing the loop). DietEnrichment is for improving content; this is about concluding the foraging process.","The Analyst suggests DietEnrichment for encouraging best practices, while the Critic views it as validating a resolution. Given the context, it signals that the information need has been met, leading to a ForagingSuccess classification.",0.8,1.0,True,full
so_session_1543,post_24846849,2014-07-20 04:41:42.813000+02:00,POST_QUESTION,Posted question: read from excel file to datatable asp.net | Body: <p>I got this code to read from a excel file after uploading</p>  <pre><code> public static DataTable getDataTableFromExcel(string path)     {         using (var pck = new OfficeOpenXml.ExcelPackage()...,FollowingScent,FollowingScent,User posts a question about reading from Excel files to DataTable in ASP.NET. Clear information-seeking intent.,FollowingScent,agree,Clear question about reading Excel to DataTable in ASP.NET. Standard FollowingScent.,"Both the Analyst and Critic agree that the user is posting a specific question about reading from Excel files, indicating clear information-seeking intent.",0.95,0.0,False,full
so_session_1543,comment_38580903,2014-07-20 04:55:13.397000+02:00,COMMENT,"Commented on: Use Lambda or Linq to create Model of SelectList with Selected item for razor View in MVC5 | Comment: In that case I think your database structure is not correct, or at least not ideal. I will post an answer shortly with the way I would approach this.",DietEnrichment,DietEnrichment,User provides additional information and suggestions about database structure in response to a Lambda/Linq question.,DietEnrichment,agree,Adds context about database structure to improve understanding of a Lambda/Linq solution. This enhances the quality of the existing information.,"Both perspectives agree that the user is providing additional information about database structure, which enhances the quality of the existing information.",0.9,0.0,False,full
so_session_1543,comment_38580968,2014-07-20 05:02:15.173000+02:00,COMMENT,"Commented on: Create a time series with daily frequency in R | Comment: You only have 2014 as year? If yes, you cannot apply `stl()`.",DietEnrichment,DietEnrichment,"User provides technical clarification about STL limitations with only one year of data, adding valuable context.",DietEnrichment,agree,Clarifies a technical limitation of stl() with single-year data. This adds valuable context that prevents misuse.,"Both the Analyst and Critic agree that the user is providing valuable technical clarification about STL limitations, which enriches the information ecosystem.",0.9,0.0,False,full
so_session_1543,comment_38580972,2014-07-20 05:02:31.657000+02:00,COMMENT,"Commented on post 24842165 | Comment: Thanks for the solution but it is showing wrong answer with this code, even with break it is showing same error on SPOJ. And even its not running on my machine. Previously code without return 0 and wi",PoorScent,PoorScent,"User expresses dissatisfaction with a solution, stating it shows wrong answers and errors despite modifications. Clear negative evaluation.",PoorScent,agree,User explicitly states the solution 'shows wrong answer' and 'same error' despite modifications. This is a direct negative evaluation of the answer's quality.,"Both the Analyst and Critic agree that the user expresses dissatisfaction with a solution, indicating a clear negative evaluation of the answer's quality.",0.9,0.0,False,full
so_session_1543,post_24846963,2014-07-20 05:03:09.427000+02:00,POST_ANSWER,"Posted answer to question bytearray(b'20380955') | Answer: <p>If you are trying to make text appear, you can do it with a <code>&lt;div&gt;</code> tag like this:</p>  <pre><code>&lt;div id=""textgen"" style=""display: none""&gt;Your Text Here&lt;/div&gt; &lt;butt...",ForagingSuccess,ForagingSuccess,User posts an answer providing a solution about making text appear with div tags. Successful knowledge contribution.,ForagingSuccess,agree,"Provides a working solution for displaying text with div tags. Even if trivial, it resolves an information need.","Both perspectives align in recognizing that the user is providing a solution about making text appear with div tags, which constitutes a successful knowledge contribution.",0.9,0.0,False,full
so_session_1543,comment_38581098,2014-07-20 05:15:47.363000+02:00,COMMENT,Commented on: read from excel file to datatable asp.net | Comment: i need this code to upload an excel file then read this excel and put it in datatable to store it in database ... but not all the column need to stored just 1 - 3 -5 column ... and i don't understand,ApproachingSource,ApproachingSource,"User clarifies their requirements for the Excel reading code, seeking to better communicate their information needs.",ApproachingSource,agree,"User clarifies their intent — they need code to upload AND read Excel. This is refining their information need, not adding content. ApproachingSource is correct.","Both the Analyst and Critic agree that the user is clarifying their requirements for the Excel reading code, indicating an attempt to better communicate their information needs.",0.9,0.0,False,full
so_session_1543,comment_38581172,2014-07-20 05:23:31.777000+02:00,COMMENT,Commented on: Create a time series with daily frequency in R | Comment: `stl()` cannot decompose the signal with only 1 year of data. You might find some hints in [this page](http://stats.stackexchange.com/questions/9506/stl-trend-of-time-series-using-r),DietEnrichment,DietEnrichment,User provides additional technical explanation about STL limitations and suggests alternative approaches for time series decomposition.,DietEnrichment,agree,Reinforces and expands on previous point about STL limitations with alternative suggestions. This enriches the ecosystem.,"Both perspectives agree that the user provides additional technical explanation about STL limitations, which enriches the information ecosystem.",0.9,0.0,False,full
so_session_1543,comment_38581250,2014-07-20 05:31:06.257000+02:00,COMMENT,"Commented on: Get graph of the weekly season for a time series with daily frequency | Comment: It can be used for daily data. But with more than two years of data. Anyway, what do you want to decompose?",DietEnrichment,DietEnrichment,"User clarifies that a method can be used for daily data but requires more than two years, adding valuable technical context.",DietEnrichment,agree,Clarifies applicability of a method for daily data with minimum data requirements. Adds precision to existing information.,"Both the Analyst and Critic agree that the user clarifies the applicability of a method for daily data, adding valuable technical context.",0.9,0.0,False,full
so_session_1543,comment_38581395,2014-07-20 05:49:34.070000+02:00,COMMENT,"Commented on: Error in MySQL/SQL/PHP syntax | Comment: Mic1780 $username is a string, treating it as a boolean makes no sense",PoorScent,PoorScent,"User criticizes code logic, pointing out that treating a string as boolean makes no sense. Clear negative evaluation of code quality.",PoorScent,agree,User directly criticizes logic: 'treating it as a boolean makes no sense'. This is a clear negative signal about code quality.,"Both the Analyst and Critic agree that the user criticizes code logic, indicating a clear negative evaluation of the code quality.",0.9,0.0,False,full
so_session_1543,post_24847171,2014-07-20 05:50:24.750000+02:00,POST_ANSWER,"Posted answer to question bytearray(b'24845798') | Answer: <p>Based on you additional comments, I suggest a different structure.</p>  <p>Firstly, the database tables</p>  <pre><code>AbsolutePressOptions: ID(PK), Name, IsDefault(bit) FluidFlowOptions: ID(PK),...",ForagingSuccess,ForagingSuccess,User posts an answer suggesting a different structure based on additional comments. Successful problem-solving contribution.,ForagingSuccess,agree,User provides a revised structure based on feedback. This is a successful knowledge contribution.,"Both perspectives align in recognizing that the user is providing a solution based on additional comments, which constitutes a successful knowledge contribution.",0.9,0.0,False,full
so_session_1543,post_24847182,2014-07-20 05:51:42.337000+02:00,POST_ANSWER,"Posted answer to question bytearray(b'24846846') | Answer: <p>If you are allowed/familiar to use JQuery, it would have been done like:</p>  <pre><code>$(window).on('load', function() {     //&lt;-- do the rest here.. }); </code></pre>  <p>If you are still loo...",ForagingSuccess,ForagingSuccess,User posts a jQuery solution for a programming problem. Successful knowledge contribution.,ForagingSuccess,agree,Offers a jQuery-based solution. Successful contribution to solving a problem.,"Both perspectives agree that the user is posting a jQuery solution for a programming problem, indicating a successful knowledge contribution.",0.9,0.0,False,full
so_session_1543,post_24847207,2014-07-20 05:55:58.623000+02:00,POST_ANSWER,"Posted answer to question bytearray(b'24846631') | Answer: <p>Avoid storing sensitive data in cookies, even in encrypted form — there are still ways that it can be tampered with. In particular, even if your encryption scheme is not malleable, it is still like...",ForagingSuccess,ForagingSuccess,User posts security advice about avoiding sensitive data in cookies. Successful knowledge contribution with security best practices.,ForagingSuccess,agree,Provides security best practice advice. This is a high-value knowledge contribution that resolves an implicit information need about secure data handling.,"Both perspectives align in recognizing that the user provides security advice about avoiding sensitive data in cookies, which is a successful knowledge contribution.",0.9,0.0,False,full
so_session_1543,post_24847244,2014-07-20 06:03:32.477000+02:00,POST_ANSWER,"Posted answer to question bytearray(b'21807215') | Answer: <p>For future Reference Boris's answer is correct.  request.testDevices = @[ GAD_SIMULATOR_ID ]; And this will spit out test banners, but it only seem to do so on the ios emulator, and not if you are...",ForagingSuccess,ForagingSuccess,User confirms Boris's answer is correct and provides additional implementation details for future reference. Successful knowledge validation and contribution.,ForagingSuccess,agree,Validates and extends another answer with implementation details. This is a successful contribution that reinforces and improves resolution.,"Both perspectives agree that the user confirms another answer is correct and provides additional implementation details, reinforcing and improving resolution.",0.9,0.0,False,full
so_session_1543,comment_38581709,2014-07-20 06:20:54.617000+02:00,COMMENT,Commented on post 24846828 | Comment: Thanks for taking the time to answer! I'm not sure I'm following you though. What exactly does resolution mean in this context?,ApproachingSource,ApproachingSource,"User thanks for an answer but seeks clarification about the meaning of 'resolution' in the context, trying to better understand the information.",ApproachingSource,agree,User seeks clarification on the term 'resolution'. This is active information evaluation.,"Both the Analyst and Critic agree that the user seeks clarification about the meaning of 'resolution', indicating active information evaluation.",0.9,0.0,False,full
so_session_1543,post_24847343,2014-07-20 06:22:37.163000+02:00,POST_QUESTION,Posted question: Can not add a Comment using jquery php ajax | Body: <p>I want to add comment on pressing enter and want to store it to my database with the specific t_id for it so that i can show it on the page after submission but when i enter text and press enter it...,FollowingScent,FollowingScent,User posts a question about jQuery PHP Ajax comment functionality. Clear intent to seek information on a specific web development problem.,FollowingScent,agree,Clear question about jQuery/PHP/Ajax comment functionality. Standard FollowingScent.,"Both the Analyst and Critic agree that the user is posting a specific question about jQuery PHP Ajax comment functionality, indicating clear information-seeking intent.",0.95,0.0,False,full
so_session_1543,post_24847414,2014-07-20 06:37:11.493000+02:00,POST_QUESTION,"Posted question: Operations in Python | Body: <p>My question is fairly basic yet might need a challenging solution.</p>  <p>Essentially, I have an arbitrary function which we will call some_function.</p>  <pre><code>def some_function(n):     for...",FollowingScent,FollowingScent,User posts a question about operations counting in Python. Clear information-seeking intent for a programming challenge.,FollowingScent,agree,User poses a challenging problem about counting operations in Python. Clear intent to seek a solution.,"Both perspectives agree that the user is posting a question about operations counting in Python, demonstrating clear information-seeking intent.",0.95,0.0,False,full
so_session_1543,post_24847437,2014-07-20 06:41:10.613000+02:00,POST_ANSWER,"Posted answer to question bytearray(b'7414842') | Answer: <p>I used the following and it works just fine:</p>  <pre><code>&lt;%= link_to image_tag(""logo.jpg""), controller: 'welcome' %&gt; </code></pre>...",ForagingSuccess,ForagingSuccess,User posts an answer providing a working solution for image_tag in Rails. Successful knowledge contribution.,ForagingSuccess,agree,Provides a working Rails solution for image_tag. Successful knowledge contribution.,"Both perspectives align in recognizing that the user is providing a working solution for image_tag in Rails, which constitutes a successful knowledge contribution.",0.9,0.0,False,full
so_session_1543,comment_38581923,2014-07-20 06:41:13.707000+02:00,COMMENT,Commented on: Operations in Python | Comment: I am just looking for a general measure of how many computations took place during a particular function call.,ApproachingSource,ApproachingSource,"User clarifies their information need about counting computations during Python functions, seeking better understanding.",ApproachingSource,agree,"User clarifies their goal: measuring computations during a function. This is refining their information need, not contributing content.","Both the Analyst and Critic agree that the user clarifies their information need about counting computations during Python functions, seeking better understanding.",0.9,0.0,False,full
so_session_1543,comment_38581942,2014-07-20 06:42:41.793000+02:00,COMMENT,Commented on: Operations in Python | Comment: I am looking for some code snippet to calculate this automatically.,ApproachingSource,ApproachingSource,"User further specifies they're looking for code snippets to automatically calculate operations, refining their information need.",ApproachingSource,agree,User explicitly requests code snippets to automate measurement. This is still seeking understanding — not providing enrichment.,"Both perspectives agree that the user further specifies they're looking for code snippets to automatically calculate operations, refining their information need.",0.9,0.0,False,full
so_session_1543,comment_38581945,2014-07-20 06:42:51.990000+02:00,COMMENT,Commented on: Can not add a Comment using jquery php ajax | Comment: charlietfl No data is received,ApproachingSource,ApproachingSource,"User responds to charlietfl that no data is received, providing feedback to help troubleshoot the Ajax comment issue.",ApproachingSource,agree,User provides feedback on a failed implementation ('No data is received') to help troubleshoot. This is diagnostic engagement with the source.,"Both the Analyst and Critic agree that the user provides feedback on a failed implementation, helping troubleshoot the Ajax comment issue.",0.9,0.0,False,full
so_session_1543,comment_38581985,2014-07-20 06:45:34.453000+02:00,COMMENT,Commented on: Can not add a Comment using jquery php ajax | Comment: charlietfl their is no add_comment.php file in php and it is showing send.php?t_id=10 status text 200kb timeline is 40ms long that's what is showing.,ApproachingSource,ApproachingSource,User clarifies about file naming discrepancy (add_comment.php vs send.php) to help troubleshoot the implementation issue.,ApproachingSource,agree,Clarifies file naming discrepancy to aid debugging. This is part of the iterative process of understanding a solution.,"Both perspectives agree that the user clarifies a file naming discrepancy to aid debugging, which is part of the iterative process of understanding a solution.",0.9,0.0,False,full
so_session_1543,comment_38581994,2014-07-20 06:46:22.467000+02:00,COMMENT,Commented on: Can not add a Comment using jquery php ajax | Comment: status of send.php?t_id=10 stattus is 200.,ApproachingSource,ApproachingSource,User provides status information (200 status) to help diagnose the Ajax comment functionality problem.,ApproachingSource,agree,Provides HTTP status code (200) as diagnostic information. This is evaluating the source's behavior.,"Both the Analyst and Critic agree that the user provides status information to help diagnose the Ajax comment functionality problem, indicating active evaluation.",0.9,0.0,False,full
so_session_1543,post_24847471,2014-07-20 06:48:40.147000+02:00,POST_QUESTION,"Posted question: AngularJS - Cannot read property 'navigable' of undefined | Body: <p><strong>My app.run:</strong></p>  <pre><code>app.run([ '$q', '$rootScope', '$state', 'settings', 'datacontext', function ($q, $rootScope, $state, settings, datacontext) {     settings.currentLang =...",FollowingScent,FollowingScent,User posts a question about AngularJS 'navigable' property error. Clear intent to seek information on a specific JavaScript framework issue.,FollowingScent,agree,Clear AngularJS error question. Standard FollowingScent.,"Both the Analyst and Critic agree that the user is posting a specific question about an AngularJS error, indicating clear information-seeking intent.",0.95,0.0,False,full
so_session_1543,comment_38582035,2014-07-20 06:50:31.720000+02:00,COMMENT,Commented on: Can not add a Comment using jquery php ajax | Comment: charlietfl the jquery section and the html section is the send.php file whole.not from any other file.,ApproachingSource,ApproachingSource,User clarifies file structure details about jQuery and HTML sections to help troubleshoot the comment implementation.,ApproachingSource,agree,Clarifies file structure details to help debug. This is part of iterative understanding.,"Both the Analyst and Critic agree that the user clarifies file structure details to help troubleshoot the comment implementation, indicating active evaluation.",0.9,0.0,False,full
so_session_1543,comment_38582058,2014-07-20 06:51:59.447000+02:00,COMMENT,"Commented on: Operations in Python | Comment: Right, I understand this - but out of interest, I still am curious in finding the number of 'Python' operations per function call.",ApproachingSource,ApproachingSource,"User expresses continued curiosity about counting Python operations despite understanding alternatives, showing sustained engagement with the topic.",ApproachingSource,agree,User expresses continued curiosity about measuring Python operations despite understanding alternatives. This is sustained engagement with the source.,"Both perspectives agree that the user expresses continued curiosity about counting Python operations, indicating sustained engagement with the topic.",0.9,0.0,False,full
so_session_1543,post_24847497,2014-07-20 06:53:17.437000+02:00,POST_QUESTION,"Posted question: Exclude character from being returned in array | Body: <p>I have the following regex function:</p>  <pre><code>function getMatches($string_content) {     $matches = array();      preg_match_all('/@([A-Za-z0-9_]+)/', $string_content, $matches);      return...",FollowingScent,FollowingScent,User posts a question about regex character exclusion in arrays. Clear intent to seek information on a specific programming problem.,FollowingScent,agree,Specific regex question about excluding characters. Clear information-seeking intent.,"Both the Analyst and Critic agree that the user is posting a specific question about regex character exclusion, indicating clear information-seeking intent.",0.95,0.0,False,full
so_session_1543,comment_38582130,2014-07-20 06:58:06.607000+02:00,COMMENT,"Commented on: Operations in Python | Comment: JamesMills Either-or would work. I am just interested in a general measure of operations that took place such that I can compare them. Time works, but it is also dependent on the computer.",ApproachingSource,ApproachingSource,"User responds to JamesMills that either approach would work, clarifying they're interested in general operation measurement.",ApproachingSource,agree,"User confirms an approach works but reiterates their interest in a general measure — still refining understanding, not contributing new content.","Both the Analyst and Critic agree that the user confirms an approach works but reiterates their interest in general operation measurement, refining understanding rather than contributing new content.",0.9,0.0,False,full
so_session_1543,comment_38582132,2014-07-20 06:58:19.927000+02:00,COMMENT,Commented on post 24847509 | Comment: Why change the sides of the regex expression from slashes to ~?,ApproachingSource,ApproachingSource,"User asks why regex expression delimiters were changed from slashes to tildes, seeking to understand the technical reasoning.",ApproachingSource,agree,Asks why regex delimiters were changed — seeking to understand the rationale behind a technical choice. Classic ApproachingSource.,"Both perspectives agree that the user seeks to understand the rationale behind a technical choice regarding regex delimiters, indicating active evaluation.",0.9,0.0,False,full
so_session_1543,comment_38582158,2014-07-20 07:00:29.963000+02:00,COMMENT,Commented on: Operations in Python | Comment: aruisdante Bingo - that looks like what I wanted,ForagingSuccess,ForagingSuccess,"User expresses satisfaction with aruisdante's solution, indicating they found what they wanted - successful information resolution.",ForagingSuccess,agree,User explicitly states 'that looks like what I wanted' — this is a clear signal of successful resolution of their information need.,"Both the Analyst and Critic agree that the user expresses satisfaction with a solution, indicating successful information resolution.",0.9,0.0,False,full
so_session_1543,comment_38582170,2014-07-20 07:02:11.290000+02:00,COMMENT,"Commented on post 24847509 | Comment: Ah okay, makes sense. Thanks for the explanation. Just waiting for the cooldown so I can mark this as correct.",ForagingSuccess,ForagingSuccess,"User thanks for explanation and indicates they're waiting to mark as correct, showing successful information resolution.",ForagingSuccess,agree,User thanks for explanation and indicates intent to mark as correct. This is the social signal of successful foraging — the information need is resolved.,"Both perspectives align in recognizing that the user thanks for an explanation and indicates intent to mark as correct, signaling successful resolution of their information need.",0.9,0.0,False,full
so_session_1543,comment_38582178,2014-07-20 07:03:47.963000+02:00,COMMENT,"Commented on post 24847552 | Comment: Nice find! I'll have a look at this. Plus, why should it not give me an idea of the complexity of f?",ApproachingSource,ApproachingSource,"User expresses interest in a find and asks why it shouldn't give idea of function complexity, seeking deeper understanding.",ApproachingSource,agree,User expresses interest in a finding and asks why it shouldn't indicate complexity — this is seeking deeper understanding of a concept.,"Both the Analyst and Critic agree that the user expresses interest in a finding and seeks deeper understanding, indicating active evaluation.",0.9,0.0,False,full
so_session_1543,comment_38582194,2014-07-20 07:05:14.203000+02:00,COMMENT,"Commented on post 24847552 | Comment: Pardon my naiveness, however is this a law that I haven't of heard yet?",ApproachingSource,ApproachingSource,"User asks if there's an unknown law they haven't heard of, showing curiosity and seeking to expand their understanding.",ApproachingSource,agree,"User asks if something is a 'law' they haven't heard of — this is curiosity-driven inquiry to expand understanding. Not a critique, not a contribution — pure ApproachingSource.","Both perspectives agree that the user asks about an unknown law, showing curiosity and seeking to expand their understanding.",0.9,0.0,False,full
so_session_1847,comment_32677348,2014-02-07 11:42:18.050000+01:00,COMMENT,Commented on: Make virtual subdomain in codeigniter | Comment: possible duplicate of [How to make a php script that can host sub domains dynamically?](http://stackoverflow.com/questions/20720447/how-to-make-a-php-script-that-can-host-sub-domains-dynamically),PoorScent,ApproachingSource,"The user is commenting on a question to point out a possible duplicate. This represents engagement with a specific post to evaluate its information quality and provide guidance, which aligns with ApproachingSource behavior where users drill into content to extract or evaluate information.",PoorScent,disagree,"The comment points out a possible duplicate, which is not an attempt to 'drill into' or evaluate the information quality of the post for personal foraging — it is a meta-action to flag low-quality content (duplicate) and redirect users. This is a negative signal about the post's value to the ecosystem, aligning with PoorScent. ApproachingSource implies the user is seeking to extract information from the post; here, the user is rejecting it as redundant. The intent is to devalue the post, not to ","The comment points out a possible duplicate, indicating a negative evaluation of the original post's value. While the Analyst views this as an engagement to evaluate information, the Critic correctly identifies it as a meta-action that signals low quality. The intent is to redirect rather than seek information, aligning with PoorScent.",0.87,1.0,False,full
so_session_1847,post_21626055,2014-02-07 12:02:50.670000+01:00,POST_ANSWER,"Posted answer to question bytearray(b'21626012') | Answer: <pre><code>$filtered = array_filter($array, function ($value) { return $value !== null; }); </code></pre>...",ForagingSuccess,ForagingSuccess,"The user is posting an answer with code that provides a solution to a question. This represents successful knowledge contribution where the user found/created a solution, which directly corresponds to ForagingSuccess in the schema.",ForagingSuccess,agree,"The user posts a direct, code-based solution to a programming question. This is a clear act of knowledge contribution that resolves an information need, matching the definition of ForagingSuccess. The answer is actionable and targeted, indicating successful foraging outcome.","The user posts a direct answer to a question, providing a code solution that resolves an information need. Both the Analyst and Critic agree on this label, confirming that this action represents a successful knowledge contribution, which is consistent with the definition of ForagingSuccess.",0.95,0.0,False,full
so_session_1847,edit_57472610,2014-02-07 12:02:50.670000+01:00,EDIT_INITIAL_BODY,"Edited post 21626055: ""$filtered = array_filter($array, function ($value) { return $value !== null; });"": ""$filtered = array_filter($array, function ($value) { return $value !== null; });"" | Change: $filtered = array_filter($array, function ($value) { return $value !== null; });",PoorScent,DietEnrichment,"The user is editing the initial body of their own answer post. This represents improving the quality or accuracy of their contribution, which aligns with DietEnrichment where users add or improve information in the ecosystem.",ForagingSuccess,disagree,"The edit is a trivial copy-paste of the same code with no actual improvement (as the content is identical before and after). DietEnrichment requires meaningful improvement to information quality. Since no actual enrichment occurred, this is not DietEnrichment. Instead, this appears to be a failed or redundant attempt to contribute — but since the user is finalizing their answer, it should be considered part of the ForagingSuccess act of posting a solution, not an edit to enrich it. The edit is p","The edit involves a trivial copy-paste of identical content, lacking any meaningful improvement. The Analyst's label of DietEnrichment does not hold as no actual enrichment occurred. The Critic's perspective accurately identifies this as a failed attempt at contribution, aligning with PoorScent due to the lack of value added.",0.88,1.0,False,full
so_session_1847,comment_32678490,2014-02-07 12:12:26.710000+01:00,COMMENT,"Commented on post 21626055 | Comment: ...which has its 5th birthday and even end-of-support deadline this year, so I dearly hope we do not need to keep pointing this out... ;)",PoorScent,DietEnrichment,"The user is commenting on their own answer post to provide additional context and clarification about the solution. This represents adding information to enrich the knowledge environment, which fits DietEnrichment rather than criticism or negative evaluation.",PoorScent,disagree,"The comment sarcastically references the age and end-of-support status of the technology, implying the question is outdated and should not be asked. This is not enriching the knowledge environment — it is a dismissive, critical remark that devalues the question and potentially discourages the asker. While not a direct VOTE_DOWN, the tone and intent align with PoorScent: negative evaluation of the information context. DietEnrichment requires constructive addition; this is rhetorical criticism.","The comment sarcastically critiques the age of the technology discussed, implying that the question is outdated and should not be asked. This aligns with the Critic's view that it does not enrich the knowledge environment but rather dismisses the question, indicating a negative evaluation consistent with PoorScent.",0.89,1.0,False,full
so_session_1847,comment_32678588,2014-02-07 12:14:56.477000+01:00,COMMENT,"Commented on: PHP string preg_replace, keep strange letters and numbers | Comment: Please define more clearly what ""other strange characters"" are. There are hundreds of thousands of possible characters you may be talking about.",ApproachingSource,ApproachingSource,"The user is commenting on another question asking for clarification about what 'other strange characters' means. This represents engaging with a specific post to seek more details and better understand the information need, which aligns with ApproachingSource behavior.",ApproachingSource,agree,"The comment explicitly requests clarification on ambiguous terminology ('other strange characters'), which is a classic case of approaching a source to better understand the information need before evaluating or contributing. This aligns precisely with ApproachingSource as defined — drilling into content to extract or refine understanding.","The user requests clarification on ambiguous terminology, which is a clear engagement with the content to better understand the information need. Both the Analyst and Critic agree on this label, confirming that this action aligns with the definition of ApproachingSource as it seeks to drill into the specifics of the question.",0.9,0.0,False,full
so_session_1859,post_21678368,2014-02-10 14:18:09.493000+01:00,POST_ANSWER,"Posted answer to question bytearray(b'21677878') | Answer: <p>UTF-8 is a Unicode encoding which can encode <strong><em>all Unicode characters</em></strong> and uses a minimum of 8 bits to do so, and a maximum of 32 bits. UTF-16 is a Unicode encoding which can...",ForagingSuccess,ForagingSuccess,"User posts an answer about UTF-8 encoding, demonstrating they have found/created a solution to someone's question. This represents successful knowledge contribution and resolution of an information need.",,,,,0.95,0.0,False,analyst_only
so_session_1859,edit_57670567,2014-02-10 14:18:09.493000+01:00,EDIT_INITIAL_BODY,"Edited post 21678368: ""UTF-8 is a Unicode encoding which can encode all Unicode characters and uses a m"": ""UTF-8 is a Unicode encoding which can encode all Unicode characters and uses a m"" | Change: UTF-8 is a Unicode encoding which can encode ***all Unicode characters*** and uses a minimum of 8 bits to do so, and a maximum of 32 bits. UTF-16 is a Unicode encoding which can encode all Unicode cha",DietEnrichment,DietEnrichment,User immediately edits their own answer to improve its quality or accuracy. This is a clear case of refining existing content to enrich the information environment.,,,,,0.95,0.0,False,analyst_only
so_session_1859,post_21678782,2014-02-10 14:39:20.630000+01:00,POST_ANSWER,"Posted answer to question bytearray(b'21627227') | Answer: <pre><code>$fh    = fopen($file, 'r'); $stats = fstat($fh);  // jump to random location within file fseek($fh, mt_rand(0, $stats['size'] - 1));  // check where you are     $chr = fread($fh, 1);  // wh...",ForagingSuccess,ForagingSuccess,"User posts another answer (this time about PHP file handling), again demonstrating successful knowledge contribution by providing a solution to a different question.",,,,,0.95,0.0,False,analyst_only
so_session_1859,edit_57672073,2014-02-10 14:39:20.630000+01:00,EDIT_INITIAL_BODY,"Edited post 21678782 | Change: $fh    = fopen($file, 'r');
     $stats = fstat($fh);
     
     // jump to random location within file
     fseek($fh, mt_rand(0, $stats['size'] - 1));
 
     // check where you are    
     $chr",DietEnrichment,DietEnrichment,User edits their second answer to improve formatting and content quality. This continues the pattern of refining information to make it more valuable to the community.,,,,,0.95,0.0,False,analyst_only
so_session_1859,comment_32771933,2014-02-10 15:06:39.243000+01:00,COMMENT,"Commented on: New to PHP and I'm getting an error that I can't seem to solve | Comment: I don't see a circled error anywhere... if there is one, please copy and paste it as text into the question.",ApproachingSource,ApproachingSource,User comments on a question asking for clarification ('I don't see a circled error anywhere... please copy and paste it as text'). This represents engaging with a specific post to investigate and extract more information.,,,,,0.9,0.0,False,analyst_only
so_session_1868,post_21705627,2014-02-11 16:11:17.080000+01:00,POST_ANSWER,"Posted answer to question bytearray(b'21705484') | Answer: <p>First of all, you're not ""declaring a namespace"", you're <em>aliasing a class name</em>. And yes, it of course takes some minimal amount of processing power to be processed, but it's going to be vi...",ForagingSuccess,ForagingSuccess,"User posts an answer to a question, indicating they have found/created a solution to someone's problem. This represents successful knowledge contribution and resolution of an information need.",,,,,0.95,0.0,False,analyst_only
so_session_1868,edit_57770431,2014-02-11 16:11:17.080000+01:00,EDIT_INITIAL_BODY,"Edited post 21705627: ""First of all, you're not ""declaring a namespace"", you're aliasing a class name ."": ""First of all, you're not ""declaring a namespace"", you're aliasing a class name ."" | Change: First of all, you're not ""declaring a namespace"", you're *aliasing a class name*. And yes, it of course takes some minimal amount of processing power to be processed, but it's going to be virtually im",DietEnrichment,DietEnrichment,User immediately edits their own answer to improve its quality and accuracy. This is a clear case of refining content to enrich the information environment.,,,,,0.95,0.0,False,analyst_only
so_session_1868,comment_32819166,2014-02-11 16:23:53.420000+01:00,COMMENT,"Commented on: What might cause ""Undefined Behaviour"" in this parallel GPU code? | Comment: What exactly is your question? How ""undefined behaviour"" is generally defined? Or is this specifically about some GPU code?",ApproachingSource,ApproachingSource,User comments on a question asking for clarification ('What exactly is your question?'). This shows engagement with specific content to extract or evaluate information by seeking more details.,,,,,0.9,0.0,False,analyst_only
so_session_1868,comment_32819308,2014-02-11 16:26:48.827000+01:00,COMMENT,"Commented on: What might cause ""Undefined Behaviour"" in this parallel GPU code? | Comment: By definition there is no definition for how bad it can be. It *probably* won't kill your cat, but nobody guarantees it, because the undefined behaviour is explicitly not considered as something you s",DietEnrichment,DietEnrichment,User provides additional information and context about undefined behavior ('By definition there is no definition for how bad it can be...'). This contributes knowledge to the discussion.,,,,,0.85,0.0,False,analyst_only
so_session_1868,post_21706280,2014-02-11 16:39:52.043000+01:00,POST_ANSWER,"Posted answer to question bytearray(b'21706110') | Answer: <pre><code>$record = array_filter($parentData, function (array $record) {     return isset($record['port_name']) &amp;&amp; preg_match('!^(GI/2|G2|GI2)$!i', $record['port_name']); });  $recordToInclud...",ForagingSuccess,ForagingSuccess,"User posts another answer to a different question, providing a PHP code solution. This represents successful knowledge contribution and resolution of an information need.",,,,,0.95,0.0,False,analyst_only
so_session_1868,edit_57772813,2014-02-11 16:39:52.043000+01:00,EDIT_INITIAL_BODY,"Edited post 21706280 | Change: $record_to_include = array(
         'remote_id'          => null,
         'remote_name'        => null,
         'remote_object_id'   => null,
         'remote_object_name' => null
     );",DietEnrichment,DietEnrichment,User edits their own answer to improve the content quality by adding more detailed code. This enriches the information environment with better information.,,,,,0.95,0.0,False,analyst_only
so_session_1868,edit_57773589,2014-02-11 16:48:33.063000+01:00,EDIT_BODY,"Edited post 21706280 | Edit reason: deleted 16 characters in body | New content: $record = array_filter($parentData, function (array $record) {
         return isset($record['port_name']) && preg_match('!^(GI/2|G2|GI2)$!i', $record['port_name']);
     });
 
     $recordToInclu...",DietEnrichment,DietEnrichment,"User makes another edit to their answer, refining the code content. This continues the pattern of improving information quality in the ecosystem.",,,,,0.9,0.0,False,analyst_only
so_session_1868,post_21706816,2014-02-11 17:01:47+01:00,POST_ANSWER,"Posted answer to question bytearray(b'21706577') | Answer: <p><em>All</em> dynamically interpolated values must be subject to rigid escaping or binding as parameters. Treat any and all variables as if they contain the plague. Maybe they won't, but it's not go...",ForagingSuccess,ForagingSuccess,"User posts a third answer to another question, providing security advice about SQL injection. This represents successful knowledge contribution and solution provision.",,,,,0.95,0.0,False,analyst_only
so_session_1868,edit_57774826,2014-02-11 17:01:47+01:00,EDIT_INITIAL_BODY,"Edited post 21706816: ""All dynamically interpolated values must be subject to rigid escaping or binding"": ""All dynamically interpolated values must be subject to rigid escaping or binding"" | Change: *All* dynamically interpolated values must be subject to rigid escaping or binding as parameters. Treat any and all variables as if they contain the plague. Maybe they won't, but it's not going to hur",DietEnrichment,DietEnrichment,User edits their newly posted answer to improve formatting or content quality. This final edit continues the pattern of enriching the information environment.,,,,,0.9,0.0,False,analyst_only
so_session_1957,comment_33454736,2014-02-27 09:20:45.920000+01:00,COMMENT,"Commented on: How to put a php variable into javascript , which determines to procceed or not? | Comment: The explanation you don't want illustrates how things are separated, and point you in the direction of how to cross that divide. The tiny bit of code you show hardly lends itself to an answer containi",ApproachingSource,ApproachingSource,"User is commenting on a question asking for clarification ('The explanation you don't want illustrates how things are separated, and point you in the dire...'). This shows engagement with a specific post to seek more details or clarification, which aligns with ApproachingSource behavior.",,,,,0.9,0.0,False,analyst_only
so_session_1957,comment_33455152,2014-02-27 09:32:33.847000+01:00,COMMENT,Commented on: database or flat file structure behind autocomplete | Comment: That depends on many factors. How up-to-date does the data need to be? Is it really a performance problem? Could a memcache solution be even better? Are you using a CDN or not?,ApproachingSource,ApproachingSource,"User comments on an autocomplete database question, providing considerations about factors like data freshness and performance ('That depends on many factors...'). This is engaging with the source to evaluate and provide context, characteristic of ApproachingSource.",,,,,0.85,0.0,False,analyst_only
so_session_1957,comment_33455224,2014-02-27 09:35:00.407000+01:00,COMMENT,Commented on: Merge and transpose 3 arrays of data | Comment: What exactly are you getting instead?,ApproachingSource,ApproachingSource,"User asks 'What exactly are you getting instead?' on a merge/transpose arrays question. This is clearly seeking clarification to better understand the problem, which is ApproachingSource behavior.",,,,,0.95,0.0,False,analyst_only
so_session_1957,post_22063148,2014-02-27 09:39:41.007000+01:00,POST_ANSWER,"Posted answer to question bytearray(b'22063003') | Answer: <pre><code>foreach ($arr1 as $key =&gt; $value) {     fputcsv($handle, array($value, $arr2[$key], $arr3[$key])); } </code></pre>...",ForagingSuccess,ForagingSuccess,"User posts an answer with code solution to a question about merging arrays. This represents successful knowledge contribution where the user found/created a solution, which is the definition of ForagingSuccess.",,,,,0.95,0.0,False,analyst_only
so_session_1957,edit_59090718,2014-02-27 09:39:41.007000+01:00,EDIT_INITIAL_BODY,"Edited post 22063148 | Change: foreach ($arr1 as $key => $value) {
         fputcsv($handle, array($value, $arr2[$key], $arr3[$key]));
     }",DietEnrichment,DietEnrichment,"User edits the initial body of their answer to improve the code formatting and content. This is refining and improving the quality of their contribution, which is DietEnrichment behavior.",,,,,0.95,0.0,False,analyst_only
so_session_1957,post_22063443,2014-02-27 09:53:48.070000+01:00,POST_ANSWER,"Posted answer to question bytearray(b'22063288') | Answer: <p>Yes, what the address bar shows is often not the actual URL. Most browsers decode encoded characters to display a more friendly looking URL, and to allow you to read the URL as actual characters, w...",ForagingSuccess,ForagingSuccess,User posts another answer explaining URL encoding behavior in browsers. This is another instance of successful knowledge contribution where the user provides a solution to an information need.,,,,,0.95,0.0,False,analyst_only
so_session_1957,edit_59091726,2014-02-27 09:53:48.070000+01:00,EDIT_INITIAL_BODY,"Edited post 22063443: ""Yes, what the address bar shows is often not the actual URL. Most browsers decod"": ""Yes, what the address bar shows is often not the actual URL. Most browsers decod"" | Change: Yes, what the address bar shows is often not the actual URL. Most browsers decode encoded characters to display a more friendly looking URL, and to allow you to read the URL as actual characters, whic",DietEnrichment,DietEnrichment,User edits the initial body of their second answer to improve the content. This refinement of their contribution represents DietEnrichment by improving information quality.,,,,,0.95,0.0,False,analyst_only
so_session_1957,comment_33456370,2014-02-27 10:05:16.217000+01:00,COMMENT,"Commented on: database or flat file structure behind autocomplete | Comment: And how much data are we talking about? Even if you put everything into one file, it's still feasible to download it into the client? Or is it so prohibitively large that you require a database to fil",DietEnrichment,DietEnrichment,"User adds additional information to the autocomplete discussion by asking about data volume and suggesting feasibility of single-file approach. This contributes knowledge and enriches the discussion, making it DietEnrichment.",,,,,0.85,0.0,False,analyst_only
so_session_1957,comment_33456715,2014-02-27 10:14:19.833000+01:00,COMMENT,Commented on: Conversion of string value in an array to float in php | Comment: Directly comparing floats with (essentially) `$float1 == $float2` is very prone to errors due to float (in)accuracy to begin with. A simple `array_diff` will probably never get you there.,DietEnrichment,DietEnrichment,"User provides technical guidance about float comparison accuracy issues in PHP. This adds valuable information and context to the discussion, enriching the knowledge environment (DietEnrichment).",,,,,0.9,0.0,False,analyst_only
so_session_1957,post_22064407,2014-02-27 10:35:49.917000+01:00,POST_ANSWER,"Posted answer to question bytearray(b'22064376') | Answer: <p>Nope, no difference whatsoever. If you don't need to pass parameters to the constructor, the parentheses are entirely superfluous.</p>...",ForagingSuccess,ForagingSuccess,User posts an answer clarifying constructor parentheses usage in PHP. This is another successful knowledge contribution where the user provides a definitive solution to a question.,,,,,0.95,0.0,False,analyst_only
so_session_1957,edit_59095124,2014-02-27 10:35:49.917000+01:00,EDIT_INITIAL_BODY,"Edited post 22064407: ""Nope, no difference whatsoever. If you don't need to pass parameters to the cons"": ""Nope, no difference whatsoever. If you don't need to pass parameters to the cons"" | Change: Nope, no difference whatsoever. If you don't need to pass parameters to the constructor, the parentheses are entirely superfluous.",DietEnrichment,DietEnrichment,"User edits the initial body of their answer about constructor parentheses. This refinement improves the quality and accuracy of their contribution, representing DietEnrichment.",,,,,0.95,0.0,False,analyst_only
so_session_1957,post_22064516,2014-02-27 10:39:33.857000+01:00,POST_ANSWER,Posted answer to question bytearray(b'22064419') | Answer: <p>You know that you have instantiated a class if you have an object of that type:</p>  <pre><code>$parse instanceof parse </code></pre>  <p>A class does not keep track how many objects of its type ha...,ForagingSuccess,ForagingSuccess,User posts an answer explaining how to check if a class has been instantiated using instanceof. This is another instance of successful knowledge contribution and solution provision.,,,,,0.95,0.0,False,analyst_only
so_session_1957,edit_59095472,2014-02-27 10:39:33.857000+01:00,EDIT_INITIAL_BODY,"Edited post 22064516 | Change: You know that you have instantiated a class if you have an object of that type:
 
     $parse instanceof parse
 
 A class does not keep track how many objects of its type have been instantiated. If yo",DietEnrichment,DietEnrichment,"User edits the initial body of their class instantiation answer to improve formatting and add additional explanation. This refinement enhances the information quality, making it DietEnrichment.",,,,,0.95,0.0,False,analyst_only
so_session_1957,comment_33457773,2014-02-27 10:41:03.177000+01:00,COMMENT,Commented on: Check if a class has been instantiated | Comment: Please clarify why you (think you) need this information.,ApproachingSource,ApproachingSource,User comments on the class instantiation question asking for clarification about why the information is needed ('Please clarify why you (think you) need this information'). This is engaging with the source to better understand the underlying need.,,,,,0.9,0.0,False,analyst_only
so_session_1957,comment_33457998,2014-02-27 10:46:36.887000+01:00,COMMENT,Commented on: database or flat file structure behind autocomplete | Comment: Then perhaps you want a memcache or maybe a caching proxy like nginx in front of your web API.,DietEnrichment,DietEnrichment,User suggests technical solutions (memcache or nginx caching proxy) for the autocomplete performance discussion. This adds valuable architectural knowledge and enriches the information environment.,,,,,0.85,0.0,False,analyst_only
so_session_1988,comment_33944562,2014-03-11 21:20:14.137000+01:00,COMMENT,"Commented on: php - retrieve language phrases from MySQL | Comment: If you're simply looking for a multilingual website, using an established system like gettext which is made for this purpose would be a much better idea.",DietEnrichment,DietEnrichment,User is contributing knowledge by suggesting an established system (gettext) for multilingual websites. This adds valuable information to the discussion and improves the information environment by offering a better alternative approach.,,,,,0.9,0.0,False,analyst_only
so_session_1988,comment_33944668,2014-03-11 21:23:10.023000+01:00,COMMENT,"Commented on: Define class ""Object"" in global namespace | Comment: Namespaces are there to solve exactly that problem: giving code with generic, possibly conflicting naming a place to live. ""Object"" is about as generic as it gets, conflicts are likely. The choice see",DietEnrichment,DietEnrichment,User is explaining the purpose of namespaces and providing context about why 'Object' is a problematic class name. This contributes educational information that enriches the discussion.,,,,,0.9,0.0,False,analyst_only
so_session_1988,comment_33944783,2014-03-11 21:25:50.173000+01:00,COMMENT,"Commented on: When getting the client's IP through a subdomain, it returns the server IP | Comment: Is the request to the sub domain proxied at the server side? Sounds like your web server is running a reverse proxy configuration.",ApproachingSource,ApproachingSource,User is asking a clarifying question about whether the request is proxied at the server side. This shows engagement with the specific technical problem to better understand and evaluate the situation.,,,,,0.85,0.0,False,analyst_only
so_session_1988,post_22335996,2014-03-11 21:31:26.377000+01:00,POST_ANSWER,"Posted answer to question bytearray(b'22335886') | Answer: <blockquote> <p>The <code>getMonth()</code> method returns the month in the specified date according to local time, as a zero-based value (where zero indicates the first month of the year).</p> <p>The...",ForagingSuccess,ForagingSuccess,User posted an answer providing a solution to a question about JavaScript's getMonth() method. This represents successful knowledge contribution where the user found/created a solution to share.,,,,,0.95,0.0,False,analyst_only
so_session_1988,edit_60128098,2014-03-11 21:31:26.377000+01:00,EDIT_INITIAL_BODY,"Edited post 22335996 | Change: > The `getMonth()` method returns the month in the specified date according to local time, as a zero-based value (where zero indicates the first month of the year).
 
 > The `getDay()` method returns",DietEnrichment,DietEnrichment,"User is editing the initial body of their own answer to improve formatting and content quality. This refines and enhances the information they just contributed, making it more valuable to others.",,,,,0.95,0.0,False,analyst_only
so_session_2012,post_22421553,2014-03-15 09:40:07.427000+01:00,POST_ANSWER,"Posted answer to question bytearray(b'22421352') | Answer: <p>Read the documentation: <a href=""http://httpd.apache.org/docs/2.2/mod/mod_vhost_alias.html"" rel=""nofollow"">http://httpd.apache.org/docs/2.2/mod/mod_vhost_alias.html</a></p>  <blockquote>   <p>All t...",ForagingSuccess,ForagingSuccess,"User posts an answer to a question, providing a solution by referencing Apache documentation. This represents successful knowledge contribution where the user found/created information to address someone else's query.",,,,,0.95,0.0,False,analyst_only
so_session_2012,edit_60443189,2014-03-15 09:40:07.427000+01:00,EDIT_INITIAL_BODY,"Edited post 22421553 | Change: Read the documentation: http://httpd.apache.org/docs/2.2/mod/mod_vhost_alias.html
 
 > All the directives in this module interpolate a string into a
 > pathname. The interpolated string [...] may be e",DietEnrichment,DietEnrichment,User immediately edits their own answer to improve the content quality by expanding the explanation and providing more detailed documentation information. This enriches the information environment by making the answer more comprehensive.,,,,,0.9,0.0,False,analyst_only
so_session_2012,comment_34094044,2014-03-15 09:40:35.520000+01:00,COMMENT,"Commented on: Apache HTTPD Virtual Host,what is %1+ in a document root? | Comment: Graham Not everything that mentions ""Mac"" is material for AD, this is purely an Apache question.",ApproachingSource,ApproachingSource,"User comments on a question to clarify that it's purely an Apache question, not material for another topic (AD). This is ApproachingSource as the user is engaging with the question to evaluate and clarify its scope and appropriateness.",,,,,0.85,0.0,False,analyst_only
so_session_2012,post_22421617,2014-03-15 09:47:17.747000+01:00,POST_ANSWER,"Posted answer to question bytearray(b'22421575') | Answer: <pre><code>$path    = realpath($file);  // resolves all ../ $allowed = '/foo/bar/baz/';  if (strpos($path, $allowed) !== 0) {     die('not allowed'); }  if (strpos($path, '/foo/bar/baz/resources/') ==...",ForagingSuccess,ForagingSuccess,"User posts another answer to a different question, providing PHP code to solve a file path security issue. This represents another instance of successful knowledge contribution where the user found/created a solution.",,,,,0.95,0.0,False,analyst_only
so_session_2012,edit_60443406,2014-03-15 09:47:17.747000+01:00,EDIT_INITIAL_BODY,"Edited post 22421617 | Change: $path    = realpath($file);  // resolves all ../
     $allowed = '/foo/bar/baz';
     
     if (strpos($path, $allowed) !== 0) {
         die('not allowed');
     }
     
     if (strpos($path, '/",DietEnrichment,DietEnrichment,User edits their newly posted answer to format the code properly and improve readability. This enriches the information environment by making the technical solution clearer and more accessible to others.,,,,,0.9,0.0,False,analyst_only
so_session_2012,edit_60443996,2014-03-15 10:06:15.827000+01:00,EDIT_BODY,"Edited post 22421617 | Edit reason: added 2 characters in body | New content: $path    = realpath($file);  // resolves all ../
     $allowed = '/foo/bar/baz/';
     
     if (strpos($path, $allowed) !== 0) {
         die('not allowed');
     }
     
     if (strpos($path, '...",DietEnrichment,DietEnrichment,"User makes a subsequent edit to their answer, adding characters to fix a potential issue in the code (adding trailing slash to $allowed path). This further improves the accuracy and quality of the information provided.",,,,,0.9,0.0,False,analyst_only
so_session_2012,comment_34094461,2014-03-15 10:09:08.867000+01:00,COMMENT,Commented on: PHP: Shorthand if - result does not show complete value | Comment: Look at the resulting HTML!,ApproachingSource,ApproachingSource,"User comments on a PHP question about shorthand if statements, directing the asker to examine the resulting HTML. This is ApproachingSource as the user is engaging with the question to provide diagnostic guidance and help evaluate the problem.",,,,,0.85,0.0,False,analyst_only
so_session_2034,comment_34213966,2014-03-18 20:51:32.067000+01:00,COMMENT,"Commented on: Using PHP for random hour functions | Comment: I'd approach this completely the other way around: Tag each blog post randomly with a time when it's supposed to be released, and alter your blog program accordingly to show only released posts. Or ma",DietEnrichment,DietEnrichment,"User is providing an alternative approach to solve the problem described in the question. This comment adds valuable information and suggests a different methodology, enriching the knowledge environment by offering an alternative solution path.",,,,,0.9,0.0,False,analyst_only
so_session_2034,post_22490174,2014-03-18 21:20:59.577000+01:00,POST_ANSWER,Posted answer to question bytearray(b'22489983') | Answer: <ol> <li><p>That code is extremely convoluted and can be simplified to:</p>  <pre><code>public static function _fetch($sql) {     $q = mysql_query($sql);      if (mysql_num_rows($q) == 0) {         re...,ForagingSuccess,ForagingSuccess,"User posts an answer to a question, providing a solution to someone else's information need. This represents successful knowledge contribution where the user has found/created a solution to share with the community.",,,,,0.95,0.0,False,analyst_only
so_session_2034,edit_60706276,2014-03-18 21:20:59.577000+01:00,EDIT_INITIAL_BODY,"Edited post 22490174 | Change: 1. That code is extremely convoluted and can be simplified to:
 
         public static function _fetch($sql) {
             $q = mysql_query($sql);
         
             if (mysql_num_rows($q) == 0)",DietEnrichment,DietEnrichment,"User edits the initial body of their own answer to improve its clarity and structure. This action enhances the quality and readability of the information they're providing, enriching the knowledge environment.",,,,,0.95,0.0,False,analyst_only
so_session_2034,post_22490239,2014-03-18 21:23:51.943000+01:00,POST_ANSWER,Posted answer to question bytearray(b'22490204') | Answer: <pre><code>if (isset($_POST['check']) &amp;&amp; strlen($_POST['check']) &gt; 0) {     // something was entered } </code></pre>...,ForagingSuccess,ForagingSuccess,"User posts another answer to a different question, providing a solution to someone else's information need. This continues the pattern of successful knowledge contribution and problem-solving.",,,,,0.95,0.0,False,analyst_only
so_session_2034,edit_60706511,2014-03-18 21:23:51.943000+01:00,EDIT_INITIAL_BODY,"Edited post 22490239 | Change: if (isset($_POST['check']) && strlen($_POST['check']) > 0) {
         // something was entered
     }",DietEnrichment,DietEnrichment,"User edits the initial body of their second answer to improve its formatting and clarity. This refinement enhances the quality of the information being shared, contributing to better knowledge dissemination.",,,,,0.95,0.0,False,analyst_only
so_session_2034,comment_34215206,2014-03-18 21:24:27.633000+01:00,COMMENT,"Commented on post 22490239 | Comment: Because `""0""` is *empty* as well. :)",DietEnrichment,DietEnrichment,"User adds a clarifying comment to their own answer, providing additional context about why empty string '0' is considered empty. This enriches the information by adding nuance and explanation to their solution.",,,,,0.9,0.0,False,analyst_only
so_session_2034,comment_34215344,2014-03-18 21:28:18.367000+01:00,COMMENT,"Commented on post 22490174 | Comment: 1) Fail early, don't have long nested `if..else` with `return false` at the end. 2) If there are no result rows, `$result` is never defined and `return $result` triggers an error. Well, in your case y",DietEnrichment,DietEnrichment,"User provides constructive feedback on their own answer, suggesting improvements to code structure and pointing out potential issues. This self-improvement comment enriches the information quality by refining the solution.",,,,,0.9,0.0,False,analyst_only
so_session_2034,post_22490503,2014-03-18 21:38:09.760000+01:00,POST_ANSWER,"Posted answer to question bytearray(b'22490400') | Answer: <p>It seems to me you're barking up the wrong tree. You cannot detect if someone ""changes"" something. All you get is a request for a URL, and that's it. You typically have no idea where that request c...",ForagingSuccess,ForagingSuccess,"User posts a third answer to another question, providing guidance and explaining why the original approach might be misguided. This represents successful knowledge contribution by offering conceptual clarification.",,,,,0.95,0.0,False,analyst_only
so_session_2034,edit_60707492,2014-03-18 21:38:09.760000+01:00,EDIT_INITIAL_BODY,"Edited post 22490503: ""It seems to me you're barking up the wrong tree. You cannot detect if someone ""c"": ""It seems to me you're barking up the wrong tree. You cannot detect if someone ""c"" | Change: It seems to me you're barking up the wrong tree. You cannot detect if someone ""changes"" something. All you get is a request for a URL, and that's it. You typically have no idea where that request came",DietEnrichment,DietEnrichment,"User edits the initial body of their third answer to improve its content and formatting. This refinement enhances the quality and clarity of the information being shared, contributing to better knowledge dissemination.",,,,,0.95,0.0,False,analyst_only
so_session_2034,comment_34215904,2014-03-18 21:44:18.577000+01:00,COMMENT,"Commented on post 22490174 | Comment: Well, your script exhausts memory at 64MB, which is quite a lot of data for a little PHP script. I don't know how much data you're processing there obviously, you need to figure that out. Seems like t",DietEnrichment,DietEnrichment,"User adds a comment to their first answer, providing additional technical insight about memory exhaustion and suggesting optimization approaches. This enriches the information by adding performance considerations to the solution.",,,,,0.9,0.0,False,analyst_only
so_session_2059,comment_34425403,2014-03-24 13:23:42.527000+01:00,COMMENT,"Commented on post 22608167 | Comment: Nope, ""PHP server"" is not running. *Apache* (or nginx or some other web server) is running, which launches an independent PHP instance for each request. PHP scripts themselves are started up and torn",DietEnrichment,DietEnrichment,"User is providing technical clarification about PHP server architecture, correcting a misconception and adding valuable information to the discussion. This enriches the information environment by improving the accuracy of the content.",DietEnrichment,agree,"The comment corrects a misconception about PHP server architecture with precise technical detail, directly improving the accuracy of the post. This fits DietEnrichment as it adds authoritative context to the information ecosystem.","Both the Analyst and Critic agree that the user is providing valuable technical clarification about PHP server architecture, correcting a misconception and adding valuable information to the discussion. This enriches the information environment by improving the accuracy of the content.",0.95,0.0,False,full
so_session_2059,comment_34425488,2014-03-24 13:26:08.990000+01:00,COMMENT,"Commented on post 22609294 | Comment: This may give you wrong results on, say, January 31st. ""+1 months"" is somewhat fickle since ""1 month"" is a vague specification.",DietEnrichment,DietEnrichment,"User is contributing knowledge about date handling in PHP, pointing out a potential pitfall with month calculations. This adds valuable context and improves the quality of information available.",DietEnrichment,agree,"The comment highlights a subtle but critical flaw in date manipulation logic, providing expert insight that prevents future errors. This is a clear case of enriching the knowledge base with nuanced domain knowledge.","The Analyst and Critic both recognize that the user is contributing knowledge about potential pitfalls in date handling in PHP. This adds valuable context and improves the quality of information available, aligning well with the DietEnrichment label.",0.9,0.0,False,full
so_session_2059,comment_34425507,2014-03-24 13:26:32.907000+01:00,COMMENT,"Commented on post 22609293 | Comment: This may give you wrong results on, say, January 31st. ""+1 months"" is somewhat fickle since ""1 month"" is a vague specification.",DietEnrichment,DietEnrichment,"Similar to previous comment, user is providing technical insight about date handling issues, enriching the information ecosystem with expert knowledge about PHP month calculation limitations.",DietEnrichment,agree,"Identical in intent and content to Event 2, this comment serves the same purpose: warning users about a common pitfall in PHP date handling. It enriches the ecosystem by preventing misinformation.","Similar to Event 2, both perspectives agree that the user is providing technical insight about date handling issues, enriching the information ecosystem with expert knowledge about PHP month calculation limitations. The intent is clear and consistent with DietEnrichment.",0.9,0.0,False,full
so_session_2059,comment_34425644,2014-03-24 13:29:38.297000+01:00,COMMENT,Commented on: Handling month in switch case PHP | Comment: possible duplicate of [PHP: Populating an array with the names of the next 12 months](http://stackoverflow.com/questions/1215555/php-populating-an-array-with-the-names-of-the-next-12-months),ApproachingSource,DietEnrichment,"User is suggesting a potential duplicate reference, which helps organize and connect related information in the platform. This contributes to better information architecture and resource discovery.",ApproachingSource,disagree,"While the comment links to a duplicate, its primary function is not to enrich content but to redirect the user to an existing solution — an act of evaluating the relevance of existing information. This is a meta-cognitive evaluation of the information landscape, aligning with ApproachingSource as the user is assessing whether the current post is worth further engagement.","The Analyst suggests DietEnrichment for suggesting a potential duplicate reference, while the Critic argues that the primary function is to evaluate the relevance of existing information. Given the focus on redirecting to related content, ApproachingSource is more appropriate.",0.85,1.0,False,full
so_session_2059,comment_34426584,2014-03-24 13:52:32.650000+01:00,COMMENT,"Commented on post 22609521 | Comment: `mktime` will actually wrap around on its own, you don't need to reset back to `1`. In fact you have a bug in that code and will get January twice in December. Apart from that, good solution.",DietEnrichment,DietEnrichment,"User is providing technical correction to code, identifying a bug in the month calculation logic and explaining the issue. This improves the accuracy and quality of the information presented.",DietEnrichment,agree,"The comment identifies a specific bug in code logic and explains the correct behavior of mktime(). This is a direct improvement to the accuracy of the posted solution, fitting DietEnrichment perfectly.","Both the Analyst and Critic agree that the user is providing a technical correction to code, identifying a bug in the month calculation logic and explaining the issue. This directly improves the accuracy and quality of the information presented, fitting DietEnrichment perfectly.",0.95,0.0,False,full
so_session_2059,post_22610090,2014-03-24 13:58:11.493000+01:00,POST_ANSWER,"Posted answer to question bytearray(b'22609872') | Answer: <ol> <li>Yes, the reason why the program will halt is that you're triggering an <code>E_USER_ERROR</code>, which by default stops the application. If you'd trigger an <code>E_USER_WARNING</code> or le...",ForagingSuccess,ForagingSuccess,"User posts a comprehensive answer explaining PHP error handling behavior, providing a solution to someone's question. This represents successful knowledge contribution and resolution of an information need.",ForagingSuccess,agree,"The user provides a comprehensive, correct answer to a specific question about E_USER_ERROR behavior. This resolves the original information need and constitutes successful knowledge contribution.","The Analyst and Critic both recognize that the user posted a comprehensive answer explaining PHP error handling behavior, providing a solution to someone's question. This represents successful knowledge contribution and resolution of an information need, fitting ForagingSuccess.",0.97,0.0,False,full
so_session_2059,edit_61151624,2014-03-24 13:58:11.493000+01:00,EDIT_INITIAL_BODY,"Edited post 22610090: ""Yes, the reason why the program will halt is that you're triggering an E_USER_ER"": ""Yes, the reason why the program will halt is that you're triggering an E_USER_ER"" | Change: 1. Yes, the reason why the program will halt is that you're triggering an `E_USER_ERROR`, which by default stops the application. If you'd trigger an `E_USER_WARNING` or lesser error the program would",DietEnrichment,DietEnrichment,User is editing their own answer to improve its quality and accuracy. This refinement of content directly enriches the information environment by making the solution clearer and more complete.,DietEnrichment,agree,"The edit corrects a truncated error constant (E_USER_ER → E_USER_ERROR), improving the technical accuracy of the answer. Even minor edits that enhance correctness qualify as DietEnrichment under IFT.","Both perspectives agree that the user is editing their own answer to improve its quality and accuracy. The edit corrects a truncated error constant, enhancing the correctness of the answer, which aligns with the DietEnrichment label.",0.93,0.0,False,full
so_session_2059,comment_34427109,2014-03-24 14:05:02.353000+01:00,COMMENT,"Commented on: PHP: unset first 3 elements from array | Comment: `unset` should not trigger any error for non-existent indexes, it'll just silently do nothing. Please show a complete code sample that reproduces the problem.",ApproachingSource,ApproachingSource,User is asking for clarification and more complete code sample to better understand and diagnose the issue. This shows engagement with specific content to evaluate and extract information.,ApproachingSource,agree,"The user requests a complete code sample to better diagnose the issue. This is a classic case of approaching a source to evaluate its validity and extract sufficient context — not adding content, but probing for clarity.","The Analyst and Critic both agree that the user is asking for clarification and a more complete code sample to better understand and diagnose the issue. This shows engagement with specific content to evaluate and extract information, aligning with ApproachingSource.",0.9,0.0,False,full
so_session_2059,comment_34427158,2014-03-24 14:06:07.907000+01:00,COMMENT,"Commented on post 22610114 | Comment: Maximus Yes, you are wrong. :) An `E_ERROR` cannot be caught, an `E_USER_ERROR` can (interestingly enough).",DietEnrichment,DietEnrichment,"User is providing technical clarification about PHP error types, correcting a misconception and adding precise information about the difference between E_ERROR and E_USER_ERROR.",DietEnrichment,agree,"The comment corrects a misconception about error handling in PHP by distinguishing E_ERROR from E_USER_ERROR — a precise, authoritative clarification that improves the quality of the information environment.","Both the Analyst and Critic agree that the user is providing technical clarification about PHP error types, correcting a misconception and adding precise information about the difference between E_ERROR and E_USER_ERROR. This improves the quality of the information environment.",0.92,0.0,False,full
so_session_2059,comment_34427678,2014-03-24 14:18:24+01:00,COMMENT,"Commented on: Cannot pass values into a php function | Comment: An AJAX request is a regular HTTP request, it's exactly the same as typing the URL into the browser's address bar. You wouldn't usually use `$argv` either, would you?",DietEnrichment,DietEnrichment,"User is explaining AJAX request mechanics in PHP, providing educational content that clarifies how HTTP requests work. This enriches the knowledge base with clear technical explanations.",DietEnrichment,agree,"The comment educates the user by explaining the equivalence of AJAX and HTTP requests, demystifying a conceptual confusion. This adds explanatory value to the ecosystem, fitting DietEnrichment.","Both perspectives agree that the user is explaining AJAX request mechanics in PHP, providing educational content that clarifies how HTTP requests work. This enriches the knowledge base with clear technical explanations, fitting DietEnrichment.",0.9,0.0,False,full
so_session_2059,comment_34427746,2014-03-24 14:19:37.967000+01:00,COMMENT,Commented on post 22610461 | Comment: Easy to understand? Maybe. Simple? Not really. ;),PoorScent,PoorScent,"User is expressing criticism about code complexity, indicating that the presented solution is not optimal. This represents a negative evaluation of information quality.",PoorScent,agree,"The comment explicitly critiques the solution as 'not simple' and implies it's overly complex — a negative evaluation of information quality. While subjective, the tone and intent align with PoorScent as a signal of low perceived utility.","Both the Analyst and Critic agree that the user is expressing criticism about code complexity, indicating that the presented solution is not optimal. This represents a negative evaluation of information quality, aligning with PoorScent.",0.8,0.0,False,full
so_session_2059,comment_34428023,2014-03-24 14:25:57.560000+01:00,COMMENT,Commented on: PHP check if is integer | Comment: Say what? `ceil(123) == 123` http://3v4l.org/mFLo1,PoorScent,PoorScent,"User is challenging the validity of an approach with a counter-example and reference link, indicating the proposed solution is flawed or incorrect.",PoorScent,agree,"The user challenges a proposed solution with a counter-example and live demo link, directly indicating the approach is flawed. This is a clear negative signal of information quality, satisfying PoorScent criteria.","Both perspectives agree that the user is challenging the validity of an approach with a counter-example and reference link, indicating the proposed solution is flawed or incorrect. This is a clear negative signal of information quality, satisfying PoorScent criteria.",0.9,0.0,False,full
so_session_2059,comment_34428675,2014-03-24 14:40:39.520000+01:00,COMMENT,"Commented on: Is str_replace with an array the right way to format a person's last name? | Comment: First of all, define ""standardise"". What is the ""standard""?",ApproachingSource,ApproachingSource,User is asking for clarification about the definition of 'standardise' to better understand the question's requirements. This shows engagement with the source to extract and evaluate information.,ApproachingSource,agree,The user asks for a definition of 'standardise' to properly understand the question's scope. This is an information-seeking behavior aimed at evaluating the question's intent before engaging further — classic ApproachingSource.,"Both the Analyst and Critic agree that the user is asking for clarification about the definition of 'standardise' to better understand the question's requirements. This shows engagement with the source to extract and evaluate information, aligning with ApproachingSource.",0.88,0.0,False,full
so_session_2059,comment_34428761,2014-03-24 14:42:36.760000+01:00,COMMENT,"Commented on post 22610461 | Comment: Not saying I don't understand it, on the contrary. I'm saying it's overly complicated, not ""simple"". :) For me ""simple"" means ""concise, not verbose"".",PoorScent,PoorScent,"User is continuing criticism about code complexity, reinforcing the negative evaluation of the solution's quality and expressing that it's overly complicated.",PoorScent,agree,"The comment reinforces the prior critique by reiterating that the solution is 'overly complicated' and contrasts it with the user’s definition of 'simple'. This is a sustained negative evaluation of the information quality, consistent with PoorScent.","Both the Analyst and Critic agree that the user is continuing criticism about code complexity, reinforcing the negative evaluation of the solution's quality and expressing that it's overly complicated. This is a sustained negative evaluation of the information quality, consistent with PoorScent.",0.85,0.0,False,full
so_session_2068,comment_34475258,2014-03-25 15:16:32.610000+01:00,COMMENT,Commented on post 22636366 | Comment: That's pretty damn uncommon and has apparently uncovered some bug in the underlying PHP code.,ApproachingSource,ApproachingSource,"User is commenting on a post to provide additional context about an uncommon scenario and potential PHP bug. This represents engaging with specific content to evaluate and discuss information quality, which aligns with ApproachingSource behavior.",,,,,0.85,0.0,False,analyst_only
so_session_2068,comment_34476217,2014-03-25 15:37:23.397000+01:00,COMMENT,"Commented on post 22635834 | Comment: Fred-ii- There isn't really much opinion involved, but probably not everybody was up to speed until somewhat recently and PHP's inconsistent support for good algorithms has contributed to that situati",ApproachingSource,ApproachingSource,"User is commenting on another post to clarify technical details about PHP's algorithm support. This shows engagement with specific content to refine understanding and provide context, consistent with ApproachingSource behavior of drilling into content for evaluation.",,,,,0.85,0.0,False,analyst_only
so_session_2068,post_22637955,2014-03-25 15:43:28.863000+01:00,POST_ANSWER,"Posted answer to question bytearray(b'22637817') | Answer: <pre><code>function my_function($arg1, $arg2) { </code></pre>  <p>Inside this function, <code>$arg1</code> and <code>$arg2</code> will always be <em>set</em>, because you declared those variables in t...",ForagingSuccess,ForagingSuccess,"User posts an answer with code and explanation about function parameters in PHP. This represents successfully creating and sharing a solution to someone's question, which directly corresponds to ForagingSuccess - the user found/created a solution.",,,,,0.95,0.0,False,analyst_only
so_session_2068,edit_61255345,2014-03-25 15:43:28.863000+01:00,EDIT_INITIAL_BODY,"Edited post 22637955 | Change: function my_function($arg1, $arg2) {
 
 Inside this function, `$arg1` and `$arg2` will always be *set*, because you declared those variables in the function signature. Checking for `isset` inside",DietEnrichment,DietEnrichment,"User edits the initial body of their own answer to improve the content quality and clarity. This is clearly contributing knowledge and refining existing content, which aligns with DietEnrichment behavior of improving information in the ecosystem.",,,,,0.95,0.0,False,analyst_only
so_session_2068,edit_61255958,2014-03-25 15:49:21.903000+01:00,EDIT_BODY,"Edited post 22637955 | Edit reason: added 289 characters in body | New content: function my_function($arg1, $arg2) {
 
 Inside this function, `$arg1` and `$arg2` will always be *set*, because you declared those variables in the function signature. Checking for `isset` inside...",DietEnrichment,DietEnrichment,"User further edits their answer body to add more characters and improve the explanation. This continues the pattern of refining and enhancing their contribution, representing DietEnrichment through ongoing improvement of information quality.",,,,,0.95,0.0,False,analyst_only
so_session_2068,comment_34476901,2014-03-25 15:50:17.440000+01:00,COMMENT,Commented on post 22635834 | Comment: You are aware that there's an implementation of `password_hash` in PHP you can use from PHP 5.3 and up?,DietEnrichment,DietEnrichment,"User comments on a post to provide additional technical information about password_hash implementation availability in PHP versions. This adds valuable context and knowledge to the discussion, representing DietEnrichment through contribution of helpful information.",,,,,0.9,0.0,False,analyst_only
so_session_2104,comment_34729695,2014-04-01 09:05:59.590000+02:00,COMMENT,"Commented on: Returning alphabet of any given language as array in PHP or Yii | Comment: Define the relationship between a ""language"" and ""its alphabet"" first. Is ""ï"" an ""English letter""? No? But it's used in words like ""naïve"". Is ""J"" a ""Japanese letter""? No? Then why is the country's ra",ApproachingSource,ApproachingSource,"User is commenting on a question to seek clarification and define the problem scope. This shows engagement with a specific post to evaluate its information quality and understand the problem better, which aligns with ApproachingSource behavior.",,,,,0.9,0.0,False,analyst_only
so_session_2104,comment_34729961,2014-04-01 09:14:44.237000+02:00,COMMENT,"Commented on: Returning alphabet of any given language as array in PHP or Yii | Comment: The point is, what you're asking for is vaguely defined to begin with. How dates are formatted in a specific language/culture is pretty well defined. But which letters officially belong to a language",ApproachingSource,ApproachingSource,"User continues to comment on the same question, pointing out that the problem is vaguely defined. This represents further investigation and evaluation of the source content to understand its limitations.",,,,,0.9,0.0,False,analyst_only
so_session_2104,comment_34730240,2014-04-01 09:23:43.763000+02:00,COMMENT,"Commented on: Returning alphabet of any given language as array in PHP or Yii | Comment: You could get the letters of *an alphabet*, like the Cyrillic alphabet. That's pretty well defined. But that alphabet is used in more than one language, and one language may use more than one alphabet",ApproachingSource,ApproachingSource,User provides additional commentary suggesting a more well-defined approach to the problem. This shows continued engagement with the source to refine understanding and propose alternative perspectives.,,,,,0.9,0.0,False,analyst_only
so_session_2104,post_22779786,2014-04-01 09:51:03.667000+02:00,POST_ANSWER,"Posted answer to question bytearray(b'22779438') | Answer: <p>You are not accessing it ""from your PHP page"". The web server is either serving a request or it isn't. When you load your ""PHP page"" in a browser, the browser will then go out and request all the J...",ForagingSuccess,ForagingSuccess,"User posts an answer to a question, providing a solution to an information need. This represents successful knowledge contribution and resolution of a problem, which is the definition of ForagingSuccess.",,,,,0.95,0.0,False,analyst_only
so_session_2104,edit_61790584,2014-04-01 09:51:03.667000+02:00,EDIT_INITIAL_BODY,"Edited post 22779786: ""You are not accessing it ""from your PHP page"". The web server is either serving "": ""You are not accessing it ""from your PHP page"". The web server is either serving "" | Change: You are not accessing it ""from your PHP page"". The web server is either serving a request or it isn't. When you load your ""PHP page"" in a browser, the browser will then go out and request all the Java",DietEnrichment,DietEnrichment,"User immediately edits their own answer to improve its content. This represents refining and enhancing the information quality of their contribution, which is classic DietEnrichment behavior.",,,,,0.95,0.0,False,analyst_only
so_session_2104,comment_34731443,2014-04-01 09:59:33.657000+02:00,COMMENT,"Commented on post 22779786 | Comment: Sure, but since I guess you want to verify against a PHP session, you need to invoke PHP. Just testing for the presence of *some* cookie without verifying it's a valid session is not real protection.",DietEnrichment,DietEnrichment,User comments on their own answer to provide additional clarification and context. This adds value to the existing information and helps others understand the solution better.,,,,,0.9,0.0,False,analyst_only
so_session_2104,comment_34731477,2014-04-01 10:01:00.860000+02:00,COMMENT,Commented on: How to list the last N months with PHP DateTime | Comment: possible duplicate of [PHP: Populating an array with the names of the next 12 months](http://stackoverflow.com/questions/1215555/php-populating-an-array-with-the-names-of-the-next-12-months) (just in,ApproachingSource,ApproachingSource,User comments on a different question suggesting it might be a duplicate. This shows evaluation of the question's content and comparison with existing knowledge sources.,,,,,0.85,0.0,False,analyst_only
so_session_2104,edit_61792087,2014-04-01 10:12:13.590000+02:00,EDIT_BODY,"Edited post 1215667 | Edit reason: added 3 characters in body | New content: Just fixed your code slightly, this should work pretty well:
 
     $months = array();
     $currentMonth = (int)date('m');
 
     for ($x = $currentMonth; $x < $currentMonth + 12; $x++) {
         $m...",DietEnrichment,DietEnrichment,User edits an existing answer to fix code and improve its quality. This directly enriches the information environment by making the solution more accurate and helpful.,,,,,0.95,0.0,False,analyst_only
so_session_2104,comment_34731864,2014-04-01 10:12:35.013000+02:00,COMMENT,Commented on: How to list the last N months with PHP DateTime | Comment: Why does it have to be `DateTime`? `mktime` is a lot better suited for this procedure.,ApproachingSource,ApproachingSource,User comments on a question to suggest an alternative approach using mktime instead of DateTime. This shows engagement with the source content to evaluate and propose better solutions.,,,,,0.85,0.0,False,analyst_only
so_session_2104,comment_34732185,2014-04-01 10:22:53.787000+02:00,COMMENT,"Commented on: How to list the last N months with PHP DateTime | Comment: If the system your code is running on in 2038 is still susceptible to the Y2K38 problem, your code will probably be falling apart somewhere anyway, regardless of this particular coding question. I can",ApproachingSource,ApproachingSource,User comments on the Y2K38 problem relevance to the solution. This represents technical evaluation and consideration of edge cases for the proposed approach.,,,,,0.85,0.0,False,analyst_only
so_session_2104,post_22780559,2014-04-01 10:29:59.120000+02:00,POST_ANSWER,"Posted answer to question bytearray(b'22780122') | Answer: <p>So you have a string in your template which <a href=""http://bossip.files.wordpress.com/2012/09/xzibit.png?w=500"" rel=""noreferrer"">in itself</a> is a template. Then you need to tell Twig to treat yo...",ForagingSuccess,ForagingSuccess,"User posts another answer to a different question, providing a solution to an information need. This is another successful knowledge contribution.",,,,,0.95,0.0,False,analyst_only
so_session_2104,edit_61793477,2014-04-01 10:29:59.120000+02:00,EDIT_INITIAL_BODY,"Edited post 22780559: ""So you have a string in your template which in itself is a template. Then you ne"": ""So you have a string in your template which in itself is a template. Then you ne"" | Change: So you have a string in your template which [in itself][1] is a template. Then you need to tell Twig to treat your template variable as a template, otherwise it'll just treat it as string. For this th",DietEnrichment,DietEnrichment,User immediately edits their newly posted answer to improve its content. This is another instance of refining information quality through editing.,,,,,0.95,0.0,False,analyst_only
so_session_2104,comment_34732604,2014-04-01 10:34:42.977000+02:00,COMMENT,"Commented on: Database query vs PHP require_once | Comment: What you do is some good old *caching*. That's a perfectly viable thing to do. There's no absolute yes or no. If it helps you, great.",DietEnrichment,DietEnrichment,"User comments on a question to provide additional context about caching, adding valuable information that helps frame the problem and potential solutions.",,,,,0.9,0.0,False,analyst_only
so_session_2104,comment_34733265,2014-04-01 10:51:51.853000+02:00,COMMENT,"Commented on: What does this preg_match syntax match "".+?"" | Comment: See http://stackoverflow.com/a/19405163/476",ApproachingSource,ApproachingSource,User comments to reference an existing answer on a related topic. This shows engagement with the source content by connecting it to relevant existing knowledge.,,,,,0.85,0.0,False,analyst_only
so_session_2104,comment_34733734,2014-04-01 11:05:17.017000+02:00,COMMENT,"Commented on: Adjusting last iteration in a foreach loop in PHP | Comment: This is typically done by putting all items into an array and using `join(',', $items)`.",DietEnrichment,DietEnrichment,User comments to provide a specific solution approach using join() for a foreach loop problem. This adds valuable technical information to the discussion.,,,,,0.9,0.0,False,analyst_only
so_session_2104,comment_34734157,2014-04-01 11:17:59.700000+02:00,COMMENT,"Commented on: Adjusting last iteration in a foreach loop in PHP | Comment: Typoheads I'd argue that the span should probably not include the comma. Since the class is called ""list"" it seems weird to wrap each individual item in an individual span to begin with.",DietEnrichment,DietEnrichment,"User comments to refine a proposed solution, suggesting improvements to the HTML structure. This adds nuanced technical insight and improves the quality of the discussion.",,,,,0.9,0.0,False,analyst_only
so_session_2104,comment_34734228,2014-04-01 11:19:48.897000+02:00,COMMENT,"Commented on: mapping a specific key to every entry in an array in php | Comment: Instead of describing your array structures and desired outcome in words, please do so in code. That's a lot easier to understand.",ApproachingSource,ApproachingSource,User comments to request clearer problem specification through code examples. This shows engagement with the source to better understand and evaluate the problem being presented.,,,,,0.9,0.0,False,analyst_only
so_session_2135,post_22908742,2014-04-07 11:41:39.637000+02:00,POST_ANSWER,Posted answer to question bytearray(b'22907369') | Answer: <p>You need to run a web server (assuming we're talking about HTTP requests) on <code>localhost</code> which redirects or proxies requests to <code>pathToResource</code> to the remote path. For exampl...,ForagingSuccess,ForagingSuccess,"User posts an answer to a question, indicating they have found or created a solution to someone's problem. This represents successful knowledge contribution and resolution of an information need.",,,,,0.95,0.0,False,analyst_only
so_session_2135,edit_62273231,2014-04-07 11:41:39.637000+02:00,EDIT_INITIAL_BODY,"Edited post 22908742: ""You need to run a web server (assuming we're talking about HTTP requests) on loc"": ""You need to run a web server (assuming we're talking about HTTP requests) on loc"" | Change: You need to run a web server on `localhost` which redirects or proxies requests to `pathToResource` to the remote path. For example, create an .htaccess file in the document root of your web server (`",DietEnrichment,DietEnrichment,"User immediately edits the initial body of their answer post. This represents improving the quality or accuracy of their contribution, enriching the information environment.",,,,,0.9,0.0,False,analyst_only
so_session_2135,edit_62274188,2014-04-07 11:53:07.480000+02:00,EDIT_BODY,"Edited post 22908742: ""You need to run a web server (assuming we're talking about HTTP requests) on loc"": ""You need to run a web server (assuming we're talking about HTTP requests) on loc"" | Edit reason: added 45 characters in body | New content: You need to run a web server (assuming we're talking about HTTP requests) on `localhost` which redirects or proxies requests to `pathToResource` to the remote path. For example, create an .htaccess fi...",DietEnrichment,DietEnrichment,User performs another edit on the same answer body after 12 minutes. This continued refinement demonstrates ongoing effort to improve information quality and accuracy.,,,,,0.9,0.0,False,analyst_only
so_session_2135,post_22909471,2014-04-07 12:13:02.613000+02:00,POST_ANSWER,"Posted answer to question bytearray(b'22909426') | Answer: <pre><code>$actual = array(""orange"", ""banana"", ""apple"", ""raspberry"", ""mango"",""pineapple""); $apple = $actual[2]; unset($actual[2]); array_unshift($actual, $apple); </code></pre>...",ForagingSuccess,ForagingSuccess,User posts another answer to a different question. This represents another instance of successful knowledge contribution where the user provides a solution to an information need.,,,,,0.95,0.0,False,analyst_only
so_session_2135,edit_62275880,2014-04-07 12:13:02.613000+02:00,EDIT_INITIAL_BODY,"Edited post 22909471 | Change: $actual = array(""orange"", ""banana"", ""apple"", ""raspberry"", ""mango"",""pineapple"");
     $apple = $actual[2];
     unset($actual[2]);
     array_unshift($actual, $apple);",DietEnrichment,DietEnrichment,"User immediately edits the initial body of their second answer post. This follows the same pattern as the first answer, demonstrating consistent behavior of improving information quality through refinement.",,,,,0.9,0.0,False,analyst_only
so_session_2167,comment_35273769,2014-04-15 11:53:36.090000+02:00,COMMENT,"Commented on post 4812178 | Comment: Flash No. The computer runs internally on UNIX time or something equivalent, it knows what the current absolute time is. It does not run on ""human readable timezone dependent time"". The timezone you s",DietEnrichment,DietEnrichment,"User is providing clarifying information about how computers track time internally, adding knowledge to the discussion. The comment explains that computers run on UNIX time rather than human-readable timezone-dependent time, which enriches the information environment.",,,,,0.9,0.0,False,analyst_only
so_session_2167,comment_35273924,2014-04-15 11:57:30.173000+02:00,COMMENT,"Commented on post 4812178 | Comment: Flash That depends on your BIOS, I don't know what your BIOS does. Have you changed your BIOS's time to see whether that changes something? The fact is, PHP's `date_default_timezone_set` only affects",ApproachingSource,ApproachingSource,"User is asking a clarifying question about BIOS behavior and its relationship to PHP's date function, seeking more details to better understand the source post. This represents investigative engagement with the content.",,,,,0.85,0.0,False,analyst_only
so_session_2167,comment_35274005,2014-04-15 11:59:18.480000+02:00,COMMENT,"Commented on: Does timestamp should change when default timezone differs? | Comment: Can you clarify your logic why *""timestamp should vary depending of timezone on given hour.""*",ApproachingSource,ApproachingSource,User is directly asking for clarification on the logic behind a specific claim in the post ('timestamp should vary depending of timezone'). This is clearly drilling into the content to evaluate and understand the information presented.,,,,,0.95,0.0,False,analyst_only
so_session_2167,comment_35274205,2014-04-15 12:04:08.423000+02:00,COMMENT,"Commented on post 4812178 | Comment: Flash Of course, because you've changed your underlying OS's basic absolute time. If you tell your system that it's currently in Australia and it's currently 8am there, then it uses that information t",DietEnrichment,DietEnrichment,"User is providing explanatory information about why changing the OS timezone affects the system, adding technical context to help the original poster understand the relationship between system time and timezone settings.",,,,,0.9,0.0,False,analyst_only
so_session_2167,post_23080769,2014-04-15 12:14:14.047000+02:00,POST_ANSWER,Posted answer to question bytearray(b'23079195') | Answer: <p>Your problem seems to be a wrong assumption of what <code>date_default_timezone_set</code> does. But first start with how computers keep time:</p>  <ul> <li>the computer's BIOS typically keeps time...,ForagingSuccess,ForagingSuccess,User posts a comprehensive answer addressing the core misunderstanding about date_default_timezone_set and explaining how computers keep time. This represents the successful creation and sharing of a solution to the information need.,,,,,0.95,0.0,False,analyst_only
so_session_2167,edit_62918682,2014-04-15 12:14:14.047000+02:00,EDIT_INITIAL_BODY,"Edited post 23080769 | Change: Your problem seems to be a wrong assumption of what `date_default_timezone_set` does. But first start with how computers keep time:
 
 - the computer's BIOS typically keeps time, but is typically only",DietEnrichment,DietEnrichment,User is editing the initial body of their own answer to improve the content quality and accuracy. This is clearly enriching the information environment by refining their contribution.,,,,,0.95,0.0,False,analyst_only
so_session_2167,comment_35274894,2014-04-15 12:21:34.633000+02:00,COMMENT,"Commented on post 4812178 | Comment: Flash No, the BIOS clock is not absolute either. See my answer in your other question for how the OS deals with that. The millennium bug had nothing at all to do with timezones. `date_default_timezone",DietEnrichment,DietEnrichment,User is providing additional technical clarification about BIOS clocks not being absolute and referencing their answer in another question. This adds valuable information to correct misconceptions.,,,,,0.9,0.0,False,analyst_only
so_session_2167,edit_62919473,2014-04-15 12:23:45.183000+02:00,EDIT_BODY,"Edited post 23080769 | Edit reason: deleted 1 characters in body | New content: Your problem seems to be a wrong assumption of what `date_default_timezone_set` does. But first start with how computers keep time:
 
 - the computer's BIOS typically keeps time, but is typically only...",DietEnrichment,DietEnrichment,User is making minor edits to their answer body to improve the content. Even small edits represent refinement and improvement of the information quality.,,,,,0.9,0.0,False,analyst_only
so_session_2167,comment_35275136,2014-04-15 12:28:21.550000+02:00,COMMENT,"Commented on post 4812178 | Comment: Flash Read everything I posted about the topic, here and in your other question. All the information is there, you just need to process and understand it. I know it's confusing, but I can't summarise",DietEnrichment,DietEnrichment,User is directing the questioner to review all the information provided and encouraging them to process and understand it. This is guidance that enriches the learning process.,,,,,0.85,0.0,False,analyst_only
so_session_2167,edit_62920451,2014-04-15 12:36:58.013000+02:00,EDIT_BODY,"Edited post 23080769 | Edit reason: added 68 characters in body | New content: Your problem seems to be a wrong assumption of what `date_default_timezone_set` does. But first start with how computers keep time:
 
 - the computer's BIOS typically keeps time, but is typically only...",DietEnrichment,DietEnrichment,"User is adding significant content (68 characters) to their answer body, further enriching and improving the technical explanation they provided.",,,,,0.95,0.0,False,analyst_only
so_session_2167,edit_62920808,2014-04-15 12:41:31.090000+02:00,EDIT_BODY,"Edited post 4812178 | Edit reason: added 198 characters in body | New content: `time` returns a UNIX timestamp, which is timezone independent. Since a UNIX timestamp denotes the seconds since 1970 **UTC** you could say it's UTC, but it really has no timezone.
 
 ----------
 
 To...",DietEnrichment,DietEnrichment,User is editing the original question post to add 198 characters that clarify the timezone independence of UNIX timestamps. This improves the quality of the original question for future readers.,,,,,0.95,0.0,False,analyst_only
so_session_2167,comment_35276151,2014-04-15 12:54:49.697000+02:00,COMMENT,Commented on post 4812178 | Comment: Flash **A UNIX timestamp is timezone independent because a correct UNIX timestamp is the same everywhere across the world.** That's a fact. You cannot change it. That's the definition of a UNIX timest,DietEnrichment,DietEnrichment,"User is emphatically reinforcing the key technical fact about UNIX timestamp timezone independence, adding strong clarification to counter persistent misunderstandings.",,,,,0.9,0.0,False,analyst_only
so_session_2167,comment_35276235,2014-04-15 12:57:19.667000+02:00,COMMENT,Commented on post 4812178 | Comment: Flash The fact that most computer's BIOSes keep time in HH:MM:SS without timezone information is a derelict of ancient computing hardware. Replace this worthless BIOS with one that keeps time as a UNI,DietEnrichment,DietEnrichment,"User is providing historical context about BIOS timekeeping practices and their limitations, adding valuable technical background information to the discussion.",,,,,0.9,0.0,False,analyst_only
so_session_2167,comment_35276438,2014-04-15 13:02:43.200000+02:00,COMMENT,"Commented on post 4812178 | Comment: Flash If the timestamp is written in ""HH:MM:SS"" format *without also storing timezone information*, then yes, that's quite worthless. As explained above, ""HH:MM:SS"" without timezone basically means no",DietEnrichment,DietEnrichment,"User is explaining the limitations of time format storage without timezone information, adding technical clarity about what makes time data valuable or worthless.",,,,,0.9,0.0,False,analyst_only
so_session_2167,comment_35276491,2014-04-15 13:03:55.117000+02:00,COMMENT,"Commented on post 4812178 | Comment: Flash You can always derive absolute time from local time and vice versa, as long as you have all the information you need. For local times you *need* to know the timezone, otherwise it's worthless.",DietEnrichment,DietEnrichment,"User is providing a comprehensive explanation of the relationship between absolute time and local time, adding important technical knowledge about time conversion requirements.",,,,,0.9,0.0,False,analyst_only
so_session_2167,comment_35277332,2014-04-15 13:26:00.317000+02:00,COMMENT,"Commented on post 4812178 | Comment: Flash So your one particular server's timekeeping was broken, not **timezone independent** UNIX timestamps as such.",DietEnrichment,DietEnrichment,"User is making a final clarifying distinction between a specific server's broken timekeeping versus the general principle of UNIX timestamp timezone independence, adding precision to the technical discussion.",,,,,0.9,0.0,False,analyst_only
so_session_2181,comment_35361397,2014-04-17 11:35:11.227000+02:00,COMMENT,"Commented on: str_getcsv returns weird results | Comment: If your goal is a multi-dimensional array, then your ""should be"" is wrong.",PoorScent,PoorScent,"The user is commenting on an existing question to point out that the expected outcome ('should be') is wrong. This represents a negative evaluation of the information quality, indicating the user has encountered problematic content that needs correction. The comment serves as explicit criticism rather than seeking clarification or adding constructive information.",,,,,0.9,0.0,False,analyst_only
so_session_2181,post_23129633,2014-04-17 11:39:35.277000+02:00,POST_ANSWER,"Posted answer to question bytearray(b'23129356') | Answer: <p><code>str_getcsv</code> expects <em>a single line</em> of CSV input. You must use it like this:</p>  <pre><code>$csv  = file($filename, FILE_IGNORE_NEW_LINES); $data = array(); foreach ($csv as $li...",ForagingSuccess,ForagingSuccess,"The user posts an answer to a question about str_getcsv returning weird results. This represents the user providing a solution to an information need, which directly corresponds to successful knowledge contribution. Posting answers typically indicates ForagingSuccess as the user has found/created a satisfactory solution.",,,,,0.95,0.0,False,analyst_only
so_session_2181,edit_63097255,2014-04-17 11:39:35.277000+02:00,EDIT_INITIAL_BODY,"Edited post 23129633 | Change: `str_getcsv` expects *a single line* of CSV input. You must use it like this:
 
     $csv  = file($filename, FILE_IGNORE_NEW_LINES);
     $data = array();
     foreach ($csv as $line) {
         $data",DietEnrichment,DietEnrichment,"The user edits the initial body of their own answer to improve its formatting and clarity. This action enhances the quality and readability of the information they provided, which directly contributes to enriching the knowledge environment. Editing one's own content to make it more helpful is a classic DietEnrichment behavior.",,,,,0.95,0.0,False,analyst_only
so_session_2181,post_23129695,2014-04-17 11:42:58.767000+02:00,POST_ANSWER,"Posted answer to question bytearray(b'23129570') | Answer: <p>You're not passing the <code>$files</code> array through recursively:</p>  <pre><code>if (is_dir($dir.'/'.$ff)) {     listFolderFiles($dir.'/'.$ff, $files);                                   ^^^^^^...",ForagingSuccess,ForagingSuccess,The user posts another answer to a different question about recursive file handling. This again represents successful knowledge contribution where the user provides a solution to an information need. The pattern of answering multiple questions indicates the user is successfully foraging and contributing solutions.,,,,,0.95,0.0,False,analyst_only
so_session_2181,edit_63097515,2014-04-17 11:42:58.767000+02:00,EDIT_INITIAL_BODY,"Edited post 23129695 | Change: You're not passing the `$files` array through recursively:
 
     if (is_dir($dir.'/'.$ff)) {
         listFolderFiles($dir.'/'.$ff, $files);
                                       ^^^^^^
     } ...",DietEnrichment,DietEnrichment,"The user edits the initial body of their second answer to improve code formatting and readability. Similar to event 3, this action enhances the quality of the information provided, making it more accessible and useful to others. This is clearly an information refinement activity that enriches the knowledge ecosystem.",,,,,0.95,0.0,False,analyst_only
so_session_2207,comment_35527639,2014-04-22 16:56:42.873000+02:00,COMMENT,"Commented on: PHP readfile return data | Comment: What you're seeing there is binary data, which is perfectly expected for outputting a binary file format. Is this *displaying* in the browser instead of *downloading* as it should?",ApproachingSource,ApproachingSource,"User is commenting on a PHP readfile question to seek clarification ('Is this *displaying* in the browser instead...'). This shows engagement with a specific post to investigate or evaluate its information content, which aligns with ApproachingSource behavior.",,,,,0.9,0.0,False,analyst_only
so_session_2207,comment_35528068,2014-04-22 17:06:58.490000+02:00,COMMENT,"Commented on: PHP Timezone Conversion from ""IST GMT+5:30"" to something like Asia/Kolkata | Comment: I don't know whether there's a unique solution particularly for India, but in general this is hardly possible. There may be any number of concrete timezones which map to the same GMT offset, even give",DietEnrichment,DietEnrichment,"User provides expert knowledge about timezone conversion limitations ('I don't know whether there's a unique solution particularly for India, but in general this is hardly...'). This contributes valuable context and clarification to the discussion, enriching the information environment.",,,,,0.95,0.0,False,analyst_only
so_session_2207,comment_35528421,2014-04-22 17:15:46.503000+02:00,COMMENT,"Commented on: PHP Timezone Conversion from ""IST GMT+5:30"" to something like Asia/Kolkata | Comment: So there's basically no solution. You can't uniquely convert a GMT offset to a timezone. Maybe only some short form like ""IST"" *could* be converted. What possible inputs could you get?",DietEnrichment,DietEnrichment,"User continues to provide expert analysis about timezone conversion constraints ('So there's basically no solution. You can't uniquely convert a GMT offset to a timezone.'). This adds substantive technical information to the discussion, further enriching the knowledge base.",,,,,0.95,0.0,False,analyst_only
so_session_2207,comment_35528596,2014-04-22 17:20:48.957000+02:00,COMMENT,"Commented on: How to get a default zero double value in PHP? | Comment: `0` is equivalent to `0.0` is equivalent to `000000.00000000`. They all represent the exact same value, there's no problem here. What do you *think* is the problem?",DietEnrichment,DietEnrichment,"User offers technical clarification about PHP double values ('0 is equivalent to 0.0 is equivalent to 000000.00000000'). This provides educational content and corrects potential misunderstandings, enriching the information quality.",,,,,0.95,0.0,False,analyst_only
so_session_2207,comment_35529299,2014-04-22 17:37:53.917000+02:00,COMMENT,Commented on: in PHP using special characters | Comment: Just writing `echo '<';` in PHP does under no circumstances output `&lt;`. It's something you do in your code.,DietEnrichment,DietEnrichment,"User provides technical correction about PHP character output ('Just writing echo '<'; in PHP does under no circumstances output &lt;'). This adds accurate information and clarifies a potential misconception, contributing to the overall knowledge quality.",,,,,0.95,0.0,False,analyst_only
so_session_2494,edit_67842364,2014-06-23 09:21:17.667000+02:00,EDIT_OTHER,"Edited post: How is it possible to reference to a variable outside of a code block when it is declared inside a b | Edit reason: 101 (Marked as duplicate (original question IDs)) | Change: {""OriginalQuestionIds"":[16959576],""Voters"":[{""Id"":476,""DisplayName"":""deceze"",""BindingReason"":{""GoldTagBadge"":""php""}}]}",DietEnrichment,DietEnrichment,"The user is editing a post to mark it as a duplicate, which improves the information quality of the platform by connecting related content and preventing redundant questions. This aligns with DietEnrichment as they are refining existing content to benefit the community.",,,,,0.95,0.0,False,analyst_only
so_session_2494,comment_37668261,2014-06-23 09:27:02.447000+02:00,COMMENT,"Commented on: PHP global $lang = array | Comment: Please use an existing system build for this purpose, like gettext. I18n is not a wheel which needs to be reinvented yet again. You don't even realize yet what trouble you'll get into later with this",PoorScent,PoorScent,"The user is criticizing the approach in the post, suggesting the use of an existing system (gettext) instead of reinventing i18n. This expresses disagreement with the current solution, indicating they perceive the content as low-quality or misguided.",,,,,0.9,0.0,False,analyst_only
so_session_2494,comment_37668549,2014-06-23 09:37:16.330000+02:00,COMMENT,"Commented on: How is it possible to reference to a variable outside of a code block when it is declared inside a b | Comment: Well, the answer is clearly given in the dupe: PHP only has function scope, period. You should be able to deduce your answer from that. Regardless though, thinking of future visitors who may stumble u",ApproachingSource,ApproachingSource,"The user is referencing and clarifying the answer from a duplicate post, engaging with the specific content to evaluate and explain the information. This shows they are investigating the post to extract understanding.",,,,,0.85,0.0,False,analyst_only
so_session_2494,comment_37669126,2014-06-23 09:58:43.253000+02:00,COMMENT,Commented on: Catchable Fatal Error: Argument 1 passed to \Entity\Image::setFile() must be an instance of Symfony\ | Comment: It's saying you're passing the wrong kind of object as parameter when calling the function!,ApproachingSource,ApproachingSource,The user is analyzing the error message and explaining what it means ('passing the wrong kind of object'). This demonstrates engagement with the specific post to evaluate and interpret the information.,,,,,0.85,0.0,False,analyst_only
so_session_2494,comment_37669277,2014-06-23 10:05:27.977000+02:00,COMMENT,Commented on: Why does my for loop only push to array when the loop has no brackets | Comment: The first one shouldn't log `undefined` but `[0]`.,PoorScent,PoorScent,"The user is pointing out an error in the post ('The first one shouldn't log undefined but [0]'), which constitutes a negative evaluation of the content quality. This signals they encountered incorrect information.",,,,,0.9,0.0,False,analyst_only
so_session_2494,comment_37669319,2014-06-23 10:06:43.597000+02:00,COMMENT,Commented on: Catchable Fatal Error: Argument 1 passed to \Entity\Image::setFile() must be an instance of Symfony\ | Comment: You must pass an object of type `Symfony\Component\HttpFoundation\File\UploadedFile`.,DietEnrichment,DietEnrichment,"The user is providing specific technical guidance about what type of object should be passed to the method. This adds valuable information to help solve the problem, enriching the knowledge content.",,,,,0.9,0.0,False,analyst_only
so_session_2494,comment_37669362,2014-06-23 10:08:31.267000+02:00,COMMENT,Commented on: Making email field required in php | Comment: `if (empty($_POST['email'])) ...`,DietEnrichment,DietEnrichment,"The user is contributing code solution (`if (empty($_POST['email']))`) to address the question about making an email field required. This adds practical information to solve the problem, enriching the knowledge base.",,,,,0.95,0.0,False,analyst_only
so_session_2494,comment_37669411,2014-06-23 10:10:27.610000+02:00,COMMENT,"Commented on: Why does my for loop only push to array when the loop has no brackets | Comment: If you type this on your console interactively, then the `console.log` return value is given as `undefined`. Ignore that. The `[0]` is what you're looking for.",ApproachingSource,ApproachingSource,"The user is explaining the console behavior that might cause confusion ('console.log return value is given as undefined'), engaging with the specific technical details of the post to provide clarification and context.",,,,,0.85,0.0,False,analyst_only
so_session_2528,comment_37909003,2014-06-30 14:02:35.243000+02:00,COMMENT,"Commented on: Sort - Move numbers and special characters to the end | Comment: 0101 Sorry, how exactly is that not the problem?",ApproachingSource,ApproachingSource,User is asking for clarification on a specific post ('Sort - Move numbers and special characters to the end') by questioning why a solution doesn't address the problem. This shows engagement with a specific source to extract or evaluate information.,ApproachingSource,agree,"The comment questions the relevance of a proposed solution ('how exactly is that not the problem?'), indicating active evaluation of a specific post's adequacy. This aligns with ApproachingSource as the user is probing the information source for clarity, not adding new knowledge.","Both the Analyst and Critic agree that the user is seeking clarification on a specific post, indicating active engagement with the content to evaluate its relevance. The comment directly questions the adequacy of the proposed solution, aligning with the definition of ApproachingSource.",0.95,0.0,False,full
so_session_2528,comment_37909083,2014-06-30 14:05:01.040000+02:00,COMMENT,Commented on post 24485781 | Comment: Joop You're still conflating the presence or absence of types with dynamic typing vs. static typing. PHP always had types. It's simply that PHP's type system dynamically converts between types based o,DietEnrichment,DietEnrichment,"User is providing educational content by explaining the distinction between dynamic vs static typing in PHP. This adds valuable information and clarification to the discussion, enriching the knowledge environment.",DietEnrichment,agree,"The comment corrects a conceptual misunderstanding about PHP's type system by providing accurate technical context. This is not merely clarifying but actively enriching the ecosystem with precise, educational content that improves the quality of the discourse.","Both perspectives recognize that the user is providing valuable educational content by clarifying a technical distinction. This contribution enriches the discussion and improves the overall quality of information, fitting the DietEnrichment label.",0.92,0.0,False,full
so_session_2528,comment_37909177,2014-06-30 14:08:16.933000+02:00,COMMENT,"Commented on: Sort - Move numbers and special characters to the end | Comment: As I said (and as @Bergi answered): make your comparison callback return an appropriate response, instead of ""fixing"" the order after the fact.",DietEnrichment,DietEnrichment,"User is providing guidance and reinforcing a solution approach for the sorting problem, referencing another user's answer. This contributes helpful information and improves the quality of the discussion.",DietEnrichment,agree,"The user reinforces an existing solution by referencing @Bergi and explicitly advocating for a better approach ('instead of fixing'). This adds evaluative context and directs others toward a superior method, which qualifies as enriching the information patch.","The user reinforces an existing solution and provides guidance, which adds helpful information to the discussion. Both the Analyst and Critic agree that this comment enhances the information environment, justifying the DietEnrichment label.",0.91,0.0,False,full
so_session_2528,comment_37909218,2014-06-30 14:09:23.947000+02:00,COMMENT,"Commented on post 24485781 | Comment: Sverri The words you're looking for are ""dynamic"" vs. ""static"". :)",DietEnrichment,DietEnrichment,User is offering a terminology correction ('dynamic vs. static') in a constructive manner. This refines the accuracy of the technical discussion and adds value to the conversation.,DietEnrichment,agree,"While seemingly minor, the correction of terminology ('dynamic' vs. 'static') improves precision in a technical discussion. In information foraging, terminological accuracy enhances scent quality and reduces future foraging costs — a form of diet enrichment.","The user corrects terminology in a constructive manner, which improves the precision of the technical discussion. Both the Analyst and Critic agree that this contributes positively to the knowledge environment, supporting the DietEnrichment label.",0.85,0.0,False,full
so_session_2528,comment_37909258,2014-06-30 14:10:26.763000+02:00,COMMENT,Commented on post 24485781 | Comment: I just realised it's still possible to easily start a discussion by bringing up type systems on the interweb. I'll leave this be for now... ;),LeavingPatch,LeavingPatch,User acknowledges they're getting drawn into a discussion about type systems and explicitly states they'll 'leave this be for now.' This shows disengagement from a thread after extended interaction without clear resolution.,LeavingPatch,agree,"The user explicitly states disengagement ('I'll leave this be for now') after multiple contributions to a contentious thread about type systems. There is no resolution, only withdrawal — fitting the definition of LeavingPatch as sustained engagement ending without positive outcome.","The user explicitly states their disengagement from the discussion after multiple interactions without resolution. Both perspectives align on this interpretation, confirming that the user is leaving the topic thread, thus fitting the LeavingPatch label.",0.9,0.0,False,full
so_session_2528,comment_37909372,2014-06-30 14:13:29.187000+02:00,COMMENT,"Commented on: Sort - Move numbers and special characters to the end | Comment: Bergi's solution traverses the array once (or well, does one sort iteration), yours does one sort + one more iteration. The number of `localeCompare` invocations is different, if anything the differen",DietEnrichment,DietEnrichment,User is providing technical analysis comparing two solution approaches (performance characteristics of different sorting methods). This adds valuable comparative information that enriches the technical discussion.,DietEnrichment,agree,"The comment provides a performance analysis comparing algorithmic approaches, adding measurable, technical value to the discussion. This is not merely clarifying but enhancing the information patch with comparative insight that aids future foragers.","The user provides a comparative analysis of two solution approaches, adding valuable technical insight to the discussion. Both the Analyst and Critic agree that this enhances the information environment, justifying the DietEnrichment label.",0.92,0.0,False,full
so_session_2528,comment_37909629,2014-06-30 14:20:32.967000+02:00,COMMENT,"Commented on: Mixing values of multidimensional array | Comment: `foreach` will do just fine. No, there's no existing function for exactly this.",DietEnrichment,ForagingSuccess,"User provides a direct answer to a question about mixing values in a multidimensional array, confirming that foreach works and no built-in function exists. This resolves the information need by providing a clear solution.",ForagingSuccess,disagree,"This comment is not a response to a question the user asked — it is a response to someone else's question. ForagingSuccess requires the user to have had an information need that was resolved. Here, the user is contributing knowledge, not receiving it. This should be labeled DietEnrichment: they are providing a direct, helpful answer that improves the post's utility for others. The analyst incorrectly assumes the user was seeking the answer, but there is no evidence of prior question-asking or pe","The user contributes knowledge in response to another user's question, rather than resolving their own information need. The Analyst's initial label of ForagingSuccess does not apply since the user is not the one seeking information. The Critic's suggestion of DietEnrichment is more appropriate, as the user is enhancing the discussion with their input.",0.97,0.0,False,full
so_session_2531,post_24507107,2014-07-01 11:42:50.003000+02:00,POST_ANSWER,"Posted answer to question bytearray(b'12769982') | Answer: <h3>Warning: Array to string conversion</h3> <h3>Notice: Array to string conversion</h3> <p><em>(A notice until PHP 7.4, since PHP 8.0 a warning)</em></p> <p>This simply happens if you try to treat an...",ForagingSuccess,ForagingSuccess,"User posts an answer to a question, indicating they have found/created a solution to an information need. This represents successful knowledge contribution and resolution of an information problem.",,,,,0.95,0.0,False,analyst_only
so_session_2531,edit_68407083,2014-07-01 11:42:50.003000+02:00,EDIT_INITIAL_BODY,"Edited post 24507107 | Change: **Notice: Array to string conversion**
 
 This simply happens if you try to treat an array as a string:
 
     $arr = array('foo', 'bar');
     
     echo $arr;  // Notice: Array to string conversion",DietEnrichment,DietEnrichment,User edits the initial body of their own answer to improve formatting and clarity. This enriches the information environment by enhancing the quality and presentation of the solution.,,,,,0.9,0.0,False,analyst_only
so_session_2531,edit_68407084,2014-07-01 11:42:50.003000+02:00,EDIT_OTHER,"Edited post 24507107: ""Warning: Array to string conversion Notice: Array to string conversion (A notice"": ""Warning: Array to string conversion Notice: Array to string conversion (A notice""",DietEnrichment,DietEnrichment,"User performs another edit on their answer, likely refining the content or fixing issues. This continues the process of improving information quality in the ecosystem.",,,,,0.9,0.0,False,analyst_only
so_session_2531,edit_68407135,2014-07-01 11:43:28.517000+02:00,EDIT_BODY,"Edited post 12769982 | Edit reason: added 92 characters in body | New content: ### What is this?
 
 This is a number of answers about warnings, errors and notices you might encounter while programming PHP and have no clue how to fix. This is also a Community Wiki, so everyone is...",DietEnrichment,DietEnrichment,User edits a different post (question 12769982) to add content and improve the question body. This is clearly DietEnrichment as they are improving existing information in the knowledge base.,,,,,0.95,0.0,False,analyst_only
so_session_2531,comment_37941443,2014-07-01 11:55:47.290000+02:00,COMMENT,Commented on: Typecasting on bitwise operators | Comment: Cannot reproduce in any version of PHP: http://3v4l.org/IQ1CG,ApproachingSource,ApproachingSource,"User comments on a question about typecasting with bitwise operators, providing a link to demonstrate they cannot reproduce the issue. This shows engagement with specific content to evaluate or clarify information.",,,,,0.85,0.0,False,analyst_only
so_session_2531,comment_37941809,2014-07-01 12:07:40.997000+02:00,COMMENT,"Commented on: mysql database storing best practice for storing data, lots of small amounts or small amounts of lar | Comment: Don't think that something will be problem unless it's proven that it is. ""Tens of thousands"" may be large number for humans, but a computer even has more transistors in its CPU than that; it chuckles",DietEnrichment,DietEnrichment,"User comments on a database storage question to provide advice and perspective ('Don't think that something will be problem unless it's proven that it is'). This adds valuable context and information, enriching the knowledge environment.",,,,,0.85,0.0,False,analyst_only
so_session_2561,post_24608198,2014-07-07 12:15:10.743000+02:00,POST_ANSWER,"Posted answer to question bytearray(b'24608133') | Answer: <pre><code>$result = array(array('username', 'average')); while ($row = mysql_fetch_assoc($acc_qry)) {     $result[] = array($row['name'], $row['avg']); }  echo json_encode($result); </code></pre>...",ForagingSuccess,ForagingSuccess,"User posts an answer to a question, indicating they have found/created a solution to someone's information need. This represents successful knowledge contribution and resolution of an information problem.",,,,,0.95,0.0,False,analyst_only
so_session_2561,edit_68797486,2014-07-07 12:15:10.743000+02:00,EDIT_INITIAL_BODY,"Edited post 24608198 | Change: $result = array(array('username', 'average'));
     while ($row = mysql_fetch_assoc($acc_qry)) {
         $result[] = array($row['name'], $row['avg']);
     }
     
     echo json_encode($result);",DietEnrichment,DietEnrichment,User immediately edits their own answer to improve its content and formatting. This is refining and enhancing the quality of the information they just contributed to the ecosystem.,,,,,0.95,0.0,False,analyst_only
so_session_2561,edit_68797627,2014-07-07 12:16:42.483000+02:00,EDIT_OTHER,"Edited post: UTF-8 Symbols displaying wrong | Edit reason: 101 (Marked as duplicate (original question IDs)) | Change: {""OriginalQuestionIds"":[279170],""Voters"":[{""Id"":476,""DisplayName"":""deceze"",""BindingReason"":{""GoldTagBadge"":""mysql""}}]}",DietEnrichment,DietEnrichment,User edits another post to mark it as a duplicate and provide original question IDs. This action improves the information organization and helps other users find the canonical source.,,,,,0.9,0.0,False,analyst_only
so_session_2561,comment_38129888,2014-07-07 12:17:23.113000+02:00,COMMENT,"Commented on: UTF-8 Symbols displaying wrong | Comment: I don't know CI specifically, but likely you need to set `encoding` to `utf8` somewhere in your CI database connection configuration file.",DietEnrichment,DietEnrichment,User provides a helpful comment with specific technical advice about UTF-8 encoding configuration. This adds valuable information to the discussion and helps the original poster.,,,,,0.9,0.0,False,analyst_only
so_session_2561,post_24608307,2014-07-07 12:20:03.450000+02:00,POST_ANSWER,"Posted answer to question bytearray(b'24608234') | Answer: <pre><code>function makeFunc() {     return function (foo) {         alert(foo);     }; }  var func = makeFunc(); func('hello'); </code></pre>  <p>Or, the shorthand for this:</p>  <pre><code>makeFunc(...",ForagingSuccess,ForagingSuccess,"User posts another answer to a different question, providing a JavaScript code solution. This represents another successful knowledge contribution and problem resolution.",,,,,0.95,0.0,False,analyst_only
so_session_2561,edit_68797878,2014-07-07 12:20:03.450000+02:00,EDIT_INITIAL_BODY,"Edited post 24608307 | Change: function makeFunc() {
         return function (foo) {
             alert(foo);
         };
     }
     
     var func = makeFunc();
     func('hello');
 
 Or, the shorthand for this:
 
     makeF",DietEnrichment,DietEnrichment,User edits their own answer to improve the code formatting and content. This enhances the quality and readability of the information they contributed.,,,,,0.95,0.0,False,analyst_only
so_session_2561,edit_68799362,2014-07-07 12:39:33.580000+02:00,EDIT_BODY,"Edited post: PHP __call() function - what to do with the rest of the methods | Edit reason: added 1 character in body | New content: I'm writing a class that uses `__call()` to handle some magic functions, with no parent class, I can't find a syntax that allows me to pass responsibility on to methods *not* handled by my `__call()`...",DietEnrichment,DietEnrichment,"User edits another post to improve its body content, specifically adding characters to enhance the explanation about PHP's __call() function. This improves information quality.",,,,,0.9,0.0,False,analyst_only
so_session_2561,comment_38130795,2014-07-07 12:40:33.033000+02:00,COMMENT,"Commented on: PHP __call() function - what to do with the rest of the methods | Comment: Well, what do you *want* to happen? `__call` handles all calls that could not be resolved to other methods. It is already the fallback delegate. Where else do you want to delegate those calls to?",ApproachingSource,ApproachingSource,"User asks a clarifying question about the PHP __call() method, seeking to understand the original poster's intent and requirements before providing further help. This is investigative engagement.",,,,,0.85,0.0,False,analyst_only
so_session_2561,comment_38130988,2014-07-07 12:45:07.970000+02:00,COMMENT,"Commented on post 24608190 | Comment: You don't really need a whole framework just to process LESS files automatically. It's mostly an issue of using the right editor, or setting up some other sort of *watcher* which automatically compile",DietEnrichment,DietEnrichment,"User provides helpful advice about LESS file processing, suggesting alternatives to using a full framework. This adds valuable information and guidance to the discussion.",,,,,0.9,0.0,False,analyst_only
so_session_2561,post_24608929,2014-07-07 12:54:14.817000+02:00,POST_ANSWER,"Posted answer to question bytearray(b'24608816') | Answer: <p>The problem is that you're creating a PHP string:</p>  <pre><code>'[ ""Venue 1"",""53.301624"" ,""-1.923434"" ],[ ""Venue 2"" ,""53.160526"" ,""-1.996968"" ]' </code></pre>  <p>which you are the json_encoding...",ForagingSuccess,ForagingSuccess,"User posts a third answer, this time explaining a PHP/JSON encoding issue. This represents another successful solution to an information need.",,,,,0.95,0.0,False,analyst_only
so_session_2561,edit_68800415,2014-07-07 12:54:14.817000+02:00,EDIT_INITIAL_BODY,"Edited post 24608929 | Change: The problem is that you're creating a PHP string:
 
     '[ ""Venue 1"",""53.301624"" ,""-1.923434"" ],[ ""Venue 2"" ,""53.160526"" ,""-1.996968"" ]'
 
 which you are the json_encoding (with added quotes and stuf",DietEnrichment,DietEnrichment,User immediately edits their own answer to improve the formatting and explanation of the PHP string/JSON encoding issue. This enhances the information quality.,,,,,0.95,0.0,False,analyst_only
so_session_2561,comment_38131557,2014-07-07 13:00:08.983000+02:00,COMMENT,"Commented on: Array outside while doesn't function | Comment: What does ""doesn't function"" mean?!",ApproachingSource,ApproachingSource,"User asks for clarification on what 'doesn't function' means, seeking more specific information to better understand and address the problem. This is investigative questioning.",,,,,0.85,0.0,False,analyst_only
so_session_2561,edit_68801178,2014-07-07 13:04:41.893000+02:00,EDIT_BODY,"Edited post 24608929 | Edit reason: deleted 5 characters in body | New content: The problem is that you're creating a PHP string:
 
     '[ ""Venue 1"",""53.301624"" ,""-1.923434"" ],[ ""Venue 2"" ,""53.160526"" ,""-1.996968"" ]'
 
 which you are the json_encoding (with added quotes and stuf...",DietEnrichment,DietEnrichment,"User further refines their answer by deleting unnecessary characters, continuing to improve the clarity and quality of their information contribution.",,,,,0.9,0.0,False,analyst_only
so_session_2593,post_24738427,2014-07-14 16:06:35.883000+02:00,POST_ANSWER,"Posted answer to question bytearray(b'24736461') | Answer: <p>On *NIX systems, <code>dig</code> is a standard tool to test and debug DNS servers:</p>  <pre><code>deceze$ dig google.com  ...  ;; QUESTION SECTION: ;google.com.            IN  A  ;; ANSWER SECTIO...",ForagingSuccess,ForagingSuccess,User posts an answer providing a solution about DNS testing with dig command on *NIX systems. This represents successful knowledge contribution where the user found/created a solution to help others.,,,,,0.95,0.0,False,analyst_only
so_session_2593,edit_69295652,2014-07-14 16:06:35.883000+02:00,EDIT_INITIAL_BODY,"Edited post 24738427 | Change: On *NIX systems, `dig` is a standard tool to test and debug DNS servers:
 
     deceze$ dig google.com
     
     ...
     
     ;; QUESTION SECTION:
     ;google.com.   IN A
     
     ;; ANSWER SECT",DietEnrichment,DietEnrichment,User immediately edits their own answer to improve formatting and content quality. This is clearly improving the information quality of their contribution to the ecosystem.,,,,,0.95,0.0,False,analyst_only
so_session_2593,comment_38377013,2014-07-14 16:10:23.577000+02:00,COMMENT,"Commented on: Perform operations after extract() | Comment: `global` *and* `extract` together as the only code shown... Sorry, but you're pretty much using all the anti-patterns there are at once. And see what problems it brings you.",PoorScent,PoorScent,"User comments criticizing another user's code as using 'all the anti-patterns there are at once.' This is a clear negative evaluation of code quality, indicating poor information scent.",,,,,0.9,0.0,False,analyst_only
so_session_2593,comment_38377061,2014-07-14 16:11:37.103000+02:00,COMMENT,"Commented on: PHP PDO MySQL strings and variables | Comment: This should work fine as is (apart from the missing `;`, hoping that's a copy and paste error). Either clarify what exactly ""doesn't work"" means, or provide your *actual* code (since this one can't be",ApproachingSource,ApproachingSource,User comments asking for clarification on what exactly 'doesn't work' with PHP PDO MySQL code. This shows the user is drilling into specific content to extract more information and evaluate the problem.,,,,,0.85,0.0,False,analyst_only
so_session_2593,comment_38377426,2014-07-14 16:20:10.600000+02:00,COMMENT,"Commented on: Perform operations after extract() | Comment: If you have an unknown number of items, an array is always the better option. Precisely because they're all bundled together in the array and you can enumerate them all without having to know how many",DietEnrichment,DietEnrichment,User provides constructive advice about using arrays instead of individual variables for unknown numbers of items. This adds valuable information and improves the discussion quality.,,,,,0.85,0.0,False,analyst_only
so_session_2593,comment_38378003,2014-07-14 16:33:54.820000+02:00,COMMENT,Commented on: Perform operations after extract() | Comment: Please clarify why you ***need*** to have those *values* as individual variables. Why is it impossible to do `$foo['bar']`? Why do you ***need*** `$bar`?,ApproachingSource,ApproachingSource,User asks for clarification on why someone needs individual variables instead of array access. This is seeking more details to better understand and evaluate the underlying problem.,,,,,0.85,0.0,False,analyst_only
so_session_2593,post_24739172,2014-07-14 16:43:25.403000+02:00,POST_ANSWER,"Posted answer to question bytearray(b'24739085') | Answer: <pre><code>$result = []; foreach (array_count_values($values) as $value =&gt; $occurrence) {     $result[] = array_fill(0, $occurrence, $value); } </code></pre>  <p>This assumes that the individual va...",ForagingSuccess,ForagingSuccess,User posts another answer providing a PHP solution for array manipulation. This represents successful knowledge contribution where the user found/created a solution to help others.,,,,,0.95,0.0,False,analyst_only
so_session_2593,edit_69298403,2014-07-14 16:43:25.403000+02:00,EDIT_INITIAL_BODY,"Edited post 24739172 | Change: $result = [];
     foreach (array_count_values($values) as $value => $occurrence) {
         $result[] = array_fill(0, $occurrence, $value);
     }
 
 This assumes that the individual value identi",DietEnrichment,DietEnrichment,User edits their own answer to improve the code formatting and explanation. This is clearly improving the information quality of their contribution.,,,,,0.95,0.0,False,analyst_only
so_session_2593,comment_38378496,2014-07-14 16:46:38.543000+02:00,COMMENT,Commented on: Error Using PHP Constants Across Multiple Files | Comment: Is either of the `if` conditions actually being executed...?,ApproachingSource,ApproachingSource,User asks a clarifying question about whether if conditions are being executed in a PHP constants issue. This shows investigation and evaluation of specific code behavior.,,,,,0.85,0.0,False,analyst_only
so_session_2593,comment_38378605,2014-07-14 16:49:45.903000+02:00,COMMENT,Commented on: PHP Password verify always returns false | Comment: Is the `$hash` retrieved from the database the exact same value as the `self::$password` put into the database...? Typical problem: too short columns.,DietEnrichment,DietEnrichment,"User provides helpful troubleshooting advice about password hash verification, explaining a 'typical problem' scenario. This adds valuable information to help solve the issue.",,,,,0.85,0.0,False,analyst_only
so_session_2593,post_24739615,2014-07-14 17:03:19.660000+02:00,POST_ANSWER,"Posted answer to question bytearray(b'24739503') | Answer: <p>This sounds like a near impossible-to-maintain idea. Yes, it's compact, but it's incomprehensible to a human, which makes it hard to work with. It's also nowhere near self-documenting; if you forge...",ForagingSuccess,ForagingSuccess,"User posts an answer providing guidance on code maintainability, though with a critical perspective. This represents knowledge contribution by offering a solution (advice against poor practices).",,,,,0.85,0.0,False,analyst_only
so_session_2593,edit_69300148,2014-07-14 17:03:19.660000+02:00,EDIT_INITIAL_BODY,"Edited post 24739615: ""This sounds like a near impossible-to-maintain idea. Yes, it's compact, but it's"": ""This sounds like a near impossible-to-maintain idea. Yes, it's compact, but it's"" | Change: This sounds like a near impossible-to-maintain idea. Yes, it's compact, but it's incomprehensible to a human, which makes it hard to work with. It's also nowhere near self-documenting; if you forget o",DietEnrichment,DietEnrichment,User edits their answer to refine the wording and improve clarity. This enhances the quality and accuracy of their information contribution.,,,,,0.9,0.0,False,analyst_only
so_session_2593,comment_38379755,2014-07-14 17:19:47.467000+02:00,COMMENT,"Commented on post 24733355 | Comment: BTW: *""because references in PHP are not pointers""* - even if they *were* pointers... how do you pass a pointer to a potentially non-existing element into a function? :)",DietEnrichment,DietEnrichment,"User provides technical clarification about PHP references not being pointers, adding educational context. This enriches the discussion with deeper technical understanding.",,,,,0.85,0.0,False,analyst_only
so_session_2593,comment_38380303,2014-07-14 17:35:41.250000+02:00,COMMENT,"Commented on: How to intercept a function call (with arguments) without editing function or the code that calls it | Comment: What exactly is the motive behind that? For example, if you're trying to debug the function, the best answer would be to attach an interactive debugger and set a breakpoint. If you're trying to filter",ApproachingSource,ApproachingSource,"User asks about the motive behind intercepting function calls, seeking to understand the underlying problem before offering solutions. This shows investigative evaluation of the information need.",,,,,0.85,0.0,False,analyst_only
so_session_2593,comment_38380431,2014-07-14 17:39:30.137000+02:00,COMMENT,"Commented on post 24733355 | Comment: I'll admit that I'm not very experienced in low-level languages and what exactly the usage patterns of a pointer are in detail, but in terms of PHP... how do you get the offset to an undefined element",DietEnrichment,DietEnrichment,"User provides additional technical explanation about pointer usage patterns in PHP vs low-level languages, enriching the technical discussion with more context and information.",,,,,0.85,0.0,False,analyst_only
so_session_2593,comment_38380463,2014-07-14 17:40:26.763000+02:00,COMMENT,Commented on: How To Sort Array Based on Input Array | Comment: By... sorting them based on the order value...!?,ApproachingSource,ApproachingSource,"User asks a clarifying question about how to sort arrays based on order values, seeking to understand the specific implementation requirements. This shows investigation into the problem details.",,,,,0.85,0.0,False,analyst_only
so_session_2608,edit_69522391,2014-07-17 10:47:32.757000+02:00,EDIT_BODY,"Edited post 24797680: ""The biggest difference between a Java web server and PHP is that PHP doesn't hav"": ""The biggest difference between a Java web server and PHP is that PHP doesn't hav"" | Edit reason: added 786 characters in body | New content: The biggest difference between a Java web server and PHP is that PHP doesn't have its own built-in web server. (Well, newer versions do, but it's supposed to be for testing only, it's not a production...",DietEnrichment,DietEnrichment,"User is editing the body of an existing post (ID: 24797680) to improve its content quality. This action enriches the information environment by refining and clarifying the post's content, which aligns with DietEnrichment's definition of improving information quality in the ecosystem.",DietEnrichment,agree,"The edit improves the body of an existing post by refining incomplete text, which directly aligns with DietEnrichment's definition of enhancing information quality. Even though the edit is cut off, the intent to complete and clarify content is clear.","Both the Analyst and Critic agree that the user is editing an existing post to improve its content quality. This action aligns with the definition of DietEnrichment, as it enhances the information environment by refining and clarifying the post's content. The high confidence scores from both perspectives support this conclusion.",0.95,0.0,False,full
so_session_2608,post_24799233,2014-07-17 11:06:02.050000+02:00,POST_ANSWER,"Posted answer to question bytearray(b'24798773') | Answer: <pre><code>if (count(array_filter([$a, $b, $c])) &gt;= 2) ... </code></pre>  <p>This is <code>true</code> if at least two of the variables are <em>truthy</em>. That means <code>$var == true</code> is...",ForagingSuccess,ForagingSuccess,"User posts an answer to a question, providing a solution with code. This represents successful knowledge contribution where the user has found/created a solution to someone's problem, fulfilling the ForagingSuccess criteria of positive resolution of an information need.",ForagingSuccess,agree,"Posting a solution to a question with working code constitutes a successful knowledge contribution. The user is resolving an information need for the asker, fulfilling the core criterion of ForagingSuccess.","Both the Analyst and Critic concur that posting an answer represents a successful knowledge contribution, fulfilling the criteria for ForagingSuccess. The user provides a solution to a question, indicating a positive resolution of an information need. The high confidence scores reinforce this decision.",0.96,0.0,False,full
so_session_2608,edit_69523809,2014-07-17 11:06:02.050000+02:00,EDIT_INITIAL_BODY,"Edited post 24799233 | Change: if (count(array_filter([$a, $b, $c])) >= 2) ...
 
 This is `true` if at least two of the variables are *truthy*. That means `$var == true` is `true`, which may be slightly different than `$var !=",DietEnrichment,DietEnrichment,"User edits the initial body of their own answer (post 24799233) immediately after posting it. This self-improvement action enhances the quality and clarity of their contribution, fitting DietEnrichment's definition of improving information in the ecosystem.",DietEnrichment,agree,"Self-editing an answer immediately after posting to improve clarity and completeness is a classic example of DietEnrichment. The user is refining their own contribution to better serve the community, not initiating a new foraging action.",The Analyst and Critic both agree that the user is enhancing the quality and clarity of their own answer through self-editing. This action fits the definition of DietEnrichment as it improves the information provided in the ecosystem. The confidence scores indicate strong agreement.,0.96,0.0,False,full
so_session_2608,comment_38492283,2014-07-17 11:29:17.917000+02:00,COMMENT,"Commented on: The mechanic behind the return function in JavaScript? | Comment: Do you not understand what `return` does **in Javascript**, or in *any* language (because it's pretty much the same everywhere)? What exactly *do* you understand about it and what exactly is confusing",PoorScent,ApproachingSource,"User comments on a question about JavaScript return function, asking for clarification about whether the confusion is JavaScript-specific or general programming concept. This demonstrates engagement with a specific post to seek more details, which aligns with ApproachingSource's definition of drilling into content to extract or evaluate information.",PoorScent,disagree,"The comment dismisses the questioner's confusion by implying the question is trivial ('pretty much the same ever...') and questions their understanding. This is not seeking clarification—it's condescending and criticizes the question's validity, which fits PoorScent's definition of expressing disagreement or criticizing approach. ApproachingSource requires neutral or constructive inquiry, not implicit judgment.","While the Analyst labeled it as ApproachingSource, the Critic argues that the comment is condescending and dismissive, indicating a negative evaluation of the question's validity. The tone of the comment suggests a lack of constructive engagement, aligning more with PoorScent. Given the significant disagreement, this label is chosen to reflect the negative tone.",0.88,1.0,True,full
so_session_2608,comment_38492963,2014-07-17 11:45:54.477000+02:00,COMMENT,"Commented on: Best way to delete everything between opening and closing tag with PHP? | Comment: Load the XML into a DOM, loop through the DOM, remove nodes that have that id or other undesired attribute, save the result back to XML. http://php.net/manual/en/refs.xml.php",DietEnrichment,DietEnrichment,"User provides a technical solution comment suggesting DOM manipulation for XML processing. This adds valuable information and guidance to the discussion, enriching the knowledge environment with a specific approach, fitting DietEnrichment's definition of adding information to the ecosystem.",DietEnrichment,agree,"The comment provides a specific, actionable technical solution (DOM manipulation) that adds value to the discussion. It does not merely ask for clarification but enriches the thread with expert guidance, matching DietEnrichment perfectly.","Both perspectives agree that the user is providing a technical solution that adds valuable information to the discussion. This aligns with the definition of DietEnrichment, as the comment enriches the knowledge environment with actionable guidance. The confidence scores support this conclusion.",0.95,0.0,False,full
so_session_2608,post_24800321,2014-07-17 11:55:00.623000+02:00,POST_ANSWER,"Posted answer to question bytearray(b'24799658') | Answer: <p>Functions receive <em>input</em> as parameters and produce <em>output</em> in the form of return values.</p>  <pre><code>var foo = Math.max(1, 2); </code></pre>  <p><code>Math.max</code> is the <em...",ForagingSuccess,ForagingSuccess,"User posts another answer to a different question, explaining function parameters and return values with code examples. This represents another successful knowledge contribution where the user provides a solution, fulfilling ForagingSuccess criteria.",ForagingSuccess,agree,"The answer clearly explains a fundamental programming concept with examples, directly addressing the question's information need. This is a successful knowledge contribution, satisfying ForagingSuccess criteria regardless of the simplicity of the topic.","Both the Analyst and Critic agree that the user’s answer provides a clear explanation of a programming concept, fulfilling the criteria for ForagingSuccess. The action represents a successful knowledge contribution, addressing the information need of the asker. The high confidence scores reflect strong agreement.",0.95,0.0,False,full
so_session_2608,edit_69527697,2014-07-17 11:55:00.623000+02:00,EDIT_INITIAL_BODY,"Edited post 24800321 | Change: Functions receive *input* as parameters and produce *output* in the form of return values.
 
     var foo = Math.max(1, 2);
 
 `Math.max` is the *function*, `1` and `2` are its *input parameters*, and",DietEnrichment,DietEnrichment,"User immediately edits their own answer (post 24800321) to improve formatting and clarity. This self-refinement action enhances the quality of their contribution, fitting DietEnrichment's definition of improving information quality.",DietEnrichment,agree,"Immediate self-edit to improve formatting, emphasis, and clarity of an answer is a textbook DietEnrichment action. The user is optimizing their contribution for better comprehension, not initiating new foraging.","The Analyst and Critic both agree that the user is refining their own answer for better clarity and formatting. This self-editing action enhances the quality of the contribution, fitting the definition of DietEnrichment. The confidence scores indicate strong consensus.",0.97,0.0,False,full
so_session_2608,comment_38493655,2014-07-17 12:04:20.410000+02:00,COMMENT,"Commented on: Creating checksum/reversable hash for transaction-id | Comment: So, you want to add redundancy to the data so in case the data is ""damaged"", it can be restored from the included redundancy? Then I'd probably simply have the customer repeat the number: `45/2345/23`",DietEnrichment,ApproachingSource,"User comments to seek clarification on a checksum/hash question, asking if the goal is to add redundancy for data restoration. This demonstrates engagement with the source content to better understand the problem before potentially providing a solution, fitting ApproachingSource criteria.",DietEnrichment,disagree,"The comment does not seek clarification—it provides a detailed interpretation of the user’s goal ('add redundancy for data restoration') and implicitly confirms understanding. This is not ApproachingSource (which requires inquiry), but rather adding context and framing the problem correctly, which enriches the information environment. Thus, DietEnrichment is more accurate.","The Analyst and Critic both agree that the user provides a nuanced interpretation of the original question, adding valuable context. This aligns with the definition of DietEnrichment, as it enriches the information environment with expert knowledge. The confidence scores reflect strong agreement.",0.96,1.0,False,full
so_session_2608,comment_38493770,2014-07-17 12:07:26.587000+02:00,COMMENT,"Commented on post 24800546 | Comment: `<CATALOG id=""1""><CATALOG></CATALOG></CATALOG>` - ooops. Or: `<CATALOG someattr=""foo"" id=""1"">...` - oooops.",PoorScent,PoorScent,"User comments on a post with critical examples showing XML structure problems ('ooops'). This expresses disagreement and points out errors in the approach, providing a clear negative evaluation of information quality, which aligns with PoorScent's definition.",PoorScent,agree,"The comment uses 'ooops' to mock flawed XML structure examples, clearly expressing disagreement and pointing out errors in a critical tone. This is a negative evaluation of information quality, satisfying PoorScent’s criteria without ambiguity.","Both the Analyst and Critic agree that the comment expresses disagreement and points out errors in a critical tone. This aligns with the definition of PoorScent, as it represents a negative evaluation of the information quality. The confidence scores support this conclusion.",0.89,0.0,False,full
so_session_2608,comment_38493895,2014-07-17 12:10:31.397000+02:00,COMMENT,"Commented on: php 32 byte length secure hash | Comment: Roberto ***If*** we're talking about password storage. I'm not sure that we are. Hashes don't always go with salts, they're not automagically applicable to every situation.",DietEnrichment,DietEnrichment,"User provides a nuanced technical comment about hash usage, clarifying that hashes don't always require salts and aren't automatically applied to passwords. This adds valuable context and corrects potential misconceptions, enriching the information environment with expert knowledge.",DietEnrichment,agree,"The comment corrects a common misconception about hashes and salts, adding nuanced expert context that prevents misinformation. This is a clear case of enriching the ecosystem with accurate, clarifying information.","Both the Analyst and Critic agree that the user is providing clarifying information about hashes and salts, which adds valuable context to the discussion. This aligns with the definition of DietEnrichment, as it enriches the knowledge environment. The confidence scores indicate strong agreement.",0.96,0.0,False,full
so_session_2608,edit_69529637,2014-07-17 12:17:09.540000+02:00,EDIT_OTHER,"Edited post: character encoding fails when using EOF | Edit reason: 101 (Marked as duplicate (original question IDs)) | Change: {""OriginalQuestionIds"":[279170],""Voters"":[{""Id"":476,""DisplayName"":""deceze"",""BindingReason"":{""GoldTagBadge"":""php""}}]}",DietEnrichment,DietEnrichment,"User performs an edit on another user's post to mark it as a duplicate and provide proper attribution. This action improves the post's metadata and helps maintain content quality by connecting related questions, which enriches the information ecosystem through curation.",DietEnrichment,agree,"Marking a post as a duplicate and linking to the original is a curation action that improves the information architecture of Stack Overflow. It enhances discoverability and reduces redundancy, which aligns with DietEnrichment’s broader definition of improving information quality in the ecosystem.","Both the Analyst and Critic agree that marking a post as a duplicate and providing proper attribution improves the post's metadata. This action aligns with the definition of DietEnrichment, as it enhances the information architecture of Stack Overflow. The confidence scores reflect strong consensus.",0.94,0.0,False,full
so_session_2645,comment_38732984,2014-07-24 08:58:20.103000+02:00,COMMENT,"Commented on: Characters like '»' and '✔' don't appear in Firefox | Comment: ""As a regular checkbox""? So that means the character *does* appear, it just looks like a checkmark with a box instead of just a checkmark? An image would really help here. Upload it somewhere and post",ApproachingSource,ApproachingSource,User is commenting on an existing question to seek clarification about the problem description ('As a regular checkbox'). This represents drilling into specific content to extract or evaluate information rather than adding new knowledge or criticizing quality.,,,,,0.9,0.0,False,analyst_only
so_session_2645,post_24927305,2014-07-24 09:15:06.540000+02:00,POST_ANSWER,"Posted answer to question bytearray(b'24927193') | Answer: <p>I assume you got this by casting an <em>object</em> to an array. If that's the case, you shouldn't be doing that! The property is private because you're not supposed to access it directly because i...",ForagingSuccess,ForagingSuccess,"User posts an answer to a question, providing a solution to someone's information need. This represents successful knowledge contribution where the user has found/created a solution to share with others.",,,,,0.95,0.0,False,analyst_only
so_session_2645,edit_70010689,2014-07-24 09:15:06.540000+02:00,EDIT_INITIAL_BODY,"Edited post 24927305: ""I assume you got this by casting an object to an array. If that's the case, you "": ""I assume you got this by casting an object to an array. If that's the case, you "" | Change: I assume you got this by casting an *object* to an array. If that's the case, you shouldn't be doing that! The property is private because you're not supposed to access it directly because it's not a",DietEnrichment,DietEnrichment,User edits the initial body of their own answer to improve its quality or accuracy. This represents refining existing content to enrich the information environment and make it more valuable to others.,,,,,0.95,0.0,False,analyst_only
so_session_2645,post_24927451,2014-07-24 09:23:34.563000+02:00,POST_ANSWER,"Posted answer to question bytearray(b'24927061') | Answer: <p><a href=""http://en.wikipedia.org/wiki/Windows-1252"" rel=""noreferrer"">Windows-1252</a> is a <em>Latin</em> encoding; you cannot encode Hebrew characters in Windows-1252. That's why it doesn't work.<...",ForagingSuccess,ForagingSuccess,"User posts another answer to a different question, providing a solution about character encoding issues. This again represents successful knowledge contribution where the user shares expertise to resolve an information need.",,,,,0.95,0.0,False,analyst_only
so_session_2645,edit_70011287,2014-07-24 09:23:34.563000+02:00,EDIT_INITIAL_BODY,"Edited post 24927451 | Change: [Windows-1252][1] is a *Latin* encoding; you cannot encode Hebrew characters in Windows-1252. That's why it doesn't work.  
 [Windows-1255][2] is an encoding for Hebrew, that's why it works.
 
 The re",DietEnrichment,DietEnrichment,"User edits the initial body of their second answer to add more detailed information, references, and formatting. This improves the answer's quality and educational value, representing enrichment of the information ecosystem.",,,,,0.95,0.0,False,analyst_only
so_session_2645,comment_38734587,2014-07-24 09:47:32.847000+02:00,COMMENT,"Commented on post 24927305 | Comment: Again: read the documentation. You're not supposed to access that property directly, the class ought to have other means of letting you get the information you need out of it.",DietEnrichment,DietEnrichment,"User comments on their own answer to provide additional guidance and clarification ('read the documentation'). This adds valuable context and educational information rather than criticizing or seeking clarification, making it a knowledge-enhancing contribution.",,,,,0.85,0.0,False,analyst_only
so_session_2720,comment_39122204,2014-08-05 10:36:06.603000+02:00,COMMENT,Commented on: Fix bad formatted JSON | Comment: Is this really supposed to be JSON to begin with?,ApproachingSource,ApproachingSource,User is commenting on a JSON formatting question to seek clarification ('Is this really supposed to be JSON to begin with?'). This represents investigating/evaluating the source content rather than adding information or criticizing quality.,ApproachingSource,agree,"The comment 'Is this really supposed to be JSON to begin with?' is a meta-question probing the validity of the problem's framing, which is a form of investigative engagement with the source content. It seeks to understand the context before evaluating the solution space, fitting ApproachingSource.","Both the Analyst and Critic agree that the user is seeking clarification about the JSON formatting question. The comment indicates an investigative engagement with the content, aiming to understand its validity before further evaluation. This aligns well with the ApproachingSource label.",0.9,0.0,False,full
so_session_2720,comment_39122263,2014-08-05 10:37:53.670000+02:00,COMMENT,"Commented on: Ajax Function Exit? | Comment: Who is ""people""? Haven't seen this kind of madness yet.",ApproachingSource,ApproachingSource,"User comments on an Ajax question asking for clarification ('Who is ""people""?'). This shows engagement with specific content to understand it better, fitting the ApproachingSource pattern of drilling into details.",ApproachingSource,agree,The query 'Who is 'people'?' is a clarification request targeting ambiguous terminology in the question. This is classic ApproachingSource behavior: drilling into the source to resolve ambiguity before assessing its merit or contributing to it.,"The Analyst and Critic both recognize that the user's comment is a request for clarification regarding ambiguous terminology in the Ajax question. This demonstrates an effort to drill into the content for better understanding, fitting the ApproachingSource label perfectly.",0.85,0.0,False,full
so_session_2720,comment_39122572,2014-08-05 10:47:19.143000+02:00,COMMENT,"Commented on: echo is not working in PHP form | Comment: If you need to repeat yourself because SO tells you your question is not good enough, maybe make your question better instead of repeating yourself. If you need to repeat yourself because SO tells you",PoorScent,PoorScent,"User criticizes the quality of a PHP question, pointing out that the user should improve their question rather than repeat content. This expresses clear dissatisfaction with the information quality, indicating PoorScent.",PoorScent,agree,"The comment explicitly criticizes the asker's behavior ('repeat yourself because SO tells you your question is not good enough') and implies the question is poorly formed. This is not a constructive suggestion but a negative evaluation of the content's quality, satisfying PoorScent's requirement for a clear negative signal.","The user criticizes the quality of the PHP question and suggests that the asker should improve their question instead of repeating it. Both the Analyst and Critic agree that this expresses clear dissatisfaction with the content's quality, justifying the PoorScent label.",0.88,0.0,False,full
so_session_2720,comment_39122994,2014-08-05 10:59:00.830000+02:00,COMMENT,Commented on: Convert shift_jis to utf-8 | Comment: Should this be tagged Python?,DietEnrichment,DietEnrichment,"User suggests adding a Python tag to a character encoding conversion question ('Should this be tagged Python?'). This improves the post's categorization and helps future findability, representing DietEnrichment through content refinement.",DietEnrichment,agree,"Suggesting a relevant tag ('Python') improves the post's discoverability and categorization, directly enhancing the information ecosystem. This is a textbook example of DietEnrichment through metadata refinement, even if phrased as a question.","The user suggests adding a relevant Python tag to the question, which enhances its discoverability and categorization. Both the Analyst and Critic agree that this action improves the information ecosystem, aligning well with the DietEnrichment label.",0.9,0.0,False,full
so_session_2720,comment_39123529,2014-08-05 11:13:01.820000+02:00,COMMENT,"Commented on: Using PHP do/while statement | Comment: The code inside `do..while` will be looped, everything after it is only executed when the loop exits. Since you're not changing any state inside your loop, it'll loop endlessly.",DietEnrichment,DietEnrichment,"User provides explanatory content about do/while loop behavior in PHP, adding technical clarification and educational value. This enriches the information environment by contributing knowledge.",DietEnrichment,agree,"The comment provides a correct technical explanation of do/while semantics and highlights a logical flaw in the code's structure. This adds educational value and clarifies the post’s content, fulfilling DietEnrichment by improving understanding and accuracy.","The user provides a technical explanation about the behavior of the do/while loop in PHP, adding value to the discussion. Both the Analyst and Critic concur that this comment enriches the information environment, justifying the DietEnrichment label.",0.9,0.0,False,full
so_session_2720,comment_39123980,2014-08-05 11:25:15.373000+02:00,COMMENT,Commented on: PHP - secure MySQL Login with certificate | Comment: As of PHP 5.3.7 PDO_MySQL supports `PDO::MYSQL_ATTR_SSL_CERT` and related connection attributes. I'd try with that. http://php.net/manual/en/ref.pdo-mysql.php,DietEnrichment,ForagingSuccess,"User provides a specific solution to a MySQL SSL certificate question, including PHP version details and official documentation reference. This represents successful knowledge contribution where the user found/created a solution.",DietEnrichment,disagree,"While the comment provides useful information, it does not constitute ForagingSuccess. ForagingSuccess requires the user to have resolved their own information need — either by accepting an answer or posting a solution to their own question. Here, the user is contributing to someone else’s question, which is knowledge sharing, not personal foraging success. This is DietEnrichment: enriching the ecosystem with a precise, cited solution.","While the Analyst sees this as a successful knowledge contribution, the Critic argues it does not meet the criteria for ForagingSuccess since the user is not resolving their own information need. The comment provides useful information but does not fulfill the ForagingSuccess definition, thus the DietEnrichment label is more appropriate.",0.95,1.0,True,full
so_session_2775,comment_39476641,2014-08-15 11:43:23.313000+02:00,COMMENT,"Commented on: PHP: Convert array format to another format | Comment: 1. Loop. 2. Either parse the date and reformat it, or simply replace `-` to `/`. This is a trivial exercise. `in_array` has nothing to do with what you're asking.",PoorScent,PoorScent,User comments on a PHP array conversion question with a dismissive tone ('This is a trivial exercise') and points out that the approach using `in_array` is incorrect. This represents a negative evaluation of the question's quality or approach.,,,,,0.9,0.0,False,analyst_only
so_session_2775,comment_39476863,2014-08-15 11:53:01.693000+02:00,COMMENT,Commented on: PHP: Convert array format to another format | Comment: What are you trying to do with `in_array` in the first place?,ApproachingSource,ApproachingSource,User asks a clarifying question about the original poster's intent with `in_array` to better understand the problem. This shows engagement with the specific content to evaluate or extract more information.,,,,,0.85,0.0,False,analyst_only
so_session_2775,comment_39476993,2014-08-15 11:59:36.690000+02:00,COMMENT,Commented on: filter_var function with IPv6 URLs | Comment: Marcin Not a valid duplicate for this one.,PoorScent,PoorScent,User explicitly states that a question marked as duplicate is not a valid duplicate. This represents a negative evaluation of the content quality or moderation decision.,,,,,0.95,0.0,False,analyst_only
so_session_2775,comment_39477534,2014-08-15 12:25:21.790000+02:00,COMMENT,"Commented on: UTF-8 Display for HTML | Comment: That is not UTF-8. That's an HTML entity. How does it ""not display correctly""?",ApproachingSource,ApproachingSource,"User questions the premise of a UTF-8 display issue, pointing out that the content appears to be HTML entities rather than UTF-8, and asks for clarification about what 'not display correctly' means. This shows engagement to evaluate and understand the problem better.",,,,,0.85,0.0,False,analyst_only
so_session_2775,post_25324903,2014-08-15 12:27:34.453000+02:00,POST_ANSWER,"Posted answer to question bytearray(b'25324856') | Answer: <p>If <code>&amp;#65533;</code> is literally the text you get in your JSON, there's nothing you can do. <code>&amp;#65533;</code> is the HTML entity for the UNICODE REPLACEMENT CHARACTER &#65533;, i.e...",ForagingSuccess,ForagingSuccess,"User posts an answer to a question about bytearray content, providing a solution to the information need. This represents successful knowledge contribution and resolution of an information problem.",,,,,0.95,0.0,False,analyst_only
so_session_2775,edit_71527735,2014-08-15 12:27:34.453000+02:00,EDIT_INITIAL_BODY,"Edited post 25324903: ""If &amp;#65533; is literally the text you get in your JSON, there's nothing you "": ""If &amp;#65533; is literally the text you get in your JSON, there's nothing you "" | Change: If `&#65533;` is literally the text you get in your JSON, there's nothing you can do. `&#65533;` is the HTML entity for the UNICODE REPLACEMENT CHARACTER &#65533;, i.e. the Unicode character which is",DietEnrichment,DietEnrichment,User edits the initial body of their own answer to improve its quality or accuracy. This represents refining and improving information content in the ecosystem.,,,,,0.9,0.0,False,analyst_only
so_session_2775,edit_71527900,2014-08-15 12:30:47.917000+02:00,EDIT_OTHER,"Edited post: Fatal error: Call to a member function bind_param() on a non-object in on | Edit reason: 101 (Marked as duplicate (original question IDs)) | Change: {""OriginalQuestionIds"":[12769982],""Voters"":[{""Id"":476,""DisplayName"":""deceze"",""BindingReason"":{""GoldTagBadge"":""php""}}]}",DietEnrichment,DietEnrichment,"User performs an edit on another post, specifically marking it as a duplicate with reference to the original question. This improves the information environment by organizing content and reducing redundancy.",,,,,0.85,0.0,False,analyst_only
so_session_2806,post_25441344,2014-08-22 09:03:44.997000+02:00,POST_ANSWER,"Posted answer to question bytearray(b'25441286') | Answer: <p>I'll go out on a limb and guess that the code is not showing up completely in your HTML page, because the browser is trying to interpret <code>&lt;?php</code> as HTML tags. The solution is to <stro...",ForagingSuccess,ForagingSuccess,"User posts an answer to a question, indicating they have found or created a solution to an information need. This represents successful knowledge contribution where the user is providing a solution rather than seeking information.",ForagingSuccess,agree,"POST_ANSWER is a canonical indicator of ForagingSuccess in IFT for Stack Overflow: the user is contributing a solution they believe resolves the information need. The content shows technical reasoning and attempts to address the core issue, even if speculative. This is knowledge creation, not seeking.","Both the Analyst and Critic agree that the action of posting an answer signifies a successful knowledge contribution. The user is providing a solution to a question, which aligns with the definition of ForagingSuccess in IFT. This is a clear indicator of the user having found or created a satisfactory answer.",0.95,0.0,False,full
so_session_2806,edit_71972866,2014-08-22 09:03:44.997000+02:00,EDIT_INITIAL_BODY,"Edited post 25441344: ""I'll go out on a limb and guess that the code is not showing up completely in yo"": ""I'll go out on a limb and guess that the code is not showing up completely in yo"" | Change: I'll go out on a limb and guess that the code is not showing up completely in your HTML page, because the browser is trying to interpret `<?php` as HTML tags. The solution is to **HTML encode** any te",DietEnrichment,DietEnrichment,"User immediately edits the initial body of their answer post. This action improves the quality and accuracy of their contribution, enriching the information environment by refining the content they just provided.",DietEnrichment,agree,"EDIT_INITIAL_BODY is explicitly defined as DietEnrichment. The user is refining their own initial contribution for clarity and accuracy — a direct act of improving the information ecosystem. The edit truncates an incomplete sentence, enhancing post quality.","There is consensus between the Analyst and Critic that the user is improving the quality of their initial answer through editing. The action of refining content is explicitly categorized as DietEnrichment, enhancing the information environment by making the contribution clearer and more accurate.",0.94,0.0,False,full
so_session_2806,comment_39693599,2014-08-22 09:06:18.690000+02:00,COMMENT,"Commented on post 25441344 | Comment: nonchip The question is *terrible*, I'm just trying a lucky guess at parsing the question itself.",PoorScent,PoorScent,User comments that the question is 'terrible' and describes their answer as a 'lucky guess at parsing the question itself.' This expresses clear criticism of the original question's quality and indicates the user encountered poorly formulated information.,PoorScent,disagree,"While the comment criticizes the question, the user immediately follows up with a substantive answer and further clarifications. The label 'PoorScent' should be reserved for evaluations that signal low-quality information *as a foraging signal*, not just opinion. Here, the criticism is contextual and precedes knowledge contribution — it's not a signal to abandon the patch, but a meta-comment on the question's form. This is better labeled as ApproachingSource: the user is probing the question's i","While the Critic argues that the comment should not be labeled as PoorScent due to its contextual nature, the Analyst's perspective highlights a clear negative evaluation of the original question's quality. The comment expresses dissatisfaction and indicates the user encountered poorly formulated information, justifying the PoorScent label.",0.85,0.0,True,full
so_session_2806,comment_39694021,2014-08-22 09:19:19.143000+02:00,COMMENT,"Commented on post 25441344 | Comment: Nick ""Pars"" needs to be defined. It probably doesn't relate to the PHP parser and interpreter at all. Hence we can *guess* what the question is really about, but it's hardly clear.",DietEnrichment,ApproachingSource,"User provides clarification about terminology ('Pars' needs to be defined) and discusses parsing the question content. This represents engagement with the source material to evaluate and understand the information better, rather than simply criticizing it.",DietEnrichment,disagree,"The comment defines 'Pars' and challenges assumptions about its meaning — this is not merely approaching the source for evaluation, but actively enriching the information environment with contextual clarification. The user is not just understanding the question; they are improving the shared understanding for future readers. This aligns with DietEnrichment's definition: 'COMMENT that provides additional information, clarification, or context'.","The Critic's perspective emphasizes that the user is providing clarification that enriches the information environment, which aligns with the definition of DietEnrichment. Although the Analyst suggests ApproachingSource, the act of defining terms and challenging assumptions actively contributes to the shared understanding, justifying the DietEnrichment label.",0.85,1.0,False,full
so_session_2806,comment_39694829,2014-08-22 09:46:16.297000+02:00,COMMENT,"Commented on post 25441344 | Comment: nonchip I believe virtually all browsers will try to **parse** `<...` as HTML tags, not just IE.",DietEnrichment,DietEnrichment,"User adds technical information about browser behavior ('virtually all browsers will try to parse... as HTML tags'). This contributes additional knowledge and context to the discussion, enriching the information environment with valuable technical details.",DietEnrichment,agree,The comment adds precise technical context about browser behavior — a clear enrichment of the information ecosystem. It corrects a potential misconception and expands the knowledge base for others. This fits DietEnrichment perfectly.,"Both the Analyst and Critic agree that the comment adds valuable technical context about browser behavior, which enriches the discussion. This aligns with the DietEnrichment label as it contributes additional knowledge and corrects potential misconceptions, enhancing the information ecosystem.",0.91,0.0,False,full
so_session_2806,comment_39695050,2014-08-22 09:55:09.850000+02:00,COMMENT,"Commented on post 25441344 | Comment: NickRice I didn't say anything about the OP, I just said the question, as a question, is terrible. Yes, a language barrier probably has something to do with that, but that doesn't make the question an",PoorScent,PoorScent,"User reiterates criticism of the question quality ('the question, as a question, is terrible') and discusses language barriers affecting clarity. This continues the negative evaluation of the original information source's quality.",PoorScent,disagree,"The user explicitly reiterates that the question is 'terrible' and attributes it to language barriers — this is a sustained negative evaluation of the information source's quality. While earlier comments may have been interpretive, this one doubles down on the criticism without offering new information. It meets the 'clear negative signal' threshold for PoorScent. The fact that the user is defending their critique doesn't negate its evaluative nature.","The Analyst and Critic both recognize that the user continues to express criticism of the question's quality, which constitutes a sustained negative evaluation. This aligns with the PoorScent label as it indicates ongoing dissatisfaction with the original information source, reinforcing the user's perception of low-quality content.",0.8,0.0,True,full
so_session_2834,comment_39817598,2014-08-26 15:58:50.707000+02:00,COMMENT,Commented on: Why illegal constant names doesn't throw errors using define()? | Comment: I believe you can still use invalid constants defined with `define` using `constant()`. Not that that's a bright idea...,DietEnrichment,DietEnrichment,"The user is providing additional information about using invalid constants with the constant() function, which adds knowledge to the discussion and helps clarify the original question. This is contributing to the information environment rather than seeking or evaluating information.",DietEnrichment,agree,"The comment provides additional technical insight about using `constant()` with invalid constants, which expands the knowledge base beyond the original question. This is a constructive contribution to the information ecosystem, aligning with DietEnrichment. No criticism or seeking behavior is present.","Both the Analyst and Critic agree that the user is providing additional information about using invalid constants with the constant() function, which enriches the discussion and clarifies the original question. This aligns with the definition of DietEnrichment as it adds knowledge to the information ecosystem.",0.95,0.0,False,full
so_session_2834,comment_39817732,2014-08-26 16:01:41.080000+02:00,COMMENT,"Commented on post 25506728 | Comment: Why not `str_replace('º', '°', $group)`...?",DietEnrichment,DietEnrichment,The user is suggesting a specific solution (str_replace) to address the character encoding issue mentioned in the post. This is a knowledge contribution that enriches the discussion by providing a potential fix to the problem.,DietEnrichment,agree,"The suggestion of `str_replace('º', '°', $group)` is a direct, actionable code-based solution to the encoding problem. It enriches the post by offering a concrete alternative, not merely seeking clarification or expressing disapproval. This fits DietEnrichment perfectly.","The Analyst and Critic both recognize that the user is suggesting a specific solution to a problem, which enhances the discussion by providing actionable information. This contribution fits the DietEnrichment label as it improves the quality of the content.",0.9,0.0,False,full
so_session_2834,post_25508099,2014-08-26 16:17:46.097000+02:00,POST_ANSWER,"Posted answer to question bytearray(b'25507950') | Answer: <p>The signature is there to verify the download. It is explained <a href=""http://www.openwall.com/signatures/"" rel=""nofollow"">here</a> how to use them.</p>  <p>Think about it, you're downloading a pi...",ForagingSuccess,ForagingSuccess,"The user posts an answer explaining the purpose of digital signatures for software verification. This represents successful knowledge contribution where the user has formulated and shared a solution to someone else's question, resolving an information need.",ForagingSuccess,agree,"The user posted a clear, sourced answer explaining the purpose of digital signatures in software verification. This resolves an explicit information need posed by the question, fulfilling the definition of ForagingSuccess as a successful knowledge contribution.","There is unanimous agreement that the user has successfully posted an answer that resolves an information need. The answer provides a clear explanation of digital signatures, fulfilling the criteria for ForagingSuccess as it represents a successful knowledge contribution.",0.97,0.0,False,full
so_session_2834,edit_72233818,2014-08-26 16:17:46.097000+02:00,EDIT_INITIAL_BODY,"Edited post 25508099 | Change: The signature is there to verify the download. It is explained [here][1] how to use them.
 
 Think about it, you're downloading a piece of software which you will use in a security sensitive, critical",DietEnrichment,DietEnrichment,The user is editing their own answer to improve its quality by adding formatting (link markup) and expanding the explanation. This is clearly enriching the information content and making the answer more helpful to others.,DietEnrichment,agree,"The edit improves the original answer by adding proper link formatting and expanding context, enhancing clarity and utility. This is a classic case of DietEnrichment — refining existing content to increase its value to the community.",Both perspectives agree that the user is enhancing their own answer by improving formatting and expanding the explanation. This aligns with the DietEnrichment label as it refines existing content to increase its value to the community.,0.96,0.0,False,full
so_session_2834,comment_39819008,2014-08-26 16:32:32.860000+02:00,COMMENT,"Commented on post 25508099 | Comment: Exactly. Also, come on... Php\*ass... *snicker* ;o)",PoorScent,ApproachingSource,The user is engaging with their own answer (post 25508099) with a lighthearted comment that acknowledges the software name mentioned. This shows evaluation and engagement with the specific content rather than adding substantive information or criticizing.,PoorScent,disagree,"The comment 'Exactly. Also, come on... Php*ass... *snicker* ;o)' is not engagement with content for evaluation — it's a dismissive, unprofessional joke targeting PHP. In the context of IFT, this signals contempt for the topic or platform norms, degrading information quality. While not a direct critique of technical accuracy, it constitutes a negative social signal that undermines the information environment, fitting PoorScent better than ApproachingSource.","While the Analyst sees this as ApproachingSource due to engagement with the content, the Critic highlights the dismissive nature of the comment, indicating a negative signal towards the topic. Given the context and the Critic's strong confidence, PoorScent is more appropriate as it reflects a negative evaluation of the comment's quality.",0.85,1.0,True,full
so_session_2834,comment_39819050,2014-08-26 16:33:35.477000+02:00,COMMENT,Commented on: Unexpected t-string error in PHP | Comment: Missing `;` on the line before...?,ApproachingSource,ForagingSuccess,"The user identifies and provides the solution to a syntax error (missing semicolon) in PHP code. This directly resolves an information need by pinpointing the exact problem and solution, representing successful problem-solving.",ApproachingSource,disagree,"The comment 'Missing `;` on the line before...?' is phrased as a question, not a definitive answer. It seeks to confirm or clarify the nature of the error, likely directed at the original asker or other responders. This is diagnostic inquiry — an attempt to evaluate or probe the problem — not a resolved contribution. Thus, it aligns with ApproachingSource, not ForagingSuccess, which requires a clear, accepted solution to be offered or recognized.","The Analyst argues that the user is providing a diagnostic inquiry regarding a syntax error, which aligns with ApproachingSource. The Critic's perspective suggests it is not a definitive answer, but rather an attempt to clarify. The phrasing indicates engagement with the content, thus ApproachingSource is appropriate.",0.91,1.0,False,full
so_session_2887,comment_40140255,2014-09-05 12:23:59.273000+02:00,COMMENT,"Commented on post 25683695 | Comment: If you do this on both, it converts Time1 to `2014-09-05 04:54:32`, which is wrong.",PoorScent,PoorScent,"The user is commenting on a post to point out that a solution is incorrect ('which is wrong'). This represents a clear negative evaluation of information quality, indicating the user encountered low-quality or unhelpful content.",,,,,0.9,0.0,False,analyst_only
so_session_2887,comment_40140307,2014-09-05 12:25:41.820000+02:00,COMMENT,"Commented on: compare datetime with different timezone_type php | Comment: The question is, what is `1409900072` doing with a `+0200` anyway? A UNIX timestamp does not need an accompanying timezone; so what exactly is the meaning of it? Also, `+0200` is pretty useless inform",ApproachingSource,ApproachingSource,"The user is asking a clarifying question about the original problem ('The question is, what is...'). This shows engagement with a specific post to investigate and evaluate the information by seeking more details.",,,,,0.85,0.0,False,analyst_only
so_session_2887,post_25683997,2014-09-05 12:39:21.357000+02:00,POST_ANSWER,Posted answer to question bytearray(b'25683532') | Answer: <p>Interfaces and abstract classes serve different purposes. An interface is used to exclusively declare what the interface to a class must look like in order to qualify as an <em>X</em>. You'd use th...,ForagingSuccess,ForagingSuccess,"The user posted an answer to a question, providing a solution about interfaces and abstract classes. This represents successful knowledge contribution where the user found/created a solution to share with others.",,,,,0.95,0.0,False,analyst_only
so_session_2887,edit_72900303,2014-09-05 12:39:21.357000+02:00,EDIT_INITIAL_BODY,"Edited post 25683997: ""Interfaces and abstract classes serve different purposes. An interface is used t"": ""Interfaces and abstract classes serve different purposes. An interface is used t"" | Change: Interfaces and abstract classes serve different purposes. An interface is used to exclusively declare what the interface to a class must look like in order to qualify as an *X*. You'd use this to defi",DietEnrichment,DietEnrichment,"The user is editing the initial body of their own answer post. This action improves the quality and accuracy of the information they contributed, enriching the knowledge environment for others.",,,,,0.95,0.0,False,analyst_only
so_session_2887,comment_40140685,2014-09-05 12:40:05.517000+02:00,COMMENT,Commented on post 25683695 | Comment: The UNIX timestamp 1409900072 represents 2014-09-05 06:54:32 UTC time.,DietEnrichment,DietEnrichment,"The user is providing additional clarifying information about UNIX timestamps and UTC time conversion. This comment adds valuable context and knowledge to the discussion, enriching the information ecosystem.",,,,,0.85,0.0,False,analyst_only
so_session_2922,comment_40381901,2014-09-12 20:34:29.207000+02:00,COMMENT,"Commented on: Pass by reference OR by value | Comment: What exactly is the point of this design to begin with? What problem are you trying to solve by doing this? A parameter passed by reference is typically an ""output parameter"". It makes no sense to pas",ApproachingSource,ApproachingSource,User is asking clarifying questions about the original post ('What exactly is the point of this design? What problem are you trying to solve?') to better understand the intent and context before providing an answer. This represents drilling into the source content to evaluate the information need.,,,,,0.9,0.0,False,analyst_only
so_session_2922,comment_40382064,2014-09-12 20:39:31.627000+02:00,COMMENT,"Commented on: Pass by reference OR by value | Comment: *Why* do you want it to be a reference? If you accept a parameter by reference, that means you're intending to modify the variable in a way that the change will be propagated into the scope of the cal",ApproachingSource,ApproachingSource,User continues to probe deeper with follow-up questions ('Why do you want it to be a reference?') to understand the reasoning behind the original approach. This further demonstrates engagement with the specific post to extract and evaluate information before formulating a response.,,,,,0.9,0.0,False,analyst_only
so_session_2922,post_25814793,2014-09-12 20:45:06.680000+02:00,POST_ANSWER,"Posted answer to question bytearray(b'25814529') | Answer: <blockquote>   <p>Perhaps because the string literal could be too big?</p> </blockquote>  <p>If you're doing this for the purpose of optimisation, then it's entirely unnecessary. The string will <em>n...",ForagingSuccess,ForagingSuccess,"User posts an answer that directly addresses the question, providing a solution and explanation. This represents successful knowledge contribution where the user has found/created a satisfactory answer to the information need.",,,,,0.95,0.0,False,analyst_only
so_session_2922,edit_73395558,2014-09-12 20:45:06.680000+02:00,EDIT_INITIAL_BODY,"Edited post 25814793 | Change: > Perhaps because the string literal could be too big?
 
 If you're doing this for the purpose of optimisation, then it's entirely unnecessary. The string will *not* be copied when you pass it into th",DietEnrichment,DietEnrichment,User edits the initial body of their answer to improve the content quality and accuracy. This represents refining and enhancing the information contribution to make it more valuable to the community.,,,,,0.95,0.0,False,analyst_only
so_session_2922,edit_73395918,2014-09-12 20:50:56.820000+02:00,EDIT_BODY,"Edited post 25814793 | Edit reason: added 121 characters in body | New content: > Perhaps because the string literal could be too big?
 
 If you're doing this for the purpose of optimisation, then it's entirely unnecessary. The string will *not* be copied when you pass it into th...",DietEnrichment,DietEnrichment,"User makes additional edits to their answer body, adding 121 characters to further improve and expand the explanation. This continues the pattern of enriching the information environment by refining the knowledge contribution.",,,,,0.95,0.0,False,analyst_only
so_session_2947,comment_40588792,2014-09-19 09:00:39.120000+02:00,COMMENT,"Commented on: Implode() vs Foreach() | Comment: The result is obviously the same, the way to get there is different. Which to use depends on what's more appropriate and/or readable and/or understandable for the specific task. Personally, whenever I",ApproachingSource,ApproachingSource,User is commenting on a question about Implode() vs Foreach() to provide clarification and context about when to use each approach. This represents engaging with a specific post to evaluate and refine the information being discussed.,,,,,0.9,0.0,False,analyst_only
so_session_2947,comment_40588891,2014-09-19 09:05:15.743000+02:00,COMMENT,Commented on: Implode() vs Foreach() | Comment: A loop is obviously a much more general construct than `implode`. Use as appropriate. You could do many different things in a loop. `implode` only does one specific thing.,ApproachingSource,ApproachingSource,"User continues the discussion on the same post, providing additional clarification about the differences between loops and implode(). This shows continued engagement with the source to extract and evaluate information.",,,,,0.9,0.0,False,analyst_only
so_session_2947,post_25928260,2014-09-19 09:07:54.050000+02:00,POST_ANSWER,"Posted answer to question bytearray(b'25928206') | Answer: <p>Like this:</p>  <pre><code>call_user_func_array('pack', array_merge(['C*'], $unpack_data)) </code></pre>...",ForagingSuccess,ForagingSuccess,"User posts an answer to a different question, providing a code solution using call_user_func_array and pack. This represents successfully finding/creating a solution to an information need.",,,,,0.95,0.0,False,analyst_only
so_session_2947,edit_73833528,2014-09-19 09:07:54.050000+02:00,EDIT_INITIAL_BODY,"Edited post 25928260 | Change: Like this:
 
     call_user_func_array('pack', array_merge(['C*'], $unpack_data))",DietEnrichment,DietEnrichment,User edits their own answer to improve the formatting and presentation of the code solution. This enhances the quality and readability of the information they contributed.,,,,,0.95,0.0,False,analyst_only
so_session_2947,comment_40589583,2014-09-19 09:28:06.217000+02:00,COMMENT,"Commented on: php session is not destroying after i close site's tab on my browser? | Comment: There's no inherent difference between clicking on a link and closing a tab, opening a new one and typing the URL of the page by hand. There's no inherent ""loss of connectivity"" or any such thing in b",ApproachingSource,ApproachingSource,"User comments on a session destruction question, providing technical clarification about the difference between clicking links and closing tabs. This shows engagement with the source to evaluate and explain the information.",,,,,0.85,0.0,False,analyst_only
so_session_2947,post_25928858,2014-09-19 09:45:34.770000+02:00,POST_ANSWER,"Posted answer to question bytearray(b'25928791') | Answer: <p>Never use numerically named variables like <code>$phone1</code>, <code>$phone2</code> etc. Whenever you do that, what you really want is <em>one array</em> called <code>$phones</code>:</p>  <pre><c...",ForagingSuccess,ForagingSuccess,"User posts another answer, this time providing guidance on proper variable naming practices and suggesting array usage instead of numbered variables. This represents successfully contributing a solution to an information need.",,,,,0.95,0.0,False,analyst_only
so_session_2947,edit_73835724,2014-09-19 09:45:34.770000+02:00,EDIT_INITIAL_BODY,"Edited post 25928858 | Change: Never use numerically named variables like `$phone1`, `$phone2` etc. Whenever you do that, want you really want is *one array* called `$phones`:
 
     $phones = [
         ['name' => ..., 'merk' => .",DietEnrichment,DietEnrichment,User edits their own answer to improve formatting (adding code blocks) and clarify the explanation. This enhances the quality and readability of the information they contributed.,,,,,0.95,0.0,False,analyst_only
so_session_2947,edit_73835997,2014-09-19 09:50:52.923000+02:00,EDIT_OTHER,"Edited post: php session is not destroying after i close site's tab on my browser? | Edit reason: 101 (Marked as duplicate (original question IDs)) | Change: {""OriginalQuestionIds"":[13174297],""Voters"":[{""Id"":476,""DisplayName"":""deceze"",""BindingReason"":{""GoldTagBadge"":""php""}}]}",DietEnrichment,DietEnrichment,User edits someone else's post to mark it as a duplicate and provide the original question ID. This improves the information ecosystem by organizing content and preventing redundancy.,,,,,0.9,0.0,False,analyst_only
so_session_2947,comment_40590252,2014-09-19 09:51:38.190000+02:00,COMMENT,Commented on post 25928898 | Comment: You can configure when sessions become invalid. 24 minutes is not hardcoded or anything.,ApproachingSource,ApproachingSource,User comments on another post to provide technical clarification about session configuration and timeout settings. This shows engagement with the source to evaluate and explain the information.,,,,,0.85,0.0,False,analyst_only
so_session_2957,comment_40663199,2014-09-22 10:56:08.073000+02:00,COMMENT,"Commented on: Comma separated values into select query | Comment: Your problem is precisely that your `job_type` *is not* ""4"" or ""2"". Your `job_type` is ""2,4,5"". SQL doesn't care about commas and doesn't know that you think of those numbers as separate values. Look",DietEnrichment,DietEnrichment,"The user is providing a clarifying comment that identifies the core issue in the original question ('Your problem is precisely that your job_type is not ""4"" or ""2""'). This adds valuable context and diagnostic information that helps the question asker understand their problem better, enriching the information environment.",,,,,0.9,0.0,False,analyst_only
so_session_2957,post_25970277,2014-09-22 11:06:19.110000+02:00,POST_ANSWER,"Posted answer to question bytearray(b'25969269') | Answer: <p>You're doing ""normalisation"" one way or the other. You can either store the normalised data in the database upon input and simplify the search algorithm, or you essentially ""normalise"" the data dur...",ForagingSuccess,ForagingSuccess,"The user posts an answer to a question, providing a solution that explains two approaches to solving the normalization problem. This represents successful knowledge contribution where the user has found/created a solution to someone else's information need.",,,,,0.95,0.0,False,analyst_only
so_session_2957,edit_74002710,2014-09-22 11:06:19.110000+02:00,EDIT_INITIAL_BODY,"Edited post 25970277: ""You're doing ""normalisation"" one way or the other. You can either store the norm"": ""You're doing ""normalisation"" one way or the other. You can either store the norm"" | Change: You're doing ""normalisation"" one way or the other. You can either store the normalised data in the database upon input and simplify the search algorithm, or you essentially ""normalise"" the data during",DietEnrichment,DietEnrichment,"The user edits the initial body of their own answer post. This is clearly an act of improving the quality and accuracy of their information contribution, which enriches the knowledge ecosystem.",,,,,0.95,0.0,False,analyst_only
so_session_2957,post_25970495,2014-09-22 11:17:02.643000+02:00,POST_ANSWER,Posted answer to question bytearray(b'25970338') | Answer: <p>The <code>++</code> <em>post increment operator</em> first <strong>returns the value</strong> and afterwards (post) <strong>increments the value</strong>. I.e. <code>$c++</code> returns the value o...,ForagingSuccess,ForagingSuccess,"The user posts another answer to a different question, explaining the post increment operator behavior in PHP. This is another instance of successful knowledge contribution where the user provides a solution to an information need.",,,,,0.95,0.0,False,analyst_only
so_session_2957,edit_74003600,2014-09-22 11:17:02.643000+02:00,EDIT_INITIAL_BODY,"Edited post 25970495 | Change: The `++` *post increment operator* first **returns the value** and afterwards (post) **increments the value**. I.e. `$c++` returns the value of `$c`, *then* increments `$c`.
 
 It is then obviously ex",DietEnrichment,DietEnrichment,"The user edits the initial body of their second answer post. This further refines and improves the explanation of the post increment operator, enhancing the quality of the information provided.",,,,,0.95,0.0,False,analyst_only
so_session_2957,comment_40664068,2014-09-22 11:23:24.190000+02:00,COMMENT,"Commented on post 25970495 | Comment: Logical associativity and evaluation order aren't necessarily the same thing. Associativity refers to *how* two operands will be added together, not *when* either operand's *expression* is evaluated.",DietEnrichment,DietEnrichment,"The user adds a clarifying comment on their own answer post, distinguishing between logical associativity and evaluation order. This provides additional educational context and enriches the understanding of the topic for readers.",,,,,0.9,0.0,False,analyst_only
so_session_2957,comment_40664328,2014-09-22 11:31:25.283000+02:00,COMMENT,Commented on: What is the precidency and associtivity for increment operator and assignment operator for the block | Comment: Can you maybe clarify what exactly is puzzling for you about this behaviour? Is it the behaviour of `++` or the execution order? What result would you have expected?,ApproachingSource,ApproachingSource,The user comments on a question asking for clarification ('Can you maybe clarify what exactly is puzzling for you'). This shows the user is engaging with the source material to better understand the questioner's specific information need before potentially providing a solution.,,,,,0.85,0.0,False,analyst_only
so_session_2957,comment_40664828,2014-09-22 11:47:05.263000+02:00,COMMENT,Commented on post 25970495 | Comment: bika The associativity among operators in this case merely states that the entirety of the right hand side will be assigned to the single variable on the left; i.e. `$a = $b + $c + $d` means `$b + $c,DietEnrichment,DietEnrichment,"The user provides another explanatory comment on their answer post, clarifying how associativity works in the context of assignment operations. This adds further educational value and enriches the information environment with deeper technical explanation.",,,,,0.9,0.0,False,analyst_only
so_session_3038,comment_41710366,2014-10-24 09:25:14.177000+02:00,COMMENT,"Commented on: how to replace multiple characters in a single string using php | Comment: Why would you *replace* those characters? What ""issue"" is there?",ApproachingSource,ApproachingSource,"User is asking for clarification on a question ('Why would you *replace* those characters? What ""issue"" is there?...'), which indicates they are investigating and evaluating the information presented in the post to understand the underlying problem better.",,,,,0.9,0.0,False,analyst_only
so_session_3038,comment_41710437,2014-10-24 09:28:23.097000+02:00,COMMENT,Commented on: how to replace multiple characters in a single string using php | Comment: Then you need to properly prepare your values to be entered into the database. Removing characters is not the answer! Read [The Great Escapism (Or: What You Need To Know To Work With Text Within Text),DietEnrichment,DietEnrichment,"User provides constructive feedback and guidance ('Then you need to properly prepare your values to be entered into the database. Removing characters is not the a...'), adding valuable information about proper database preparation techniques rather than just seeking clarification.",,,,,0.85,0.0,False,analyst_only
so_session_3038,edit_76187382,2014-10-24 09:28:33.723000+02:00,EDIT_OTHER,"Edited post: how to replace multiple characters in a single string using php | Edit reason: 101 (Marked as duplicate (original question IDs)) | Change: {""OriginalQuestionIds"":[60174],""Voters"":[{""Id"":476,""DisplayName"":""deceze"",""BindingReason"":{""GoldTagBadge"":""mysql""}}]}",DietEnrichment,DietEnrichment,"User marks a post as duplicate with original question IDs, which improves the information ecosystem by connecting related content and preventing redundant questions, thus enriching the overall knowledge base.",,,,,0.95,0.0,False,analyst_only
so_session_3038,comment_41710643,2014-10-24 09:37:11.083000+02:00,COMMENT,"Commented on: php if elseif statement select wrong variable every time | Comment: PHP is not English. `or ""7950""` is always `true`, because the expression `""7950""` is always `true`.",DietEnrichment,DietEnrichment,"User provides educational correction about PHP syntax ('PHP is not English. `or ""7950""` is always `true`, because the expression `""7950""` is always `true`....'), adding technical clarification that improves understanding of the language behavior.",,,,,0.9,0.0,False,analyst_only
so_session_3038,comment_41710782,2014-10-24 09:43:40.310000+02:00,COMMENT,"Commented on: White space on top of my website caused by mysterious double quotes | Comment: Are you actually seeing the quotes on your page, or are those merely present in the DOM inspector, representing an empty text block?",ApproachingSource,ApproachingSource,"User asks a diagnostic question ('Are you actually seeing the quotes on your page, or are those merely present in the DOM inspector...') to investigate and understand the nature of the problem before providing a solution, showing engagement with the source content.",,,,,0.85,0.0,False,analyst_only
so_session_3038,post_26543632,2014-10-24 09:52:04.640000+02:00,POST_ANSWER,"Posted answer to question bytearray(b'26543557') | Answer: <p>The encoding is important is so far as it determines what characters you can store. You cannot save ""日本語"" or other similar ""exotic"" characters in a <code>latin1</code> encoded column. If you may be...",ForagingSuccess,ForagingSuccess,"User posts an answer explaining character encoding importance ('The encoding is important is so far as it determines what characters you can store...'), providing a solution to an information need and successfully contributing knowledge.",,,,,0.95,0.0,False,analyst_only
so_session_3038,edit_76188508,2014-10-24 09:52:04.640000+02:00,EDIT_INITIAL_BODY,"Edited post 26543632: ""The encoding is important is so far as it determines what characters you can sto"": ""The encoding is important is so far as it determines what characters you can sto"" | Change: The encoding is important is so far as it determines what characters you can store. You cannot save ""日本語"" or other similar ""exotic"" characters in a `latin1` encoded column. If you may be required to d",DietEnrichment,DietEnrichment,"User edits their own answer's initial body to refine and improve the content, which enhances the quality and accuracy of the information they are providing to the community.",,,,,0.9,0.0,False,analyst_only
so_session_3038,comment_41711021,2014-10-24 09:54:32.843000+02:00,COMMENT,Commented on: White space on top of my website caused by mysterious double quotes | Comment: Whitespace shouldn't have any influence on the rendering of elements and spaces between them. Sure you're not dealing with whitespace caused by margins somewhere?,DietEnrichment,DietEnrichment,"User provides additional technical insight ('Whitespace shouldn't have any influence on the rendering of elements and spaces between them...'), contributing expertise and helping to diagnose the underlying issue.",,,,,0.85,0.0,False,analyst_only
so_session_3038,post_26544003,2014-10-24 10:18:25.840000+02:00,POST_ANSWER,"Posted answer to question bytearray(b'26543879') | Answer: <p>Such URLs may be widely cached, saved or otherwise be visible:</p>  <ul> <li>if sent through email, the password is going out in cleartext over the wire, because emails are virtually always in the...",ForagingSuccess,ForagingSuccess,"User posts another answer explaining security risks of URLs with passwords ('Such URLs may be widely cached, saved or otherwise be visible...'), successfully providing a solution to a different information need.",,,,,0.95,0.0,False,analyst_only
so_session_3038,edit_76189928,2014-10-24 10:18:25.840000+02:00,EDIT_INITIAL_BODY,"Edited post 26544003 | Change: Such URLs may be widely cached, saved or otherwise be visible:
 
 - if sent through email, the password is going out in cleartext over the wire, because emails are virtually always in the clear
 - the",DietEnrichment,DietEnrichment,"User edits their own answer's initial body to refine and improve the content format and clarity, enhancing the quality of the information they are contributing to the knowledge base.",,,,,0.9,0.0,False,analyst_only
so_session_3437,comment_37102103,2014-06-05 15:49:07.237000+02:00,COMMENT,Commented on: Crashing when qsorting an array of pointers to strings | Comment: Are you certain `word_count <= MAX_WORDS`?,ApproachingSource,ApproachingSource,"User is asking a clarifying question about the original post ('Are you certain `word_count <= MAX_WORDS`?'), which demonstrates engagement with the specific content to evaluate or extract more information. This is characteristic of approaching a source to investigate its validity or completeness.",,,,,0.9,0.0,False,analyst_only
so_session_3437,comment_37102247,2014-06-05 15:52:09.560000+02:00,COMMENT,"Commented on: Crashing when qsorting an array of pointers to strings | Comment: Works fine as shown, given a valid `word_count` and valid `line` content: https://ideone.com/qPDpqt",DietEnrichment,DietEnrichment,User provides additional information and context by sharing an external link (ideone.com) that demonstrates the code working properly. This contributes knowledge and enriches the information environment by offering evidence and clarification.,,,,,0.85,0.0,False,analyst_only
so_session_3437,edit_66672365,2014-06-05 15:58:47.350000+02:00,EDIT_BODY,"Edited post: Crashing when qsorting an array of pointers to strings | Edit reason: spelling, format | New content: So I have searched this forum and when back and read every little detail in this chapter about using `qsort()`, but I can't seem to figure this out. When I run my code it crashes every time, I have tr...",DietEnrichment,DietEnrichment,"User edits the body of the post to improve spelling and formatting. This action enhances the quality and readability of the information, which directly contributes to enriching the knowledge environment.",,,,,0.95,0.0,False,analyst_only
so_session_3437,edit_66672366,2014-06-05 15:58:47.350000+02:00,EDIT_TITLE,"Edited post: Crashing when qsorting an array of pointers to strings | Edit reason: spelling, format | New title: Crashing when qsorting an array of pointers to strings",DietEnrichment,DietEnrichment,"User edits the title of the post to improve spelling and formatting. Similar to the body edit, this improves the overall quality and clarity of the post, contributing to the information ecosystem.",,,,,0.95,0.0,False,analyst_only
so_session_3437,post_24062537,2014-06-05 16:13:21.340000+02:00,POST_ANSWER,"Posted answer to question bytearray(b'24061882') | Answer: <p>You're overrunning some buffers:</p>  <pre><code>line[i] = malloc(strlen(word_str)); // ... strcpy(line[i], word_str); </code></pre>  <p>You need to include space for the terminating <code>'\0'</co...",ForagingSuccess,ForagingSuccess,User posts an answer that identifies and explains the problem ('You're overrunning some buffers') and provides a solution. This represents a successful resolution to the information need - the user has found/created a solution to the problem presented in the question.,,,,,0.9,0.0,False,analyst_only
so_session_3437,edit_66673591,2014-06-05 16:13:21.340000+02:00,EDIT_INITIAL_BODY,"Edited post 24062537 | Change: You're overrunning some buffers:
 
     line[i] = malloc(strlen(word_str));
     // ...
     strcpy(line[i], word_str);
 
 You need to include space for the terminating `'\0'` character, either via:",DietEnrichment,DietEnrichment,"User edits the initial body of their own answer to refine and improve the content. This self-editing behavior demonstrates continuous improvement of the information quality, enriching the knowledge contribution.",,,,,0.9,0.0,False,analyst_only
so_session_3437,edit_66674256,2014-06-05 16:21:49.933000+02:00,EDIT_BODY,"Edited post 24062537 | Edit reason: edited body | New content: You're overrunning some buffers:
 
     line[i] = malloc(strlen(word_str));
     // ...
     strcpy(line[i], word_str);
 
 You need to include space for the terminating `'\0'` character, either via:...",DietEnrichment,DietEnrichment,User makes another edit to their answer body to further refine and improve the content. This continued refinement shows commitment to providing high-quality information and enriching the knowledge environment.,,,,,0.9,0.0,False,analyst_only
so_session_3442,comment_37147327,2014-06-06 18:13:01.933000+02:00,COMMENT,"Commented on: jquery slider not displayed on page | Comment: Are you sure jQuery is loaded, and without any no-conflict options? The JSFiddle page is loading it for you, so the problem wouldn't be evident there.",ApproachingSource,ApproachingSource,"User is commenting on a jQuery slider question to ask for clarification about jQuery loading and no-conflict options. This represents engaging with a specific post to investigate or evaluate the information (diagnosing the problem), which aligns with ApproachingSource behavior.",,,,,0.9,0.0,False,analyst_only
so_session_3442,comment_37147538,2014-06-06 18:19:08.540000+02:00,COMMENT,Commented on: How to sort an arrray based on some attribute of the item EFFICIENTLY | Comment: This is almost precisely the same as one of the examples in the Mozilla [Array.prototype.sort() documentation](https://developer.mozilla.org/en-US/docs/Web/JavaScript/Reference/Global_Objects/Array/so,DietEnrichment,DietEnrichment,"User is commenting on an array sorting question by providing a reference to Mozilla documentation. This adds valuable information and context to help the question asker, representing knowledge contribution that enriches the information environment.",,,,,0.95,0.0,False,analyst_only
so_session_3442,post_24086723,2014-06-06 18:33:46.507000+02:00,POST_ANSWER,"Posted answer to question bytearray(b'24086579') | Answer: <p>You can't <code>fadeIn</code> individual characters like that - your <code>fadeIn()</code> call is applied to the whole header, which is already visible.  If you add each character as a <code>&lt;s...",ForagingSuccess,ForagingSuccess,"User posts an answer to a question about typewriter fadeIn effects, providing a solution that explains why the original approach doesn't work. This represents successfully finding/creating a solution to an information need.",,,,,0.95,0.0,False,analyst_only
so_session_3442,edit_66764940,2014-06-06 18:33:46.507000+02:00,EDIT_INITIAL_BODY,"Edited post 24086723: ""You can't fadeIn individual characters like that - your fadeIn() call is applied"": ""You can't fadeIn individual characters like that - your fadeIn() call is applied"" | Change: You can't `fadeIn` individual characters like that - your `fadeIn()` call is applied to the whole header, which is already visible.  If you add each character as a `<span>`, you can fade *that* in:",DietEnrichment,DietEnrichment,"User edits the initial body of their own answer post. This is clearly improving the quality and accuracy of their information contribution, which aligns with DietEnrichment behavior of refining content.",,,,,0.95,0.0,False,analyst_only
so_session_3442,edit_66765045,2014-06-06 18:35:09.260000+02:00,EDIT_BODY,"Edited post: Typewriter append with fadeIn | Edit reason: formatting | New content: Hello I'm trying to make typewriter with fadeIn effect but main method dont work. Could you tell me how can I add fadeIn effect to this script?
 
 <!-- language: lang-html -->
 
     <div class=""inner...",DietEnrichment,DietEnrichment,User edits the body of a post (likely the question they answered) to improve formatting. This represents improving the information quality in the ecosystem by making content more readable and accessible.,,,,,0.9,0.0,False,analyst_only
so_session_3442,edit_66765319,2014-06-06 18:39:51.073000+02:00,EDIT_BODY,"Edited post: Typewriter append with fadeIn | Edit reason: grammar tweaks | New content: Hello I'm trying to make typewriter with `fadeIn` effect but my method doesn't work. Could you tell me how can I add `fadeIn` effect to this script?
 
 <!-- language: lang-html -->
 
     <div class=""...",DietEnrichment,DietEnrichment,User performs another body edit with grammar tweaks to improve the post's clarity and correctness. This continues the pattern of refining and enhancing information quality in the knowledge environment.,,,,,0.9,0.0,False,analyst_only
so_session_3455,post_24187256,2014-06-12 16:41:04.883000+02:00,POST_ANSWER,"Posted answer to question bytearray(b'24187185') | Answer: <p>Two problems:</p>  <ol> <li>You can't assign to the <code>css()</code> function</li> <li>The value you're passing should contain units (probably pixels, in this case)</li> </ol>  <pre class=""lang-j...",ForagingSuccess,ForagingSuccess,"User posts an answer to a question, providing a solution to someone else's problem. This represents successful knowledge contribution where the user has found/created a solution, aligning with ForagingSuccess definition.",,,,,0.95,0.0,False,analyst_only
so_session_3455,edit_67153926,2014-06-12 16:41:04.883000+02:00,EDIT_INITIAL_BODY,"Edited post 24187256 | Change: Two problems:
 
 1. You can't assign to the `css()` function
 2. The value you're passing should contain units (probably pixels, in this case)
 
 <!-- language: lang-js -->
 
 
      $(""#textbox"").blu",DietEnrichment,DietEnrichment,"User immediately edits the initial body of their answer to improve its quality and formatting. This demonstrates refining existing content to enhance information quality, which is the core of DietEnrichment behavior.",,,,,0.9,0.0,False,analyst_only
so_session_3455,edit_67155088,2014-06-12 16:54:49.887000+02:00,EDIT_TITLE,"Edited post: There is no option to Add Existing Project | Edit reason: typo, visual studio tag | New title: There is no option to Add Existing Project",DietEnrichment,DietEnrichment,"User edits the title of a post to fix a typo and improve clarity. This action improves the information quality and discoverability of the content, fitting the DietEnrichment pattern of refining existing information.",,,,,0.85,0.0,False,analyst_only
so_session_3455,edit_67155089,2014-06-12 16:54:49.887000+02:00,EDIT_TAGS,"Edited post: There is no option to Add Existing Project | Edit reason: typo, visual studio tag | Tags: |c#|visual-studio|",DietEnrichment,DietEnrichment,"User edits tags on a post to improve categorization and topic accuracy. This enhances the information organization and findability, which is characteristic of DietEnrichment behavior in improving the information ecosystem.",,,,,0.85,0.0,False,analyst_only
so_session_3455,post_24187645,2014-06-12 16:58:02.057000+02:00,POST_ANSWER,"Posted answer to question bytearray(b'24187548') | Answer: <p>Convert the string to a number, the number from microseconds to milliseconds, and create a JS Date object based on the UTC time:</p>  <pre><code>var st = ""130459385299470000""; var dt = new Date(par...",ForagingSuccess,ForagingSuccess,"User posts another answer to a different question, providing a technical solution involving date conversion. This represents another instance of successful knowledge contribution where the user shares a solution, consistent with ForagingSuccess.",,,,,0.95,0.0,False,analyst_only
so_session_3455,edit_67155368,2014-06-12 16:58:02.057000+02:00,EDIT_INITIAL_BODY,"Edited post 24187645 | Change: Convert the string to a number, the number from microseconds to milliseconds, and create a JS Date object based on the UTC time:
 
     var st = ""130459385299470000"";
     var dt = new Date(parseInt(s",DietEnrichment,DietEnrichment,User immediately edits the initial body of their second answer to improve formatting and add code examples. This refinement of content to enhance clarity and usefulness aligns perfectly with DietEnrichment behavior of improving information quality.,,,,,0.9,0.0,False,analyst_only
so_session_3469,post_24249883,2014-06-16 20:26:45.307000+02:00,POST_ANSWER,Posted answer to question bytearray(b'24249777') | Answer: <p><code>.each()</code> doesn't return the value of any of the function it's wrapping.  The inner function results are only used to control the <code>.each()</code> loop.</p>  <p>Try this:</p>  <pre><...,ForagingSuccess,ForagingSuccess,"User posts an answer to a question, which represents successful knowledge contribution and resolution of an information need. This is a clear case of ForagingSuccess as the user is providing a solution to someone else's problem.",ForagingSuccess,agree,"POST_ANSWER is a canonical ForagingSuccess signal under IFT in Stack Overflow contexts. The user is not just contributing—they are resolving an information need by providing a correct, targeted solution. The content demonstrates technical accuracy and directly addresses the question’s core issue.","Both the Analyst and Critic agree that the user is providing a solution to a question, which is a clear indication of successful knowledge contribution. The action of posting an answer directly addresses an information need, fitting the ForagingSuccess label perfectly.",0.95,0.0,False,full
so_session_3469,edit_67401157,2014-06-16 20:26:45.307000+02:00,EDIT_INITIAL_BODY,"Edited post 24249883 | Change: `.each()` doesn't return the value of any of the function it's wrapping.  The inner function results are only used to control the `.each()` loop.
 
 Try this:
 
     supportNumber: function(){",DietEnrichment,DietEnrichment,"User immediately edits the initial body of their answer to improve its quality and clarity. This represents refining and enhancing the information they just contributed, which is classic DietEnrichment behavior.",DietEnrichment,agree,"EDIT_INITIAL_BODY is a deliberate refinement of newly posted content to improve clarity and correctness. This is not a new foraging act but an enhancement of an existing contribution—classic DietEnrichment. The edit adds precision to the explanation and code formatting, improving the information ecosystem.","The Analyst and Critic both recognize that the user is refining their previously posted answer to enhance clarity and quality. The action of editing the initial body of the answer is a classic example of DietEnrichment, as it improves the existing content rather than initiating new foraging.",0.9,0.0,False,full
so_session_3469,comment_37457864,2014-06-16 20:39:44.833000+02:00,COMMENT,Commented on: Can you dereference a char pointer inside of a function? | Comment: Do you have any compiler warnings enabled? That assignment in `getword()` (`char *` assigned to `char`) should be setting off at least one.,DietEnrichment,ApproachingSource,"User comments on a question about dereferencing char pointers, asking about compiler warnings and pointing out a potential issue. This shows engagement with specific content to seek clarification and evaluate information quality.",DietEnrichment,disagree,"The comment does not seek clarification—it provides diagnostic advice (compiler warnings) and identifies a specific error (type mismatch). This is not approaching the source to understand, but actively enriching the existing post with corrective, contextual knowledge. Under IFT, adding actionable, expert-level insight to improve the quality of the thread is DietEnrichment, not ApproachingSource.","While the Analyst views this comment as ApproachingSource, the Critic argues it enriches the existing post by providing diagnostic advice. Given that the comment offers corrective information rather than merely seeking clarification, it aligns more with DietEnrichment.",0.85,1.0,False,full
so_session_3469,comment_37458393,2014-06-16 20:57:04.780000+02:00,COMMENT,Commented on: How to implement char pointers in a node structure? | Comment: What's the definition of `struct data_node`?,ApproachingSource,ApproachingSource,"User asks for the definition of a struct in another question, demonstrating they are investigating and evaluating the content to understand the problem better before potentially providing help.",ApproachingSource,agree,"The comment asks for the definition of struct data_node, which is a clear attempt to gather missing context before evaluating or responding. This is textbook ApproachingSource: the user is probing the source to assess its completeness and suitability for providing a solution.","Both perspectives agree that the user is seeking clarification by asking for the definition of a struct. This action demonstrates engagement with the content to gather necessary context before potentially providing a solution, fitting the ApproachingSource label.",0.87,0.0,False,full
so_session_3469,post_24250392,2014-06-16 21:02:04.277000+02:00,POST_ANSWER,"Posted answer to question bytearray(b'24250204') | Answer: <p>Initialize <code>name</code> when you're initializing the rest.</p>  <pre><code>new_node = malloc(sizeof(struct data_node)); new_node-&gt;data=elem; strncpy(new_node-&gt;name, name, STRINGMAX); </c...",ForagingSuccess,ForagingSuccess,"User posts another answer, this time providing a solution for implementing char pointers in a node structure. This represents another successful knowledge contribution and resolution of an information need.",ForagingSuccess,agree,"Another POST_ANSWER that directly resolves a programming problem with a concrete, executable solution. The answer includes correct memory allocation and string copying logic—this is a successful knowledge contribution that satisfies the asker’s need.","The Analyst and Critic both concur that the user is posting an answer that resolves a specific programming problem. This action is a clear instance of ForagingSuccess, as it addresses an information need with a concrete solution.",0.95,0.0,False,full
so_session_3469,edit_67403195,2014-06-16 21:02:04.277000+02:00,EDIT_INITIAL_BODY,"Edited post 24250392 | Change: Initialize `name` when you're initializing the rest.
 
     new_node = malloc(sizeof(struct data_node));
     new_node->data=elem;
     strncpy(new_node->name, name, STRINGMAX);",DietEnrichment,DietEnrichment,User immediately edits their second answer to improve the code example and formatting. This is another clear case of DietEnrichment as they are refining and enhancing the information quality of their contribution.,DietEnrichment,agree,"The edit adds critical code context (strncpy usage, buffer size) that was missing in the initial answer. This improves correctness and safety—core goals of DietEnrichment. The user is not seeking new information but refining their own contribution to prevent misunderstandings.","Both the Analyst and Critic agree that the user is enhancing their previously posted answer by improving the code example and formatting. This action is indicative of DietEnrichment, as it refines existing content rather than initiating new foraging.",0.9,0.0,False,full
so_session_3469,comment_37459245,2014-06-16 21:23:43.917000+02:00,COMMENT,"Commented on: Text-Transform Style Not Working | Comment: It works fine on its own (http://codepen.io/paulroub/pen/qDbhw), but I'm not seeing any such CSS rules (overridden or otherwise) applied to those elements in your page. In which of the many linked sty",DietEnrichment,ApproachingSource,"User comments on a CSS question, providing diagnostic information about why a text-transform style isn't working and referencing a test case. This shows engagement with specific content to evaluate and understand the problem.",DietEnrichment,disagree,"The comment does not ask for clarification—it provides a diagnostic counterexample (CodePen link) and asserts that CSS rules are missing. This is not evaluating the source; it is actively enriching it with evidence and a potential explanation. The user is improving the thread’s utility by offering a test case and reasoning, which aligns with DietEnrichment, not ApproachingSource.","The Analyst sees this comment as ApproachingSource, but the Critic points out that it provides a diagnostic counterexample and enriches the discussion. The comment actively improves the thread's utility, aligning it more with DietEnrichment rather than merely seeking clarification.",0.83,1.0,False,full
so_session_3488,post_24394884,2014-06-24 21:36:56.573000+02:00,POST_ANSWER,"Posted answer to question bytearray(b'24394846') | Answer: <p>Unless you have a variable <code>i = ""i"";</code>, that won't find anything.</p>  <pre><code>$('dd.accordion-navigation').on('click', 'a.switch' function(){   $(this).find('i').removeClass('plus').a...",ForagingSuccess,ForagingSuccess,"The user posts an answer to a question, which represents successful knowledge contribution. This is a clear case of ForagingSuccess as the user has found/created a solution to share with others. The action demonstrates resolution of an information need.",,,,,0.95,0.0,False,analyst_only
so_session_3488,edit_67973320,2014-06-24 21:36:56.573000+02:00,EDIT_INITIAL_BODY,"Edited post 24394884 | Change: Unless you have a variable `i = ""i"";`, that won't find anything.
 
     $('dd.accordion-navigation').on('click', 'a.switch' function(){
       $(this).find('i').removeClass('plus').addClass('minus');",DietEnrichment,DietEnrichment,The user immediately edits their answer to improve its quality and clarity. This is a classic DietEnrichment behavior where the user refines existing content to make it more accurate and helpful for others in the information ecosystem.,,,,,0.95,0.0,False,analyst_only
so_session_3488,comment_37732834,2014-06-24 21:39:54.027000+02:00,COMMENT,"Commented on: jQuery - Get content of clicked element | Comment: And none of the `li` elements (which will be `this` in the code) have any `id` set, either.",ApproachingSource,ApproachingSource,"The user comments on a jQuery question to provide clarification and point out issues with the original code. This represents ApproachingSource as the user is drilling into specific content to evaluate and extract information, helping to clarify the problem for better understanding.",,,,,0.85,0.0,False,analyst_only
so_session_3488,comment_37733027,2014-06-24 21:46:28.247000+02:00,COMMENT,"Commented on: Doubling Dynamic Stack Array | Comment: What is the type of `Stack.data`? Remember that `s->data + old_capacity` will be based on that size, not `sizeof(char)`. You're running the risk of a buffer overrun here.",DietEnrichment,DietEnrichment,"The user comments on a different question about dynamic stack arrays, providing technical guidance and pointing out potential risks. This is DietEnrichment as the user is adding valuable information and context to help improve the quality of the discussion and potential solutions.",,,,,0.9,0.0,False,analyst_only
so_session_3488,comment_37733598,2014-06-24 22:05:24.273000+02:00,COMMENT,"Commented on: Doubling Dynamic Stack Array | Comment: Raymond You have a struct type `Stack` that you haven't shown. It has a `data` member whose type, and therefor size, we can't see.",ApproachingSource,ApproachingSource,"The user provides another comment on the same stack array question, asking for clarification about the struct type and data member. This is ApproachingSource as the user is seeking more details to better understand and evaluate the problem before providing a complete solution.",,,,,0.85,0.0,False,analyst_only
so_session_3489,post_24396135,2014-06-24 22:57:39.983000+02:00,POST_ANSWER,"Posted answer to question bytearray(b'24396045') | Answer: <p>Close.</p>  <pre><code>$(""a.mark"").on('click', function(e) {   $(""a.mark"").each(     function() {       $($(this).attr('href')).css('color', 'black') ;     }   );    $($(this).attr('href')).css( 'c...",ForagingSuccess,ForagingSuccess,"User posts an answer to a question, providing a solution to someone else's problem. This represents successful knowledge contribution where the user has found/created a solution to share with others.",,,,,0.95,0.0,False,analyst_only
so_session_3489,edit_67978059,2014-06-24 22:57:39.983000+02:00,EDIT_INITIAL_BODY,"Edited post 24396135 | Change: Close.
 
     $(""a.mark"").on('click', function(e) {
       $(""a.mark"").each(
         function() {
           $($(this).attr('href')).css('color', 'black') ;
         }
       );
   
       $($(this).",DietEnrichment,DietEnrichment,User immediately edits their own answer to improve its formatting and content quality. This enriches the information environment by making the solution more readable and valuable to others.,,,,,0.9,0.0,False,analyst_only
so_session_3489,comment_37735253,2014-06-24 22:59:06.763000+02:00,COMMENT,"Commented on post 24396144 | Comment: What if there are other, uninvolved, `span`s in the page? They'll be set to `color: black` as well.",ApproachingSource,ApproachingSource,User comments on another post (24396144) asking a clarifying question about potential edge cases. This shows the user is investigating and evaluating the information quality of someone else's content.,,,,,0.85,0.0,False,analyst_only
so_session_3489,post_24396289,2014-06-24 23:06:18.323000+02:00,POST_ANSWER,"Posted answer to question bytearray(b'24396204') | Answer: <p>You're short a <code>const</code>.</p>  <pre><code> const arr* getArrayPtr() {} </code></pre>  <p>Means ""this returns a const pointer"".</p>  <pre><code> const arr* getArrayPtr() const {} </code></p...",ForagingSuccess,ForagingSuccess,"User posts another answer to a different question, providing a solution about C++ pointer syntax. This continues the pattern of successful knowledge contribution and problem-solving.",,,,,0.95,0.0,False,analyst_only
so_session_3489,edit_67978602,2014-06-24 23:06:18.323000+02:00,EDIT_INITIAL_BODY,"Edited post 24396289 | Change: You're short a `const`.
 
      const arr* getArrayPtr() {}
 
 Means ""this returns a const pointer"".
 
      const arr* getArrayPtr() const {}
 
 Means ""this returns a const pointer, and can be called",DietEnrichment,DietEnrichment,User edits their own answer to improve formatting and clarity. This is DietEnrichment as they are refining their contribution to make it more valuable and understandable to others.,,,,,0.9,0.0,False,analyst_only
so_session_3489,post_24396686,2014-06-24 23:31:53.340000+02:00,POST_ANSWER,"Posted answer to question bytearray(b'24396517') | Answer: <p>It's a closure issue. By the time the hover in/out functions actually run, the loop has long since exited, and <code>i &gt; 2</code>.</p>  <p>Add a separate handler function:</p>  <pre><code>var it...",ForagingSuccess,ForagingSuccess,"User posts a third answer, this time explaining a JavaScript closure issue. This represents another instance of successful problem-solving and knowledge sharing with the community.",,,,,0.95,0.0,False,analyst_only
so_session_3489,edit_67980013,2014-06-24 23:31:53.340000+02:00,EDIT_INITIAL_BODY,"Edited post 24396686 | Change: It's a closure issue. By the time the hover in/out functions actually run, the loop has long since exited, and `i > 2`.
 
 Add a separate handler function:
 
   
     var items=[""#item-1"",""#item-2""];",DietEnrichment,DietEnrichment,User edits their own answer to improve formatting and add more explanatory content. This enriches the information quality by making the technical explanation clearer and more comprehensive.,,,,,0.9,0.0,False,analyst_only
so_session_3489,edit_67980122,2014-06-24 23:34:12.793000+02:00,EDIT_BODY,"Edited post: how to pass multi-array arguments to jquery for loop | Edit reason: formatting | New content: I want to show my `overlay`s when hovering over `item`s.
 
 This the code:
 
 <!-- language: lang-html -->
 
     <div class=""item"" id=""item-1"">
      <div class=""overlay"" id=""overlay-1""></div>
     <...",DietEnrichment,DietEnrichment,User edits someone else's question to improve formatting and code presentation. This is clearly enriching the information environment by making the question more readable and better structured for others to understand and answer.,,,,,0.85,0.0,False,analyst_only
so_session_3489,edit_67980323,2014-06-24 23:38:16.517000+02:00,EDIT_BODY,"Edited post: how to get id from URL using php | Edit reason: Corrected spelling | New content: I have this code on my Search page:
      
     <a href=""detail.php?id=<?php echo $ido;?>""STYLE=""TEXT-DECORATION: NONE""><?php echo $nume;?></a>
 
 and i also have a `detail.php` page. I need to get th...",DietEnrichment,DietEnrichment,"User edits another post to correct spelling and improve content. This continues the pattern of contributing to the community by refining and improving existing information, making it more accessible and valuable.",,,,,0.85,0.0,False,analyst_only
so_session_3576,edit_70657105,2014-08-02 20:03:13.817000+02:00,EDIT_TITLE,Edited post: Socket permissions exception when attempting to read a page via HttpClient.GetStringAsync | Edit reason: informative title | New title: Socket permissions exception when attempting to read a page via HttpClient.GetStringAsync,DietEnrichment,DietEnrichment,"User is editing the title of their own post to make it more informative. This action improves the quality and clarity of the information, making it more accessible and useful to others in the community. EDIT_TITLE actions typically represent DietEnrichment as they enhance the information environment.",DietEnrichment,agree,"The user edited their own question's title to improve clarity and informativeness, which directly enhances the discoverability and quality of the information environment. This is a classic case of DietEnrichment as defined.","Both the Analyst and Critic agree that the user is enhancing the title of their post to improve clarity and informativeness, which aligns with the DietEnrichment label as it contributes positively to the information environment.",0.95,0.0,False,full
so_session_3576,edit_70657124,2014-08-02 20:03:13.817000+02:00,EDIT_TAGS,Edited post: Socket permissions exception when attempting to read a page via HttpClient.GetStringAsync | Edit reason: informative title | Tags: |c#|dotnet-httpclient|httpexception|,DietEnrichment,DietEnrichment,User is editing tags to make the post more discoverable and better categorized. Adding relevant tags improves the information organization and helps other users find this content more easily. EDIT_TAGS actions represent DietEnrichment by enhancing metadata quality.,DietEnrichment,agree,"Tag editing improves metadata structure and information organization, enabling better foraging for others. This aligns perfectly with DietEnrichment, as it enhances the ecosystem's utility without directly seeking or answering a question.","The user is editing tags to improve the discoverability and categorization of their post. Both perspectives recognize this action as enhancing the information organization, fitting the DietEnrichment label.",0.95,0.0,False,full
so_session_3576,comment_39054639,2014-08-02 20:08:42.620000+02:00,COMMENT,"Commented on: Javascript flood fill algorithm getting caught in an infinite loop | Comment: In your ""up"" case, the first time through, you'll call `floodFill(1,1);`. *That* call, in its ""down"" case, will call `floodFill(4,1);`, which will soon call `floodFill(1,1)`...",DietEnrichment,ApproachingSource,"User is analyzing a specific JavaScript flood fill algorithm question, identifying the root cause of an infinite loop by tracing through the execution flow. This comment seeks to understand and clarify the problem in the existing code, demonstrating engagement with a specific information source.",DietEnrichment,disagree,"The comment doesn't seek clarification—it directly identifies the root cause of the infinite loop by tracing execution flow. This is not approaching the source to evaluate it, but actively contributing a diagnostic insight. It enriches the discussion with actionable knowledge, fitting DietEnrichment better than ApproachingSource.","While the Analyst views this as ApproachingSource, the Critic argues it enriches the discussion by diagnosing the issue. Given the constructive nature of the comment and its contribution to the conversation, DietEnrichment is more appropriate.",0.9,1.0,False,full
so_session_3576,comment_39054750,2014-08-02 20:15:32.047000+02:00,COMMENT,"Commented on: Javascript flood fill algorithm getting caught in an infinite loop | Comment: Hint: if only there were some array where you could see which squares you'd already processed. Oh, wait...",DietEnrichment,DietEnrichment,"User is providing a hint/suggestion about tracking processed squares to solve the infinite loop problem. This adds constructive information to help the original poster, representing knowledge contribution that enriches the discussion and moves toward a solution.",DietEnrichment,agree,"The hint about tracking processed squares is a constructive, solution-oriented contribution that adds value to the problem space. It guides toward resolution without being a full answer, which fits DietEnrichment well.","Both the Analyst and Critic agree that this comment provides a constructive hint that adds value to the discussion, aligning with the DietEnrichment label as it contributes positively to the problem-solving process.",0.9,0.0,False,full
so_session_3576,post_25098101,2014-08-02 20:22:29.573000+02:00,POST_ANSWER,"Posted answer to question bytearray(b'25097932') | Answer: <p>In your ""up"" case, the first time through, you'll call <code>floodFill(1,1);</code>. That call, in its ""down"" case, will call <code>floodFill(4,1);</code>, which will soon call <code>floodFill(1,1)...",ForagingSuccess,ForagingSuccess,User posts a comprehensive answer explaining the infinite loop issue and providing a solution. POST_ANSWER typically represents ForagingSuccess as the user has found/created a solution to the problem and is sharing it with the community.,ForagingSuccess,agree,"The user posted a detailed, correct solution to the infinite loop problem. POST_ANSWER is the canonical signal of ForagingSuccess—here, the user has successfully created and shared a resolution.","Both perspectives agree that the user has posted a comprehensive answer that resolves the original question, clearly fitting the ForagingSuccess label as it represents a successful knowledge contribution.",0.96,0.0,False,full
so_session_3576,edit_70657784,2014-08-02 20:22:29.573000+02:00,EDIT_INITIAL_BODY,"Edited post 25098101 | Change: In your ""up"" case, the first time through, you'll call `floodFill(1,1);`. That call, in its ""down"" case, will call `floodFill(4,1);`, which will soon call `floodFill(1,1)`
 
 You're already keeping tr",DietEnrichment,DietEnrichment,"User is editing the initial body of their own answer to improve its clarity and completeness. EDIT_INITIAL_BODY represents refinement of their knowledge contribution, enhancing the quality of the information they're providing to others.",DietEnrichment,agree,"Editing the initial body of an answer to improve clarity and completeness is a refinement of knowledge contribution. This enhances the quality of the information provided, squarely aligning with DietEnrichment.","Both the Analyst and Critic concur that editing the initial body of the answer enhances clarity and completeness, which aligns with the DietEnrichment label as it improves the quality of the information provided.",0.95,0.0,False,full
so_session_3576,comment_39054884,2014-08-02 20:22:51.023000+02:00,COMMENT,Commented on: Javascript flood fill algorithm getting caught in an infinite loop | Comment: You're already tracking what you need. You just need to *check* it. See my answer below.,ForagingSuccess,ApproachingSource,"User is directing the original poster to check their answer below. This comment serves to guide the question asker to the solution and engage them with the specific answer post, representing continued engagement with the information source.",ForagingSuccess,disagree,"This comment directs the asker to the answer the user already posted. It is not seeking to understand the source—it is facilitating resolution. Since the user has already provided the solution (Event 5), this is a closing gesture of successful foraging, reinforcing ForagingSuccess rather than ApproachingSource.","The Analyst views this as ApproachingSource, but the Critic emphasizes that it directs the original poster to the user's answer, facilitating resolution. This aligns with ForagingSuccess as it reinforces the successful foraging process.",0.85,1.0,False,full
so_session_3576,comment_39054900,2014-08-02 20:24:00.477000+02:00,COMMENT,"Commented on: Javascript flood fill algorithm getting caught in an infinite loop | Comment: Without looking, if the flood fill algorithm on wikipedia was *changing* to the new color as it went along, this problem wouldn't occur. The next time you hit the same square, its color has changed an",DietEnrichment,DietEnrichment,"User is providing additional technical insight about color changing in flood fill algorithms, referencing Wikipedia's approach. This adds valuable context and comparative information that enriches the discussion and helps the original poster understand different approaches.",DietEnrichment,agree,"Referencing Wikipedia's flood fill behavior adds comparative context and deepens understanding. This is knowledge enrichment, not a critique or clarification request—clearly DietEnrichment.","Both the Analyst and Critic agree that this comment adds valuable context and technical insight, enhancing the discussion and fitting the DietEnrichment label as it contributes positively to the information environment.",0.85,0.0,False,full
so_session_3576,comment_39054927,2014-08-02 20:25:26.760000+02:00,COMMENT,"Commented on: Unable to typecast char to int. | Comment: If you need to subtract `48` to get from `'5'` to `5`, what would you have to do to go the other way?",DietEnrichment,DietEnrichment,User is providing a helpful hint about character to integer conversion by posing a thoughtful question that guides the original poster toward the solution. This represents knowledge sharing that adds value to the discussion without giving away the answer directly.,DietEnrichment,agree,"The comment poses a guiding question that leads the asker to self-discover the solution (char to int conversion). This is pedagogical knowledge contribution—enhancing the information environment by fostering understanding, not just giving an answer.","Both perspectives agree that the user is providing a guiding question that fosters understanding and encourages self-discovery, which aligns with the DietEnrichment label as it enhances the information environment.",0.9,0.0,False,full
so_session_3576,comment_39055353,2014-08-02 20:55:26.710000+02:00,COMMENT,"Commented on: Make the image to stretch over full html body in Bootstrap page | Comment: I didn't downvote, but I imagine it's the usual: where's your code? Linking to an external example can be helpful, but the relevant code should be here *first*. External code can change, go away, etc.",PoorScent,DietEnrichment,"User is providing constructive feedback about why a question might have been downvoted and offering helpful suggestions for improvement (showing code, linking to examples). This educates the original poster on better question practices and enriches the community norms.",PoorScent,disagree,"The comment explicitly interprets a downvote as likely due to poor question quality ('where's your code?') and implies the post is flawed. While framed constructively, the core signal is negative evaluation of the source's quality—exactly what PoorScent captures. It is not enriching the content; it's diagnosing its inadequacy. DietEnrichment requires adding/improving content, not critiquing its absence.","The Analyst sees this as DietEnrichment, but the Critic identifies a clear negative signal regarding the quality of the original question. The comment implies a critique of the post's quality, fitting the PoorScent label more accurately.",0.85,1.0,True,full
so_session_3607,comment_39230253,2014-08-07 23:20:55.847000+02:00,COMMENT,"Commented on: How to fix my code based off of feedback from mocha error | Comment: If a line of code is `if (1) {`, then `if` is at column 1, `(` is at column 4, etc. It is, literally, the count of characters in the line so far.",DietEnrichment,DietEnrichment,"The user is providing detailed technical clarification about character column counting in code, specifically explaining how to interpret column positions including whitespace. This adds valuable context and information to help the original poster understand the error feedback they received, enriching the information quality of the discussion.",,,,,0.9,0.0,False,analyst_only
so_session_3607,comment_39230482,2014-08-07 23:29:38.913000+02:00,COMMENT,"Commented on: How to fix my code based off of feedback from mocha error | Comment: Starts at 1, *does* include whitespace. `if (` - `(` is the 4th character in. Space is a character.",DietEnrichment,DietEnrichment,"The user continues to provide additional clarification about character counting, specifically confirming that counting starts at 1 and includes whitespace as characters. This further enriches the information environment by adding precision and clarity to the technical explanation being provided.",,,,,0.9,0.0,False,analyst_only
so_session_3607,comment_39231185,2014-08-07 23:57:43.660000+02:00,COMMENT,"Commented on: Writing pure code without using third-party header files | Comment: For special-purpose code that's specific to your projects and needs? Of course. But should you be rewriting general-purpose code with *years*, in fact *decades* of bug-fixes and optimization? That's i",DietEnrichment,DietEnrichment,"The user is offering advice and perspective about code reuse vs. rewriting general-purpose functionality. This constitutes knowledge sharing that enriches the discussion by providing broader context and best practice guidance, helping the original poster make more informed decisions about their coding approach.",,,,,0.85,0.0,False,analyst_only
so_session_3607,post_25193031,2014-08-08 00:04:25.377000+02:00,POST_ANSWER,"Posted answer to question bytearray(b'25192971') | Answer: <p>Give the rendering code time to run. Write a few rows, call <code>setInterval()</code> to let other code run, and continue:</p>  <pre><code>function renderLines(newdata) {   var len = newdata.lengt...",ForagingSuccess,ForagingSuccess,"The user posts a complete answer with code solution to a technical problem (rendering optimization using setInterval). This represents successful knowledge contribution where the user has found/created a solution to someone else's question, resolving an information need with a concrete implementation.",,,,,0.95,0.0,False,analyst_only
so_session_3607,edit_71015809,2014-08-08 00:04:25.377000+02:00,EDIT_INITIAL_BODY,"Edited post 25193031 | Change: Give the rendering code time to run. Write a few rows, call `setInterval()` to let other code run, and continue:
 
     function renderLines(newdata) {
       var len = newdata.length;
       var sofa",DietEnrichment,DietEnrichment,"The user is editing their own answer's initial body to improve the formatting, code presentation, and clarity. This self-editing behavior demonstrates refinement of their contribution to enhance information quality and readability, which enriches the overall value of the solution for future readers.",,,,,0.9,0.0,False,analyst_only
so_session_3732,comment_40939367,2014-09-30 15:08:11.837000+02:00,COMMENT,"Commented on: empty a <div> when a <textarea> is empty | Comment: Without seeing your HTML, or knowing what's in `pageData.IVRSendSMSBodyTextAreaVal`? Nope.",ApproachingSource,ApproachingSource,"User is commenting on a question asking for clarification ('Without seeing your HTML...'), which represents drilling into specific content to evaluate or extract more information rather than adding new knowledge or criticizing.",,,,,0.9,0.0,False,analyst_only
so_session_3732,comment_40939663,2014-09-30 15:15:24.840000+02:00,COMMENT,"Commented on: empty a <div> when a <textarea> is empty | Comment: Works fine, as far as it goes: http://codepen.io/paulroub/pen/ytHGx",DietEnrichment,DietEnrichment,"User provides a working code example (CodePen link) to demonstrate functionality, which adds valuable information and enriches the knowledge environment rather than just evaluating existing content.",,,,,0.85,0.0,False,analyst_only
so_session_3732,comment_40939840,2014-09-30 15:19:55.843000+02:00,COMMENT,"Commented on: select sqlite item to variable | Comment: You're logging the return value of `selectdata()`, which doesn't return anything. You're calling the `cb` callback function *from* `selectdata()`, but never passing a callback function *to* it, so `cb",DietEnrichment,DietEnrichment,"User explains a programming concept (callback functions and return values) to help clarify an issue, contributing knowledge and improving understanding rather than simply evaluating or criticizing.",,,,,0.85,0.0,False,analyst_only
so_session_3732,post_26122138,2014-09-30 15:30:36.083000+02:00,POST_ANSWER,"Posted answer to question bytearray(b'26121886') | Answer: <p>Set the <code>select</code> value to the value of the matching <code>option</code>:</p>  <pre><code>$("".shade_custom_option"").each(function (index, value) {   $(this).val( $(this).find('option[data...",ForagingSuccess,ForagingSuccess,"User posts an answer with a complete code solution to a question, representing the successful creation and sharing of knowledge that resolves an information need.",,,,,0.95,0.0,False,analyst_only
so_session_3732,edit_74579306,2014-09-30 15:30:36.083000+02:00,EDIT_INITIAL_BODY,"Edited post 26122138 | Change: Set the `select` value to the value of the matching `option`:
 
     $("".shade_custom_option"").each(function (index, value) {
       $(this).val( $(this).find('option[data-isnone=true]').val() );",DietEnrichment,DietEnrichment,"User edits their own answer to improve the formatting and clarity of the code example, which enhances the quality and usefulness of the information they contributed.",,,,,0.9,0.0,False,analyst_only
so_session_3732,edit_74581223,2014-09-30 15:53:27.363000+02:00,EDIT_BODY,"Edited post 26121160 | Edit reason: format | New content: `App\Config\Session.php`
 
 check for lifetime...
 
 you can also set...
 
     Cookie::make('name', 'value', 60); // 1 hr...",DietEnrichment,DietEnrichment,"User edits another post to improve formatting and add additional information (Cookie::make example), which enriches the information ecosystem by refining and enhancing existing content.",,,,,0.9,0.0,False,analyst_only
so_session_3739,comment_40993415,2014-10-01 23:08:24.007000+02:00,COMMENT,Commented on: parsing JSON returned from Google Maps API | Comment: `var place = mapResultsi];` should be `var place = mapResults[i];`,DietEnrichment,DietEnrichment,User is providing a correction to code syntax (fixing array index bracket notation). This is clearly adding value and improving the quality of information in the post by pointing out a specific error.,,,,,0.95,0.0,False,analyst_only
so_session_3739,comment_40993551,2014-10-01 23:13:46.637000+02:00,COMMENT,"Commented on: parsing JSON returned from Google Maps API | Comment: And you're missing a comma after `location: new google.maps.LatLng(queryLat, queryLong)`",DietEnrichment,DietEnrichment,User identifies another syntax error (missing comma in object definition) and provides the correction. This continues the pattern of enriching the information by improving code quality and accuracy.,,,,,0.95,0.0,False,analyst_only
so_session_3739,comment_40993915,2014-10-01 23:27:03.990000+02:00,COMMENT,"Commented on: parsing JSON returned from Google Maps API | Comment: You're using `jsonp` when you want `json` as your dataType. The Google API is returning a JSON string, not a function to be evaluated.",DietEnrichment,DietEnrichment,User identifies a fundamental API usage error (jsonp vs json dataType) and explains the difference. This provides educational value and improves the technical accuracy of the discussion.,,,,,0.95,0.0,False,analyst_only
so_session_3739,comment_40994148,2014-10-01 23:35:13.353000+02:00,COMMENT,"Commented on: parsing JSON returned from Google Maps API | Comment: Which is fine, if you're calling an API that's going to return JSONP.",DietEnrichment,DietEnrichment,"User provides additional context about when jsonp would be appropriate, further enriching the technical discussion and helping clarify the distinction between JSON and JSONP usage.",,,,,0.9,0.0,False,analyst_only
so_session_3739,post_26151079,2014-10-01 23:36:32.890000+02:00,POST_ANSWER,Posted answer to question bytearray(b'26150653') | Answer: <p>Three problems:</p>  <ol> <li>Telling <code>$.ajax()</code> to expect <code>jsonp</code> when you're calling a JSON-returning API</li> <li><code>var place = mapResultsi];</code> should be <code>var...,ForagingSuccess,ForagingSuccess,User posts a comprehensive answer that consolidates all the identified problems and solutions. This represents the successful culmination of their foraging - they have found/created a complete solution to the problem.,,,,,0.98,0.0,False,analyst_only
so_session_3739,edit_74688969,2014-10-01 23:36:32.890000+02:00,EDIT_INITIAL_BODY,"Edited post 26151079 | Change: Three problems:
 
 1. Telling `$.ajax()` to expect `jsonp` when you're calling a JSON-returning API
 2. `var place = mapResultsi];` should be `var place = mapResults[i];`
 3. missing a comma after `lo",DietEnrichment,DietEnrichment,"User edits their own answer to improve its formatting, structure, and clarity. This is a classic DietEnrichment activity - refining and improving the quality of information they contributed to the ecosystem.",,,,,0.97,0.0,False,analyst_only
so_session_3776,comment_41497244,2014-10-17 15:31:44.543000+02:00,COMMENT,"Commented on: Avoid !important in new css file | Comment: BrianHoover is right - if your media queries use the same selectors, but are loaded later, they'll ""win"".",DietEnrichment,DietEnrichment,User is providing additional technical clarification and supporting another user's answer (BrianHoover) by explaining why media queries loaded later would override previous styles. This contributes knowledge and enriches the information environment.,DietEnrichment,agree,"The comment provides a technical explanation that extends and supports an existing answer, clarifying the CSS cascade behavior. This adds value to the information ecosystem by deepening understanding, consistent with DietEnrichment.","Both the Analyst and Critic agree that the user is providing additional technical clarification that supports another user's answer, thereby enriching the information environment. The comment adds value by explaining CSS cascade behavior, which aligns with the DietEnrichment label.",0.95,0.0,False,full
so_session_3776,comment_41497415,2014-10-17 15:36:46.117000+02:00,COMMENT,"Commented on: Avoid !important in new css file | Comment: That would work well, yes.",ApproachingSource,DietEnrichment,"User is affirming and validating another user's proposed solution ('That would work well, yes'), which reinforces good information and encourages knowledge sharing in the community.",ApproachingSource,disagree,"The comment 'That would work well, yes' is not adding new information or improving content—it is merely affirming a prior answer. In IFT, such minimal validation signals engagement with the source to evaluate its adequacy, not enrich it. This aligns better with ApproachingSource as a form of low-effort information evaluation, not knowledge contribution.","The Analyst and Critic present differing views, but the Critic's perspective is more aligned with the definition of ApproachingSource. The comment is an affirmation of a previous answer without adding new information, indicating engagement with the source to evaluate its adequacy rather than enriching it. This aligns better with the user's intent to assess the information.",0.85,1.0,False,full
so_session_3776,comment_41497703,2014-10-17 15:44:33.690000+02:00,COMMENT,"Commented on: Position of text in responsive design | Comment: Should we imagine that this is a CSS `background-image`, or should we imagine that it's an `img` with `display: block`? Or should we imagine something else entirely? Please, please, please include the",ApproachingSource,ApproachingSource,"User is asking clarifying questions about a responsive design problem, seeking to understand the specific implementation details before providing guidance. This demonstrates engagement with the source content to evaluate and extract information.",ApproachingSource,agree,The comment explicitly seeks clarification on implementation details (background-image vs. img element) to better understand the problem context before offering guidance. This is classic ApproachingSource behavior: probing the source to evaluate its relevance and sufficiency.,"Both perspectives agree that the user is seeking clarification on implementation details, indicating engagement with the source content. This behavior is characteristic of ApproachingSource, where the user is probing for more information to evaluate its relevance before providing guidance.",0.85,0.0,False,full
so_session_3776,comment_41498307,2014-10-17 16:00:43.183000+02:00,COMMENT,"Commented on post 26426714 | Comment: You're appending the same field object twice, even though the attributes have changed. Create a new input element the second time around.",DietEnrichment,DietEnrichment,User is providing specific technical guidance by identifying a programming error (appending the same field object twice) and offering a solution (create a new input element). This adds valuable information to help solve the problem.,DietEnrichment,agree,"The comment identifies a specific programming error and provides a corrective solution, directly improving the quality and accuracy of the information available to others. This is a clear case of knowledge contribution and ecosystem enrichment.","The Analyst and Critic both recognize that the user is identifying a programming error and providing a solution, which directly contributes to improving the quality and accuracy of the information. This aligns well with the DietEnrichment label, as the comment adds valuable knowledge to the ecosystem.",0.95,0.0,False,full
so_session_3776,edit_75743212,2014-10-17 16:16:51.570000+02:00,EDIT_BODY,"Edited post: Javascript display based on Date | Edit reason: format | New content: I have a page that already has a call to an SQL database, and I want to display a div based on a condition on one of the entries. I can't quite get this to work for me though, and I'm struggling to fi...",DietEnrichment,DietEnrichment,"User is editing a post body to improve formatting, which enhances readability and information quality. This action directly contributes to improving the knowledge ecosystem by making content more accessible.",DietEnrichment,agree,"The edit improves formatting and clarity of a question, making it more accessible and professional. Even though the edit reason is minimal ('format'), the action enhances information quality—core to DietEnrichment. No evidence suggests this was a self-initiated question edit for foraging initiation; it's a refinement of existing content.","Both the Analyst and Critic agree that the user is improving the formatting of a post, which enhances readability and information quality. This action is consistent with the DietEnrichment label, as it contributes positively to the knowledge ecosystem by making content more accessible.",0.95,0.0,False,full
so_session_3833,post_26853250,2014-11-10 22:24:58.347000+01:00,POST_ANSWER,"Posted answer to question bytearray(b'26853169') | Answer: <p>You're trying to call the <code>text</code> value as a function (your JS console has probably complained about this).</p>  <p>Match against the regular expression, instead. <code>match[0]</code> wi...",ForagingSuccess,ForagingSuccess,"User posts an answer to a question, indicating they have found/created a solution to someone's problem. This represents successful knowledge contribution and resolution of an information need.",,,,,0.95,0.0,False,analyst_only
so_session_3833,edit_77376700,2014-11-10 22:24:58.347000+01:00,EDIT_INITIAL_BODY,"Edited post 26853250 | Change: You're trying to call the `text` value as a function (your JS console has probably complained about this).
 
 Match against the regular expression, instead. `match[0]` will contain the matched text:",DietEnrichment,DietEnrichment,User immediately edits their own answer to improve formatting and clarity. This is refining existing content to enhance information quality for others.,,,,,0.95,0.0,False,analyst_only
so_session_3833,edit_77377741,2014-11-10 22:42:55.887000+01:00,EDIT_BODY,"Edited post: PHP strpos multiple words | Edit reason: format | New content: My string is a long text with stuff in it...
 
 And I am trying to see if:
 
     [TD=""align: left""]'.$num.'[/TD] [TD=""align: left""][/TD]
 
 Is in it. `$num` is set a `$_GET` value which is a number....",DietEnrichment,DietEnrichment,User edits another post (PHP strpos multiple words) to improve formatting. This contributes to the overall quality of the information ecosystem.,,,,,0.9,0.0,False,analyst_only
so_session_3833,edit_77377820,2014-11-10 22:44:12.063000+01:00,EDIT_BODY,"Edited post: Continue after incorrect input for loop | Edit reason: inlined code in question, remove tag from title | New content: #include<stdio.h>
     #define M 6
     #define N 5
     
     
     int main(){
     
       int array[N][M];
       int i, j;
     
       for(i=0;i<N;i++){
         for(j=0;j<M;j++){...",DietEnrichment,DietEnrichment,User edits another question to inline code and improve formatting. This is clearly improving information quality and organization.,,,,,0.9,0.0,False,analyst_only
so_session_3833,edit_77377848,2014-11-10 22:44:12.063000+01:00,EDIT_TITLE,"Edited post: Continue after incorrect input for loop | Edit reason: inlined code in question, remove tag from title | New title: Continue after incorrect input for loop",DietEnrichment,DietEnrichment,User edits the title of a question to remove tags and improve clarity. This enhances the findability and quality of the post.,,,,,0.9,0.0,False,analyst_only
so_session_3833,post_26853709,2014-11-10 22:55:03.873000+01:00,POST_ANSWER,"Posted answer to question bytearray(b'26853633') | Answer: <p>You're (not-quite-)declaring functions in the middle of main, instead of calling them. For instance, when you say:</p>  <pre><code>char lowercase( char &amp;stringToLower );  //function to count nu...",ForagingSuccess,ForagingSuccess,"User posts another answer to a different question, providing a solution to someone's programming problem. This represents successful knowledge contribution.",,,,,0.95,0.0,False,analyst_only
so_session_3833,edit_77378479,2014-11-10 22:55:03.873000+01:00,EDIT_INITIAL_BODY,"Edited post 26853709 | Change: You're (not-quite-)declaring functions in the middle of main, instead of calling them. For instance, when you say:
 
     char lowercase( char &stringToLower );
  
     //function to count number of w",DietEnrichment,DietEnrichment,User immediately edits their own answer to improve formatting and clarity. This refines the information quality of their contribution.,,,,,0.95,0.0,False,analyst_only
so_session_3833,comment_42269959,2014-11-10 22:56:00.497000+01:00,COMMENT,"Commented on post 26853250 | Comment: `document.getElementById(""ebc"").value = option;`",DietEnrichment,DietEnrichment,User comments on their own answer to provide additional code or clarification. This adds context and improves the information value of their answer.,,,,,0.85,0.0,False,analyst_only
so_session_3833,post_26853761,2014-11-10 22:58:59.580000+01:00,POST_ANSWER,"Posted answer to question bytearray(b'26853711') | Answer: <p>You're checking the status of the menu only once, not on each click. Turn things inside out:</p>  <pre><code>var main = function() {   $('.icon-menu').click(function() {      if ($('.menu').css('to...",ForagingSuccess,ForagingSuccess,"User posts a third answer to another question, providing a JavaScript solution. This continues the pattern of successful knowledge contribution.",,,,,0.95,0.0,False,analyst_only
so_session_3833,edit_77378680,2014-11-10 22:58:59.580000+01:00,EDIT_INITIAL_BODY,"Edited post 26853761 | Change: You're checking the status of the menu only once, not on each click. Turn things inside out:
 
     var main = function() {
       $('.icon-menu').click(function() {
 
         if ($('.menu').css('top",DietEnrichment,DietEnrichment,User immediately edits their new answer to improve formatting and code presentation. This enhances the quality and readability of their solution.,,,,,0.95,0.0,False,analyst_only
so_session_3833,post_26853914,2014-11-10 23:08:38.323000+01:00,POST_ANSWER,"Posted answer to question bytearray(b'26853809') | Answer: <p>To call <code>getElementById()</code> (it's singular), you need an <code>id</code> on the <code>table</code>. Then use the <em>value</em> of <code>bordernumber</code>, not the <em>string</em> <code...",ForagingSuccess,ForagingSuccess,"User posts a fourth answer to another question, providing guidance on getElementById usage. This represents continued successful knowledge contribution.",,,,,0.95,0.0,False,analyst_only
so_session_3833,edit_77379244,2014-11-10 23:08:38.323000+01:00,EDIT_INITIAL_BODY,"Edited post 26853914 | Change: To call `getElementById()` (it's singular), you need an `id` on the `table`. Then use the *value* of `bordernumber`, not the *string* `""bordernumber""`:
 
 <!-- begin snippet: js hide: false -->
 
 <!-",DietEnrichment,DietEnrichment,User immediately edits their latest answer to improve formatting and add code examples. This enriches the information quality of their contribution.,,,,,0.95,0.0,False,analyst_only
so_session_3833,comment_42270367,2014-11-10 23:10:49.393000+01:00,COMMENT,"Commented on post 26853761 | Comment: True (although `.on()` is needlessly expensive if the target *won't* be modified). Either way, tangential to the problem at hand.",DietEnrichment,DietEnrichment,User comments on their own answer to provide additional technical context about performance considerations. This adds valuable information to the discussion.,,,,,0.85,0.0,False,analyst_only
so_session_3833,comment_42270464,2014-11-10 23:14:39.370000+01:00,COMMENT,Commented on post 26853709 | Comment: Because `char uppercase( char &stringToUpper);` isn't valid C no matter *where* it's placed in the file.,DietEnrichment,DietEnrichment,User comments on another answer to provide technical clarification about C syntax validity. This contributes additional expertise and context to the discussion.,,,,,0.85,0.0,False,analyst_only
so_session_3846,post_26920636,2014-11-14 00:50:35.507000+01:00,POST_ANSWER,"Posted answer to question bytearray(b'26920591') | Answer: <p>You're floating the column (containing all three components), but not the components themselves. </p>  <p>Also, 33.3% widths plus 10px (either side) margins on each element will almost certainly ex...",ForagingSuccess,ForagingSuccess,"User posts an answer to a question, indicating they have found/created a solution to someone's problem. This represents successful knowledge contribution and resolution of an information need.",,,,,0.95,0.0,False,analyst_only
so_session_3846,edit_77630146,2014-11-14 00:50:35.507000+01:00,EDIT_INITIAL_BODY,"Edited post 26920636 | Change: You're floating the column (containing all three components), but not the components themselves. 
 
 Also, 33.3% widths plus 10px (either side) margins on each element will almost certainly exceed 100",DietEnrichment,DietEnrichment,"User immediately edits their initial answer body to improve the quality, formatting, or clarity of their contribution. This enriches the information environment by refining the knowledge shared.",,,,,0.9,0.0,False,analyst_only
so_session_3846,post_26920678,2014-11-14 00:55:45.170000+01:00,POST_ANSWER,"Posted answer to question bytearray(b'26920645') | Answer: <p><code>erase()</code> takes a starting position and a length. That is, numbers.  You're passing the <em>characters</em> at those points.  So if the string is:</p>  <pre><code>""  foo"" </code></pre>...",ForagingSuccess,ForagingSuccess,"User posts another answer to a different question, again demonstrating successful knowledge contribution and solution-finding. This continues the pattern of providing helpful information to others.",,,,,0.95,0.0,False,analyst_only
so_session_3846,edit_77630308,2014-11-14 00:55:45.170000+01:00,EDIT_INITIAL_BODY,"Edited post 26920678 | Change: `erase()` takes a starting position and a length. That is, numbers.  You're passing the *characters* at those points.  So if the string is:
 
     ""  foo""
 
 you're basically saying:
 
     classes.er",DietEnrichment,DietEnrichment,User edits the initial body of their second answer to improve formatting and clarity. This further enriches the information ecosystem by refining their knowledge contribution.,,,,,0.9,0.0,False,analyst_only
so_session_3846,edit_77630336,2014-11-14 00:57:04.290000+01:00,EDIT_BODY,"Edited post: Out of Range Error with for statement | Edit reason: format, remove greeting and thanks. | New content: I'm trying to trim the whitespace from the front of my string (classes). For some reason everytime I run the code I get an error message kicked back and I have no idea how to fix it.
 
 
     void for...",DietEnrichment,DietEnrichment,User edits a post (likely their own question based on content) to improve formatting and remove unnecessary elements like greetings and thanks. This improves the quality and focus of the information in the ecosystem.,,,,,0.85,0.0,False,analyst_only
so_session_3850,comment_42415298,2014-11-14 18:20:39.123000+01:00,COMMENT,"Commented on: sort using struct and pointers | Comment: That error seems odd from a C compiler, but would make sense if you were compiling this (C) code as C++.",ApproachingSource,ApproachingSource,"User is commenting on a post to provide clarification about a compiler error, engaging with specific content to evaluate and explain the information. This represents investigating a source rather than initiating search or enriching content.",,,,,0.9,0.0,False,analyst_only
so_session_3850,comment_42415342,2014-11-14 18:22:15.573000+01:00,COMMENT,"Commented on: sort using struct and pointers | Comment: Fixing the typo @BLUEPIXY noted, and compiling as C, all seems fine: https://ideone.com/yBWcKt",DietEnrichment,DietEnrichment,User provides additional information by noting a typo fix and sharing an ideone link with working code. This contributes knowledge and improves the information quality of the discussion.,,,,,0.95,0.0,False,analyst_only
so_session_3850,edit_77689013,2014-11-14 18:48:07.843000+01:00,EDIT_BODY,"Edited post: String Comparison not working in Java | Edit reason: format | New content: Here is my code : Why is the `if ((rs.getString(""order_status"")) != ordstat)` not working?
 
 
     String sql = ""select order_id, order_dt, order_status, prod_name from orders where user_id = '""+user...",DietEnrichment,DietEnrichment,"User edits the body of a post to improve formatting, which enhances readability and information quality. This is a clear case of enriching the information environment.",,,,,0.98,0.0,False,analyst_only
so_session_3850,edit_77689180,2014-11-14 18:48:07.843000+01:00,EDIT_TITLE,Edited post: String Comparison not working in Java | Edit reason: format | New title: String checks not working,DietEnrichment,DietEnrichment,User edits the title of a post to make it more accurate/descriptive ('String checks not working' instead of 'String Comparison not working'). This improves the post's findability and clarity.,,,,,0.98,0.0,False,analyst_only
so_session_3850,edit_77689181,2014-11-14 18:48:07.843000+01:00,EDIT_TAGS,Edited post: String Comparison not working in Java | Edit reason: format | Tags: |java|html|mysql|jdbc|,DietEnrichment,DietEnrichment,"User edits tags to better categorize the post (adding java, html, mysql, jdbc). This improves information organization and helps other users find relevant content.",,,,,0.98,0.0,False,analyst_only
so_session_3850,comment_42416402,2014-11-14 18:57:23.487000+01:00,COMMENT,Commented on: Proper way to access array members as a different type? | Comment: How do you know which elements are of which types? And can you show us the casting attempt? It seems the most sensible approach if they really have to be a single array.,ApproachingSource,ApproachingSource,User asks clarifying questions about array member types and requests to see casting attempts. This represents engaging with a specific post to investigate and evaluate the information being discussed.,,,,,0.9,0.0,False,analyst_only
so_session_3904,post_27404487,2014-12-10 16:15:00.913000+01:00,POST_ANSWER,Posted answer to question bytearray(b'27404421') | Answer: <p>This is what CSS media queries are for. Add this at the end of (or after) your existing CSS:</p>  <pre><code>@media screen and (max-width: 999px) {   #Hagin {     font-family: Sans;    } } </code><...,ForagingSuccess,ForagingSuccess,User posts an answer providing a CSS media query solution to a question. This represents successful knowledge contribution where the user has found/created a solution to someone else's problem.,,,,,0.95,0.0,False,analyst_only
so_session_3904,edit_79485969,2014-12-10 16:15:00.913000+01:00,EDIT_INITIAL_BODY,"Edited post 27404487 | Change: This is what CSS media queries are for. Add this at the end of (or after) your existing CSS:
 
     @media screen and (max-width: 999px) {
       #Hagin {
         font-family: Sans; 
       }
     }",DietEnrichment,DietEnrichment,User immediately edits their own answer to improve formatting and content quality. This is a clear case of refining and improving information in the ecosystem.,,,,,0.95,0.0,False,analyst_only
so_session_3904,edit_79486722,2014-12-10 16:25:02.613000+01:00,EDIT_BODY,"Edited post 27404316 | Edit reason: added 16 characters in body | New content: Change:
 
     nativeEditText.SetBackgroundResource(Resource.Drawable.text_box);
 
 To:
 
     nativeEditText.SetBackgroundDrawable(Ressource.GetDrawable(global::Android.Resource.Drawable.EditText));...",DietEnrichment,DietEnrichment,User edits another post (27404316) to improve code formatting and content. This demonstrates active contribution to improving the quality of information on the platform.,,,,,0.9,0.0,False,analyst_only
so_session_3904,comment_43254251,2014-12-10 16:31:13.507000+01:00,COMMENT,"Commented on post 27404487 | Comment: For ""anything""? Sure, probably. For changing fonts, size, visibility, position based on screen size? Nope.",DietEnrichment,DietEnrichment,User comments on their own answer to provide additional clarification and context about the limitations of their solution. This adds valuable information to the discussion.,,,,,0.85,0.0,False,analyst_only
so_session_3904,post_27404959,2014-12-10 16:38:14.723000+01:00,POST_ANSWER,"Posted answer to question bytearray(b'27404865') | Answer: <p>You're losing the original value of <code>tokens</code> (the thing you need to free) by incrementing it; then you set it to <code>NULL</code>, then try to free <code>NULL</code>.</p>  <p>Instead:</...",ForagingSuccess,ForagingSuccess,"User posts another answer, this time addressing a memory management issue in C code. This represents another successful knowledge contribution where the user provides a solution.",,,,,0.95,0.0,False,analyst_only
so_session_3904,edit_79487810,2014-12-10 16:38:14.723000+01:00,EDIT_INITIAL_BODY,"Edited post 27404959 | Change: You're losing the original value of `tokens` (the thing you need to free) by incrementing it; then you set it to `NULL`, then try to free `NULL`.
 
 Instead:
 
     void freeTokens(char** tokens)",DietEnrichment,DietEnrichment,User immediately edits their second answer to improve code formatting and explanation. This continues the pattern of refining and enriching the information quality of their contributions.,,,,,0.9,0.0,False,analyst_only
so_session_3921,comment_43501277,2014-12-18 00:03:45.790000+01:00,COMMENT,Commented on: jquery pqgrid syntax error - missing semicolon | Comment: `obj.dataModel:` should be `obj.dataModel = `,DietEnrichment,DietEnrichment,User provides a specific syntax correction to help improve the question's code quality. This is a knowledge contribution that enriches the information environment by fixing an error in the post.,,,,,0.9,0.0,False,analyst_only
so_session_3921,post_27536595,2014-12-18 00:15:00.787000+01:00,POST_ANSWER,"Posted answer to question bytearray(b'27536536') | Answer: <p>In your current regex, you're not looking for <em>any</em> of those things - you're looking for all three in a row.</p>  <p>Also, <code>\D</code> doesn't mean ""non-hyphen"", it means ""not a digit""....",ForagingSuccess,ForagingSuccess,"User posts an answer to a question, providing a solution to a regex problem. This represents successful knowledge contribution where the user found/created a solution to an information need.",,,,,0.95,0.0,False,analyst_only
so_session_3921,edit_79996770,2014-12-18 00:15:00.787000+01:00,EDIT_INITIAL_BODY,"Edited post 27536595 | Change: In your current regex, you're not looking for *any* of those things - you're looking for all three in a row.
 
 Also, `\D` doesn't mean ""non-hyphen"", it means ""not a digit"".  
 
 You want to search fo",DietEnrichment,DietEnrichment,User immediately edits their own answer to improve its clarity and accuracy. This is a refinement of existing content that enriches the information quality of their contribution.,,,,,0.95,0.0,False,analyst_only
so_session_3921,comment_43501860,2014-12-18 00:33:19.260000+01:00,COMMENT,"Commented on: jquery pqgrid syntax error - missing semicolon | Comment: Not seeing any errors in the (slightly-reformatted) version of the edited code, here: http://codepen.io/paulroub/pen/PwzpzW.",ApproachingSource,ApproachingSource,User engages with a specific question by providing feedback on code formatting and sharing a working example. This demonstrates investigation and evaluation of the original problem to help clarify the issue.,,,,,0.85,0.0,False,analyst_only
so_session_3921,comment_43502296,2014-12-18 00:57:27.830000+01:00,COMMENT,"Commented on: copying value of void pointer C | Comment: Surprising that it ever worked; not surprising that it might fail in different ways. You're copying into the space pointed to by `temp`. `temp == NULL`, so that's unlikely to work out well.",DietEnrichment,DietEnrichment,"User provides technical analysis and explanation of why code might fail, adding valuable context and knowledge to the discussion. This contributes to enriching the information environment with expert insight.",,,,,0.9,0.0,False,analyst_only
so_session_4099,post_23161655,2014-04-18 22:18:15.283000+02:00,POST_QUESTION,"Posted question: photo & caption layout issue | Body: <p>When <a href=""http://cakefacemakeup.ie/"" rel=""nofollow noreferrer"">this page</a> is displayed in a narrow browser window, a problem arises with the display of the photo captions at the bottom of th...",FollowingScent,FollowingScent,"User initiates information foraging by posting a question about a specific CSS/HTML layout issue. This represents clear intent to seek solutions to a technical problem, which is the primary foraging initiation mechanism on Stack Overflow.",,,,,0.95,0.0,False,analyst_only
so_session_4099,edit_63216050,2014-04-18 22:18:15.283000+02:00,EDIT_INITIAL_BODY,"Edited post: photo & caption layout issue | Change: When [this page][1] is displayed in a narrow browser window, a problem arises with the display of the photo captions at the bottom of the page, e.g.
 
 ![enter image description here][2]
 
 As you can",DietEnrichment,DietEnrichment,User immediately edits the initial body of their question to improve formatting and clarity (converting URL to proper markdown link). This enriches the information environment by making the question more readable and actionable for potential answerers.,,,,,0.9,0.0,False,analyst_only
so_session_4099,edit_63216051,2014-04-18 22:18:15.283000+02:00,EDIT_INITIAL_TITLE,Edited post: photo & caption layout issue | Change: photo & caption layout issue,DietEnrichment,DietEnrichment,"User edits the initial title to refine the question's subject. This improves the information quality and helps the question be more easily discovered by others with similar issues, contributing to the overall knowledge ecosystem.",,,,,0.9,0.0,False,analyst_only
so_session_4099,edit_63216052,2014-04-18 22:18:15.283000+02:00,EDIT_POST_TAGS,Edited post: photo & caption layout issue | Tags: |html|css|,DietEnrichment,DietEnrichment,"User adds appropriate tags (html, css) to categorize their question. This improves information organization and helps route the question to relevant experts, enhancing the foraging environment for both seeker and potential providers.",,,,,0.9,0.0,False,analyst_only
so_session_4099,comment_35419316,2014-04-18 22:24:33.853000+02:00,COMMENT,Commented on: photo & caption layout issue | Comment: Faust I included a link to the page so that all the styles could be inspected,DietEnrichment,DietEnrichment,"User adds a clarifying comment explaining why they included a live page link ('so that all the styles could be inspected'). This provides additional context and rationale, enriching the information available to potential answerers and improving the question's overall quality.",,,,,0.85,0.0,False,analyst_only
so_session_4120,post_23280373,2014-04-24 23:38:51.573000+02:00,POST_ANSWER,"Posted answer to question bytearray(b'23279897') | Answer: <p>In practical terms, I don't see much difference between these two. I would be inclined to use</p> <pre><code>def user = springSecurityService.currentUser </code></pre> <p>Because it's slightly shor...",ForagingSuccess,ForagingSuccess,"User posts an answer to a question, indicating they have found or created a solution to an information need. This represents successful knowledge contribution where the user is providing a helpful response to someone else's question.",ForagingSuccess,agree,"POST_ANSWER is a canonical indicator of ForagingSuccess under IFT in Stack Overflow: the user has resolved an information need by contributing a solution. The answer, while brief, is directed at solving the posed question, fulfilling the definition of successful knowledge contribution.","Both the Analyst and Critic agree that the action of posting an answer indicates the user has resolved an information need by contributing a solution. This aligns with the definition of ForagingSuccess in IFT, as the user is providing a helpful response to a question.",0.95,0.0,False,full
so_session_4120,edit_63656870,2014-04-24 23:38:51.573000+02:00,EDIT_INITIAL_BODY,"Edited post 23280373 | Change: In practical terms, I don't see much difference between these two. I would be inclined to use
 
     def user = springSecurityService.currentUser
 
 Because it's slightly shorter that the other form,",DietEnrichment,DietEnrichment,"User immediately edits their own answer's body content to improve the quality, clarity, or accuracy of their contribution. This enriches the information environment by refining the knowledge being shared.",DietEnrichment,agree,EDIT_INITIAL_BODY is a deliberate refinement of the user's own contribution to improve clarity and accuracy. This is a core instance of DietEnrichment — enhancing the information ecosystem by polishing the quality of shared knowledge.,"The Analyst and Critic both recognize that the user is refining their own answer to improve its quality and clarity. This action enriches the information environment, which is consistent with the DietEnrichment label. The high confidence scores from both perspectives support this conclusion.",0.94,0.0,False,full
so_session_4120,comment_35632916,2014-04-24 23:44:11.650000+02:00,COMMENT,"Commented on post 23280117 | Comment: I don't understand how this can be true ""currentUser will *always* return the domain instance of the currently logged in user"" given that a `User` domain class might not exist, i.e. if you have a cust",ApproachingSource,ApproachingSource,User comments on another post asking for clarification and pointing out a potential contradiction in the existing information. This represents approaching a source to evaluate its validity and seek more details about the content.,ApproachingSource,agree,"The comment challenges a claim in the post, asking for clarification on a perceived contradiction. This is not a critique of quality (which would be PoorScent) but an investigative move to evaluate the validity of the information — classic ApproachingSource behavior.","The comment seeks clarification on a potential contradiction in the existing information, which aligns with the ApproachingSource label. Both the Analyst and Critic agree on this interpretation, emphasizing the user's investigative intent rather than a critique of quality.",0.88,0.0,False,full
so_session_4120,comment_35633027,2014-04-24 23:48:36.803000+02:00,COMMENT,"Commented on post 23280117 | Comment: But obviously this is just talking about the case where *is* a user domain class. If there is no user domain class, then obviously this method can't return an instance of it.",DietEnrichment,DietEnrichment,"User provides additional context and clarification in a follow-up comment, adding valuable information that helps explain the limitations or specific conditions of the previous statement. This enriches the discussion with nuanced understanding.",DietEnrichment,agree,"The follow-up comment adds contextual nuance about the limitations of the method when no User domain class exists. This expands the understanding of the original claim, enriching the collective knowledge — not criticizing it. Thus, DietEnrichment is correct.","The user adds valuable context and clarification in their follow-up comment, which enriches the discussion. Both the Analyst and Critic support this label, indicating that the comment enhances the collective knowledge rather than criticizing it.",0.88,0.0,False,full
so_session_4120,edit_63658246,2014-04-25 00:05:45.407000+02:00,EDIT_BODY,"Edited post: Grails - Interface rather than abstract class | Edit reason: deleted 6 characters in body | New content: I want to include ""created"" and ""modified"" fields in all of my domain classes and would like to embrace the DRY principle if possible. I don't want to extend each class as I cannot do that for a secon...",DietEnrichment,DietEnrichment,"User edits the body of a different post (likely a question) to improve its quality, clarity, or formatting. This action directly enriches the information environment by making content more accessible and useful to others.",DietEnrichment,agree,"Even minor edits (e.g., deleting 6 characters) that improve clarity, grammar, or formatting of a post qualify as DietEnrichment under IFT. The goal is to enhance the information environment, which this edit does by making the question more readable and precise.","The action of editing the body of a post to improve clarity and formatting is recognized by both the Analyst and Critic as a form of DietEnrichment. Even minor edits contribute to enhancing the information environment, which is consistent with the label's definition.",0.9,0.0,False,full
so_session_4120,comment_35633497,2014-04-25 00:06:22.107000+02:00,COMMENT,Commented on: Grails - Interface rather than abstract class | Comment: dmahapatro you should make this an answer,FollowingScent,DietEnrichment,"User suggests that another contributor should convert their comment into a formal answer, which helps organize and elevate valuable information within the platform's structure. This encourages better information organization and accessibility.",FollowingScent,disagree,"The comment 'you should make this an answer' is not enriching content — it is an action to redirect information seeking behavior. The user is signaling that a valuable insight (currently in a comment) should be elevated to a formal answer, which implies they are still seeking a resolved, structured solution. This is an initiation of a new foraging intent: to improve the information structure by prompting a formal answer. It is not DietEnrichment because the user is not adding or editing content ","There is a disagreement between the Analyst and Critic regarding this comment. While the Analyst views it as DietEnrichment, the Critic argues it is a signal to redirect information-seeking behavior, which aligns more closely with FollowingScent. Given the context of suggesting a formal answer, FollowingScent is more appropriate.",0.8,1.0,True,full
so_session_4257,post_25031251,2014-07-30 09:40:12.257000+02:00,POST_QUESTION,Posted question: generate histogram from database | Body: <p>In a MySQL database there's a table with a single numeric <code>value</code> column. I want to plot the distribution of these values as a bar chart/histogram with the following requirements: </p>...,FollowingScent,FollowingScent,User initiates knowledge-seeking by posting a question about generating histograms from a database. This shows clear intent to find information and represents primary foraging initiation.,FollowingScent,agree,The user initiates a clear knowledge-seeking behavior by posting a specific technical question about generating histograms from MySQL. This is a canonical example of primary foraging initiation in IFT.,"Both the Analyst and Critic agree that the user is initiating a knowledge-seeking action by posting a question about generating histograms from a database. This clearly indicates intent to find information, aligning with the definition of FollowingScent.",0.95,0.0,False,full
so_session_4257,edit_70408818,2014-07-30 09:40:12.257000+02:00,EDIT_INITIAL_BODY,"Edited post: generate histogram from database | Change: In a MySQL database there's a table with a single numeric `value` column. I want to plot the distribution of these values as a bar chart/histogram with the following requirements: 
 
  - there should",DietEnrichment,DietEnrichment,User edits the initial body of their question to improve clarity and formatting. This contributes to the information environment by refining content quality.,DietEnrichment,agree,"Editing the initial body to improve clarity and formatting directly enhances the quality of the information artifact. This is a core DietEnrichment act, even if self-initiated.","Both perspectives recognize that the user is improving the clarity and formatting of their question. This act of refinement contributes to the overall quality of the information, consistent with the DietEnrichment label.",0.9,0.0,False,full
so_session_4257,edit_70408819,2014-07-30 09:40:12.257000+02:00,EDIT_INITIAL_TITLE,Edited post: generate histogram from database | Change: generate frequency distribution from SQL,DietEnrichment,DietEnrichment,User edits the initial title to better reflect the question's content ('generate frequency distribution from SQL'). This improves information accuracy and discoverability.,DietEnrichment,agree,"Refining the title to better reflect content ('generate frequency distribution from SQL') improves discoverability and semantic accuracy, aligning with DietEnrichment's goal of ecosystem enrichment.","The Analyst and Critic both agree that the user is refining the title to better reflect the content of the question. This enhances information accuracy and discoverability, fitting the DietEnrichment definition.",0.9,0.0,False,full
so_session_4257,edit_70408820,2014-07-30 09:40:12.257000+02:00,EDIT_POST_TAGS,Edited post: generate histogram from database | Tags: |java|sql|groovy|language-agnostic|histogram|,DietEnrichment,DietEnrichment,"User adds relevant tags (java, sql, groovy, etc.) to categorize their question properly. This enriches the information ecosystem by improving content organization.",DietEnrichment,agree,"Adding relevant tags (java, sql, groovy, etc.) improves categorization and information architecture. This is a well-established form of DietEnrichment in SO's collaborative knowledge ecosystem.","Both the Analyst and Critic concur that adding relevant tags improves the categorization and organization of the question. This act enriches the information ecosystem, aligning with the DietEnrichment label.",0.9,0.0,False,full
so_session_4257,comment_38929322,2014-07-30 09:50:57.600000+02:00,COMMENT,Commented on: generate histogram from database | Comment: MikeW I wish you could too :) I'm beginning to wonder if this more of a stats/math problem than a programming problem,PoorScent,ApproachingSource,User comments on their own question to clarify their thinking process and seek more details ('wonder if this more of a stats/math problem'). This shows engagement with the source to evaluate information.,PoorScent,disagree,"The comment expresses doubt about whether the problem is even a programming problem, implying the question may be ill-posed or off-topic. This is a negative evaluation of the information's validity or relevance — not an attempt to approach the source for clarification, but a meta-critique of the question's framing. This fits PoorScent better than ApproachingSource.","The Critic's perspective highlights that the comment expresses doubt about the nature of the problem, indicating a negative evaluation of the question's validity. This aligns with the PoorScent label, while the Analyst's view of ApproachingSource is less fitting given the context.",0.85,1.0,True,full
so_session_4257,edit_70409921,2014-07-30 09:55:48.413000+02:00,EDIT_TITLE,Edited post: generate histogram from database | Edit reason: edited title | New title: generate histogram from database,DietEnrichment,DietEnrichment,User edits the title back to 'generate histogram from database' after previously changing it. This refinement improves the question's clarity and represents ongoing improvement of information quality.,DietEnrichment,disagree,"The label is correct, but the reasoning is misleading. The edit reverts the title to a more accurate or commonly used phrase ('generate histogram from database'), which is still an improvement. However, this is not a refinement of 'ongoing improvement' — it's a correction of a prior over-optimization. Still, it qualifies as DietEnrichment because it improves accuracy.","Both perspectives agree that the user is making a correction to the title, which improves clarity. This act represents a refinement of the information quality, consistent with the DietEnrichment label.",0.85,0.0,False,full
so_session_4257,edit_70410063,2014-07-30 09:55:48.413000+02:00,EDIT_BODY,"Edited post: generate histogram from database | Edit reason: edited title | New content: In a MySQL database there's a table with a single numeric `value` column. I want to plot the distribution of these values as a bar chart/histogram with the following requirements: 
 
  - there should...",DietEnrichment,DietEnrichment,"User edits the body content of their question, continuing to refine and improve the information presentation. This contributes to better information quality in the ecosystem.",DietEnrichment,agree,Continued refinement of the question body to improve clarity and completeness is a textbook DietEnrichment behavior. The intent is clearly to enhance the information artifact for future readers.,"The Analyst and Critic both agree that the user is refining the body of their question to enhance clarity and completeness. This ongoing improvement contributes positively to the information environment, fitting the DietEnrichment label.",0.85,0.0,False,full
so_session_4257,edit_70411579,2014-07-30 10:25:15.927000+02:00,EDIT_BODY,"Edited post: groovy and jdbc connection with Jaspersoft Studio | Edit reason: deleted 153 characters in body | New content: I try to use groovy for my report to connect a subdataset to an Oracle database.
 
 -> In report > properties> language : groovy
 
 -> in my dataset i choose ""use an other connection"" with the express...",DietEnrichment,DietEnrichment,User edits a different post (about groovy and jdbc connection) by deleting characters from the body. This shows contribution to improving content quality across the platform.,DietEnrichment,disagree,"The label is correct, but the context is problematic. This edit is on a *different* post (about Groovy/JDBC), which suggests the user is now acting as a community editor, not just improving their own question. This is still DietEnrichment — but the Analyst's reasoning fails to note the shift in scope. The label is valid, but the justification should acknowledge cross-post contribution.","The Analyst's reasoning about improving content quality is supported by the Critic's agreement. Although the edit is on a different post, it still contributes to the overall quality of the information ecosystem, justifying the DietEnrichment label.",0.8,0.0,False,full
so_session_4257,comment_38930666,2014-07-30 10:32:30.133000+02:00,COMMENT,"Commented on: ""Unable to resolve class RemoteControl"" with grails 2.3.7 and RemoteControl plugin | Comment: have you tried running `grails compile` ?",DietEnrichment,DietEnrichment,User comments on another post ('Unable to resolve class RemoteControl') providing helpful troubleshooting advice ('have you tried running grails compile'). This adds valuable information to the ecosystem.,DietEnrichment,agree,"Providing a specific, actionable troubleshooting suggestion ('grails compile') directly enriches the answer's utility. This is a clear case of knowledge contribution that improves the ecosystem.","Both the Analyst and Critic agree that the user is providing helpful troubleshooting advice, which adds value to the information ecosystem. This aligns well with the DietEnrichment label.",0.85,0.0,False,full
so_session_4257,comment_38931367,2014-07-30 10:52:36.943000+02:00,COMMENT,"Commented on post 25032387 | Comment: Presumably this doesn't handle the requirement for the bars (intervals) to have their upper and lower bounds at round numbers? Also, it seems that the groovy one-liner to adjust the width of each bar",PoorScent,ApproachingSource,User comments on post 25032387 (presumably an answer to their histogram question) asking for clarification about interval bounds and groovy implementation. This shows engagement with a specific source to evaluate information quality.,PoorScent,disagree,"The comment questions whether the proposed solution (likely an answer) handles key requirements (round number bounds) and implies the Groovy implementation is flawed or incomplete. This is not neutral inquiry — it's a critique of the solution's adequacy. This constitutes a negative evaluation of information quality, fitting PoorScent. ApproachingSource implies neutral or constructive exploration, which this is not.","The Critic's perspective indicates that the comment questions the adequacy of a proposed solution, suggesting a negative evaluation of the information. This aligns with the PoorScent label, while the Analyst's view of ApproachingSource is less fitting given the critical nature of the comment.",0.87,1.0,True,full
so_session_4257,comment_38932053,2014-07-30 11:12:13.403000+02:00,COMMENT,Commented on post 25032387 | Comment: it's OK if the 0th bar starts before the min and/or the last bar ends after the max - I'll add this info to my post,DietEnrichment,ApproachingSource,"User continues engagement with post 25032387, providing feedback about bar positioning requirements and indicating they'll update their question. This shows ongoing evaluation of the information source.",DietEnrichment,disagree,The user is not evaluating the source — they are incorporating feedback into their own question by stating they'll update it. This is a self-directed improvement based on external input. This is DietEnrichment: the user is refining their own post to better reflect the discussion and improve future clarity. It's not ApproachingSource because they're not probing the answer — they're adapting their question.,The Analyst's view of the user incorporating feedback into their own question aligns with the Critic's perspective that this is a self-directed improvement. This act of refining the question based on external input fits the DietEnrichment label.,0.85,1.0,False,full
so_session_4257,edit_70414877,2014-07-30 11:13:10.323000+02:00,EDIT_BODY,"Edited post: generate histogram from database | Edit reason: added 166 characters in body | New content: In a MySQL database there's a table with a single numeric `value` column. I want to plot the distribution of these values as a bar chart/histogram with the following requirements: 
 
  - there should...",DietEnrichment,DietEnrichment,"User edits their original question body to add 166 characters, likely incorporating insights from the discussion. This enriches the information environment by improving the question's completeness.",DietEnrichment,agree,Adding 166 characters to incorporate insights from the discussion demonstrates iterative improvement of the question based on community feedback. This is a hallmark of DietEnrichment — enhancing the information artifact through collaborative refinement.,"Both the Analyst and Critic agree that the user is enhancing their original question by adding content based on community feedback. This iterative improvement is a hallmark of DietEnrichment, justifying the label.",0.9,0.0,False,full
